metric_code,months,mean_cv_pct,min_cv_pct,max_cv_pct,mean_max_over_min,label
TRANSPORT_WATER_NGN_PER_JOURNEY,15,67.79815340430066,61.95265564827165,70.26600376856952,7.916649598565731,Water transport (NGN)
TRANSPORT_OKADA_NGN_PER_JOURNEY,15,18.78394306813881,15.159747675087875,22.597904011382564,2.2620766797682466,Okada (NGN)
TRANSPORT_BUS_INTRACITY_NGN_PER_JOURNEY,15,17.510919263391077,14.103497493103479,19.390680165477697,2.542002444276551,Bus intracity (NGN)
TRANSPORT_BUS_INTERCITY_NGN_PER_JOURNEY,15,11.636075571822968,8.245613362613028,15.173942795391307,1.6828530886078168,Bus intercity (NGN)
DIESEL_PRICE_NGN_PER_LITRE,15,9.718959052535382,2.8814258260690644,16.377951071418483,1.4883933722873075,Diesel (NGN/l)
TRANSPORT_AIR_NGN_PER_JOURNEY,15,6.642324111485308,2.9272717406429836,21.20593206651176,1.4186455977316983,Air (NGN)
PETROL_PRICE_NGN_PER_LITRE,15,6.141622617732643,2.2857977702550722,17.921604167782064,1.292603653550592,Petrol (NGN/l)
LPG_REFILL_5KG_NGN,15,5.555472933718752,2.9218263421304957,8.527104340091086,1.2664192592593286,LPG 5kg refill (NGN)
LPG_REFILL_12_5KG_NGN,15,5.307989930047486,2.418787163100694,9.866933632827692,1.2362407235442057,LPG 12.5kg refill (NGN)
