source_id,observation_date,source_date_label,nfem_rate_ngn_per_usd,highest_rate_ngn_per_usd,lowest_rate_ngn_per_usd,closing_rate_ngn_per_usd,simple_avg_rate_ngn_per_usd,interbank_turnover_usd,interbank_deal_count,nfem_turnover_usd,nfem_deal_count,record_status,duplicate_of_source_id,geography_type,source_file
21,2025-01-02,January-02-2025,1541.3611,1545.0000,1538.0000,1538.5000,1540.6500,,,,0,ACTIVE,,NATIONAL,cbn_api_GetAllNFEM_Rates_snapshot_20260913T120305Z.json
22,2025-01-03,January-03-2025,1534.5585,1540.0000,1531.0000,1535.0000,1535.0082,,,,0,ACTIVE,,NATIONAL,cbn_api_GetAllNFEM_Rates_snapshot_20260913T120305Z.json
23,2025-01-06,January-06-2025,1533.6065,1537.5000,1530.0000,1536.0000,1533.7692,,,,0,ACTIVE,,NATIONAL,cbn_api_GetAllNFEM_Rates_snapshot_20260913T120305Z.json
24,2025-01-07,January-07-2025,1534.1643,1543.0000,1531.0000,1538.0000,1534.7808,,,,0,ACTIVE,,NATIONAL,cbn_api_GetAllNFEM_Rates_snapshot_20260913T120305Z.json
25,2025-01-08,January-08-2025,1539.3976,1545.0000,1537.0000,1545.0000,1539.0714,,,,0,ACTIVE,,NATIONAL,cbn_api_GetAllNFEM_Rates_snapshot_20260913T120305Z.json
26,2025-01-09,January-09-2025,1541.0559,1551.0000,1535.0000,1542.0000,1541.9874,,,,0,ACTIVE,,NATIONAL,cbn_api_GetAllNFEM_Rates_snapshot_20260913T120305Z.json
27,2025-01-10,January-10-2025,1542.0256,1548.0000,1538.0000,1544.5000,1542.9021,,,,0,ACTIVE,,NATIONAL,cbn_api_GetAllNFEM_Rates_snapshot_20260913T120305Z.json
28,2025-01-13,January-13-2025,1546.8530,1550.0000,1543.0000,1550.0000,1546.9856,,,,0,ACTIVE,,NATIONAL,cbn_api_GetAllNFEM_Rates_snapshot_20260913T120305Z.json
29,2025-01-14,January-14-2025,1547.6695,1560.0000,1545.0000,1549.0000,1550.7021,,,,0,ACTIVE,,NATIONAL,cbn_api_GetAllNFEM_Rates_snapshot_20260913T120305Z.json
30,2025-01-15,January-15-2025,1549.2019,1554.0000,1546.7500,1550.0000,1550.1174,,,,0,ACTIVE,,NATIONAL,cbn_api_GetAllNFEM_Rates_snapshot_20260913T120305Z.json
31,2025-01-16,January-16-2025,1549.9500,1559.0000,1545.0000,1560.0000,1551.0500,,,,0,ACTIVE,,NATIONAL,cbn_api_GetAllNFEM_Rates_snapshot_20260913T120305Z.json
32,2025-01-17,January-17-2025,1546.7212,1552.0000,1540.2000,1548.0000,1547.0800,,,,0,ACTIVE,,NATIONAL,cbn_api_GetAllNFEM_Rates_snapshot_20260913T120305Z.json
33,2025-01-20,January-20-2025,1547.9989,1551.5000,1545.0000,1551.0000,1548.7045,,,,0,ACTIVE,,NATIONAL,cbn_api_GetAllNFEM_Rates_snapshot_20260913T120305Z.json
34,2025-01-21,January-21-2025,1551.2508,1555.0000,1548.4000,1555.0000,1551.3765,,,,0,ACTIVE,,NATIONAL,cbn_api_GetAllNFEM_Rates_snapshot_20260913T120305Z.json
35,2025-01-22,January-22-2025,1551.9172,1565.0000,1550.0000,1553.0000,1552.3344,,,,0,ACTIVE,,NATIONAL,cbn_api_GetAllNFEM_Rates_snapshot_20260913T120305Z.json
36,2025-01-23,January-23-2025,1550.4787,1558.0000,1548.0000,1548.5000,1550.6159,,,,0,ACTIVE,,NATIONAL,cbn_api_GetAllNFEM_Rates_snapshot_20260913T120305Z.json
37,2025-01-24,January-24-2025,1533.2630,1550.0000,1515.0000,1531.0000,1531.8946,,,,0,ACTIVE,,NATIONAL,cbn_api_GetAllNFEM_Rates_snapshot_20260913T120305Z.json
38,2025-01-27,January-27-2025,1534.5483,1537.0000,1530.0000,1533.5000,1534.4464,,,,0,ACTIVE,,NATIONAL,cbn_api_GetAllNFEM_Rates_snapshot_20260913T120305Z.json
39,2025-01-28,January-28-2025,1527.3959,1538.0000,1520.0000,1520.0000,1526.9589,,,,0,ACTIVE,,NATIONAL,cbn_api_GetAllNFEM_Rates_snapshot_20260913T120305Z.json
40,2025-01-29,January-29-2025,1508.4000,1520.0000,1500.0000,1506.0000,1508.7500,,,,0,ACTIVE,,NATIONAL,cbn_api_GetAllNFEM_Rates_snapshot_20260913T120305Z.json
41,2025-01-30,January-30-2025,1500.7785,1517.0000,1490.0000,1493.0000,1508.7017,,,,0,ACTIVE,,NATIONAL,cbn_api_GetAllNFEM_Rates_snapshot_20260913T120305Z.json
42,2025-01-31,January-31-2025,1478.2200,1499.0000,1440.0000,1475.0000,1477.9900,,,,0,ACTIVE,,NATIONAL,cbn_api_GetAllNFEM_Rates_snapshot_20260913T120305Z.json
43,2025-02-03,February-03-2025,1488.9900,1500.0000,1480.0000,1499.0000,1491.2500,,,,0,ACTIVE,,NATIONAL,cbn_api_GetAllNFEM_Rates_snapshot_20260913T120305Z.json
44,2025-02-03,February-03-2025,1488.9900,1500.0000,1480.0000,1499.0000,1491.2500,,,,0,EXACT_DUPLICATE,43,NATIONAL,cbn_api_GetAllNFEM_Rates_snapshot_20260913T120305Z.json
45,2025-02-04,February-04-2025,1497.4100,1502.0000,1494.0000,1499.0000,1497.7200,,,,0,ACTIVE,,NATIONAL,cbn_api_GetAllNFEM_Rates_snapshot_20260913T120305Z.json
46,2025-02-05,February-05-2025,1499.1400,1501.0000,1495.0000,1500.0000,1499.0200,,,,0,ACTIVE,,NATIONAL,cbn_api_GetAllNFEM_Rates_snapshot_20260913T120305Z.json
47,2025-02-06,February-06-2025,1499.9820,1507.0000,1495.5000,1502.0000,1500.0000,,,,0,ACTIVE,,NATIONAL,cbn_api_GetAllNFEM_Rates_snapshot_20260913T120305Z.json
48,2025-02-07,February-07-2025,1500.4100,1503.0000,1496.0000,1502.5000,1500.5800,,,,0,ACTIVE,,NATIONAL,cbn_api_GetAllNFEM_Rates_snapshot_20260913T120305Z.json
49,2025-02-07,February-07-2025,1500.4100,1503.0000,1496.0000,1502.5000,1500.5800,,,,0,EXACT_DUPLICATE,48,NATIONAL,cbn_api_GetAllNFEM_Rates_snapshot_20260913T120305Z.json
50,2025-02-10,February-10-2025,1499.7800,1504.0000,1495.7500,1502.0000,1499.8800,,,,0,ACTIVE,,NATIONAL,cbn_api_GetAllNFEM_Rates_snapshot_20260913T120305Z.json
51,2025-02-11,February-11-2025,1503.0718,1508.0000,1500.0000,1513.1000,1503.6000,,,,0,ACTIVE,,NATIONAL,cbn_api_GetAllNFEM_Rates_snapshot_20260913T120305Z.json
52,2025-02-12,February-12-2025,1504.3000,1515.0000,1501.0000,1513.0000,1507.3500,,,,0,ACTIVE,,NATIONAL,cbn_api_GetAllNFEM_Rates_snapshot_20260913T120305Z.json
53,2025-02-13,February-13-2025,1507.8800,1517.0000,1501.0000,1515.0000,1509.1000,,,,0,ACTIVE,,NATIONAL,cbn_api_GetAllNFEM_Rates_snapshot_20260913T120305Z.json
54,2025-02-14,February-14-2025,1508.6637,1520.0000,1500.0000,1511.0000,1510.2763,,,,0,ACTIVE,,NATIONAL,cbn_api_GetAllNFEM_Rates_snapshot_20260913T120305Z.json
55,2025-02-17,February-17-2025,1508.5889,1515.0000,1504.0000,1512.0000,1509.5663,,,,0,ACTIVE,,NATIONAL,cbn_api_GetAllNFEM_Rates_snapshot_20260913T120305Z.json
56,2025-02-18,February-18-2025,1507.2230,1515.0000,1504.0000,1510.0000,1507.3287,,,,0,ACTIVE,,NATIONAL,cbn_api_GetAllNFEM_Rates_snapshot_20260913T120305Z.json
57,2025-02-18,February-18-2025,1507.2230,1515.0000,1504.0000,1510.0000,1507.3287,,,,0,EXACT_DUPLICATE,56,NATIONAL,cbn_api_GetAllNFEM_Rates_snapshot_20260913T120305Z.json
58,2025-02-19,February-19-2025,1509.0387,1513.0000,1507.0000,1510.0000,1509.0818,,,,0,ACTIVE,,NATIONAL,cbn_api_GetAllNFEM_Rates_snapshot_20260913T120305Z.json
59,2025-02-20,February-20-2025,1500.5240,1510.0000,1490.0000,1496.0000,1500.7389,,,,0,ACTIVE,,NATIONAL,cbn_api_GetAllNFEM_Rates_snapshot_20260913T120305Z.json
60,2025-02-21,February-21-2025,1500.7304,1509.0000,1491.0000,1502.5000,1501.0266,,,,0,ACTIVE,,NATIONAL,cbn_api_GetAllNFEM_Rates_snapshot_20260913T120305Z.json
61,2025-02-24,February-24-2025,1497.1100,1504.0000,1495.0000,1504.0000,1501.0000,,,,0,ACTIVE,,NATIONAL,cbn_api_GetAllNFEM_Rates_snapshot_20260913T120305Z.json
62,2025-02-25,February-25-2025,1495.9100,1505.0000,1495.0000,1501.5000,1501.9500,,,,0,ACTIVE,,NATIONAL,cbn_api_GetAllNFEM_Rates_snapshot_20260913T120305Z.json
63,2025-02-26,February-26-2025,1499.1100,1503.0000,1495.0000,1495.0000,1498.7100,,,,0,ACTIVE,,NATIONAL,cbn_api_GetAllNFEM_Rates_snapshot_20260913T120305Z.json
64,2025-02-27,February-27-2025,1499.0700,1500.5000,1496.0000,1496.0000,1499.0200,,,,0,ACTIVE,,NATIONAL,cbn_api_GetAllNFEM_Rates_snapshot_20260913T120305Z.json
65,2025-02-28,February-28-2025,1492.4900,1504.0000,1490.0000,1500.0000,1500.7300,,,,0,ACTIVE,,NATIONAL,cbn_api_GetAllNFEM_Rates_snapshot_20260913T120305Z.json
66,2025-03-03,March-03-2025,1498.9800,1501.0000,1497.0000,1499.0000,1499.2300,,,,0,ACTIVE,,NATIONAL,cbn_api_GetAllNFEM_Rates_snapshot_20260913T120305Z.json
67,2025-03-04,March-04-2025,1491.6700,1503.0000,1490.0000,1502.0000,1500.3400,,,,0,ACTIVE,,NATIONAL,cbn_api_GetAllNFEM_Rates_snapshot_20260913T120305Z.json
68,2025-03-05,March-05-2025,1500.8000,1505.0000,1497.1000,1505.0000,1501.6100,,,,0,ACTIVE,,NATIONAL,cbn_api_GetAllNFEM_Rates_snapshot_20260913T120305Z.json
69,2025-03-06,March-06-2025,1512.3000,1520.0000,1505.0000,1520.0000,1512.5500,,,,0,ACTIVE,,NATIONAL,cbn_api_GetAllNFEM_Rates_snapshot_20260913T120305Z.json
70,2025-03-07,March-07-2025,1517.2448,1615.0000,1505.7500,1542.0000,1522.7780,,,,0,ACTIVE,,NATIONAL,cbn_api_GetAllNFEM_Rates_snapshot_20260913T120305Z.json
71,2025-03-10,March-10-2025,1530.1500,1540.0000,1512.0000,1528.0000,1532.2900,,,,0,ACTIVE,,NATIONAL,cbn_api_GetAllNFEM_Rates_snapshot_20260913T120305Z.json
72,2025-03-11,March-11-2025,1536.1532,1540.0000,1520.0000,1537.0000,1535.7331,,,,0,ACTIVE,,NATIONAL,cbn_api_GetAllNFEM_Rates_snapshot_20260913T120305Z.json
73,2025-03-12,March-12-2025,1538.6807,1550.0000,1532.0000,1546.0000,1540.6790,,,,0,ACTIVE,,NATIONAL,cbn_api_GetAllNFEM_Rates_snapshot_20260913T120305Z.json
74,2025-03-13,March-13-2025,1547.8190,1560.0000,1543.0900,1549.0000,1549.8493,,,,0,ACTIVE,,NATIONAL,cbn_api_GetAllNFEM_Rates_snapshot_20260913T120305Z.json
75,2025-03-14,March-14-2025,1517.9300,1548.0000,1480.0000,1548.0000,1522.3700,,,,0,ACTIVE,,NATIONAL,cbn_api_GetAllNFEM_Rates_snapshot_20260913T120305Z.json
76,2025-03-17,March-17-2025,1528.0300,1552.0000,1512.0000,1549.0000,1531.9800,,,,0,ACTIVE,,NATIONAL,cbn_api_GetAllNFEM_Rates_snapshot_20260913T120305Z.json
77,2025-03-18,March-18-2025,1532.9300,1549.5000,1522.7000,1539.0000,1536.1200,,,,0,ACTIVE,,NATIONAL,cbn_api_GetAllNFEM_Rates_snapshot_20260913T120305Z.json
78,2025-03-19,March-19-2025,1530.5200,1545.0000,1500.0000,1538.0000,1533.9500,,,,0,ACTIVE,,NATIONAL,cbn_api_GetAllNFEM_Rates_snapshot_20260913T120305Z.json
79,2025-03-20,March-20-2025,1530.6200,1545.0000,1526.1700,1536.0000,1534.3300,,,,0,ACTIVE,,NATIONAL,cbn_api_GetAllNFEM_Rates_snapshot_20260913T120305Z.json
80,2025-03-21,March-21-2025,1536.8900,1540.0000,1535.0000,1538.0000,1537.0500,,,,0,ACTIVE,,NATIONAL,cbn_api_GetAllNFEM_Rates_snapshot_20260913T120305Z.json
81,2025-03-24,March-24-2025,1531.1900,1537.0000,1527.5000,1533.0000,1532.2900,,,,0,ACTIVE,,NATIONAL,cbn_api_GetAllNFEM_Rates_snapshot_20260913T120305Z.json
82,2025-03-25,March-25-2025,1532.3900,1537.0000,1528.3100,1535.0000,1533.6600,,,,0,ACTIVE,,NATIONAL,cbn_api_GetAllNFEM_Rates_snapshot_20260913T120305Z.json
83,2025-03-26,March-26-2025,1537.6200,1541.0000,1528.0000,1539.0000,1537.8000,,,,0,ACTIVE,,NATIONAL,cbn_api_GetAllNFEM_Rates_snapshot_20260913T120305Z.json
84,2025-03-27,March-27-2025,1538.6600,1540.0000,1535.0000,1540.0000,1538.9100,,,,0,ACTIVE,,NATIONAL,cbn_api_GetAllNFEM_Rates_snapshot_20260913T120305Z.json
85,2025-03-28,March-28-2025,1536.8200,1542.0000,1520.0000,1537.0000,1538.2600,,,,0,ACTIVE,,NATIONAL,cbn_api_GetAllNFEM_Rates_snapshot_20260913T120305Z.json
86,2025-04-02,April-02-2025,1531.2500,1535.0000,1525.0000,1534.0000,1531.6300,,,,0,ACTIVE,,NATIONAL,cbn_api_GetAllNFEM_Rates_snapshot_20260913T120305Z.json
87,2025-04-03,April-03-2025,1552.5300,1570.0000,1535.0000,1569.0000,1550.7400,,,,0,ACTIVE,,NATIONAL,cbn_api_GetAllNFEM_Rates_snapshot_20260913T120305Z.json
88,2025-04-04,April-04-2025,1567.0200,1625.0000,1519.0300,1600.0000,1573.2300,,,,0,ACTIVE,,NATIONAL,cbn_api_GetAllNFEM_Rates_snapshot_20260913T120305Z.json
89,2025-04-07,April-07-2025,1612.2368,1655.0000,1590.0000,1629.0000,1628.8934,,,,0,ACTIVE,,NATIONAL,cbn_api_GetAllNFEM_Rates_snapshot_20260913T120305Z.json
90,2025-04-08,April-08-2025,1611.5535,1634.0000,1589.0000,1615.0000,1612.9681,,,,0,ACTIVE,,NATIONAL,cbn_api_GetAllNFEM_Rates_snapshot_20260913T120305Z.json
91,2025-04-09,April-09-2025,1629.9366,1650.0000,1589.0000,1644.0000,1639.3026,,,,0,ACTIVE,,NATIONAL,cbn_api_GetAllNFEM_Rates_snapshot_20260913T120305Z.json
92,2025-04-10,April-10-2025,1591.8496,1636.0000,1500.0000,1630.5000,1603.7313,,,,0,ACTIVE,,NATIONAL,cbn_api_GetAllNFEM_Rates_snapshot_20260913T120305Z.json
93,2025-04-11,April-11-2025,1603.7832,1630.0000,1570.0000,1626.0000,1611.0840,,,,0,ACTIVE,,NATIONAL,cbn_api_GetAllNFEM_Rates_snapshot_20260913T120305Z.json
94,2025-04-14,April-14-2025,1604.4809,1630.0000,1593.1000,1599.0000,1605.2533,,,,0,ACTIVE,,NATIONAL,cbn_api_GetAllNFEM_Rates_snapshot_20260913T120305Z.json
95,2025-04-15,April-15-2025,1598.9548,1605.0000,1590.0000,1604.0000,1601.4046,,,,0,ACTIVE,,NATIONAL,cbn_api_GetAllNFEM_Rates_snapshot_20260913T120305Z.json
96,2025-04-16,April-16-2025,1599.7991,1620.0000,1575.0000,1599.0000,1603.1592,,,,0,ACTIVE,,NATIONAL,cbn_api_GetAllNFEM_Rates_snapshot_20260913T120305Z.json
97,2025-04-17,April-17-2025,1599.9384,1603.0000,1595.0000,1600.5000,1599.9267,,,,0,ACTIVE,,NATIONAL,cbn_api_GetAllNFEM_Rates_snapshot_20260913T120305Z.json
98,2025-04-22,April-22-2025,1602.6318,1610.0000,1598.5000,1606.0000,1603.1614,,,,0,ACTIVE,,NATIONAL,cbn_api_GetAllNFEM_Rates_snapshot_20260913T120305Z.json
99,2025-04-23,April-23-2025,1602.3043,1606.0000,1591.2300,1603.0000,1603.5097,,,,0,ACTIVE,,NATIONAL,cbn_api_GetAllNFEM_Rates_snapshot_20260913T120305Z.json
100,2025-04-24,April-24-2025,1601.8226,1607.0000,1599.9900,1605.0000,1603.0128,,,,0,ACTIVE,,NATIONAL,cbn_api_GetAllNFEM_Rates_snapshot_20260913T120305Z.json
101,2025-04-25,April-25-2025,1599.5491,1605.0000,1580.0000,1589.0000,1599.4233,,,,0,ACTIVE,,NATIONAL,cbn_api_GetAllNFEM_Rates_snapshot_20260913T120305Z.json
102,2025-04-28,April-28-2025,1599.9452,1603.5000,1596.0000,1596.0000,1601.3785,,,,0,ACTIVE,,NATIONAL,cbn_api_GetAllNFEM_Rates_snapshot_20260913T120305Z.json
103,2025-04-29,April-29-2025,1599.7055,1602.0200,1596.7000,1602.0000,1600.0409,,,,0,ACTIVE,,NATIONAL,cbn_api_GetAllNFEM_Rates_snapshot_20260913T120305Z.json
104,2025-04-30,April-30-2025,1596.6891,1603.5000,1580.0000,1602.0000,1599.4955,,,,0,ACTIVE,,NATIONAL,cbn_api_GetAllNFEM_Rates_snapshot_20260913T120305Z.json
105,2025-05-02,May-02-2025,1602.1811,1606.5000,1600.0000,1606.0000,1602.6901,,,,0,ACTIVE,,NATIONAL,cbn_api_GetAllNFEM_Rates_snapshot_20260913T120305Z.json
106,2025-05-05,May-05-2025,1605.6284,1611.0000,1601.9800,1605.0000,1606.9066,,,,0,ACTIVE,,NATIONAL,cbn_api_GetAllNFEM_Rates_snapshot_20260913T120305Z.json
107,2025-05-06,May-06-2025,1606.6413,1609.5000,1603.0000,1609.0000,1606.7500,,,,0,ACTIVE,,NATIONAL,cbn_api_GetAllNFEM_Rates_snapshot_20260913T120305Z.json
108,2025-05-07,May-07-2025,1608.6036,1615.0000,1605.0100,1612.0000,1610.4596,,,,0,ACTIVE,,NATIONAL,cbn_api_GetAllNFEM_Rates_snapshot_20260913T120305Z.json
109,2025-05-08,May-08-2025,1609.6357,1614.0000,1608.0000,1608.1000,1609.5736,,,,0,ACTIVE,,NATIONAL,cbn_api_GetAllNFEM_Rates_snapshot_20260913T120305Z.json
110,2025-05-09,May-09-2025,1606.1524,1609.0000,1604.3900,1607.0000,1606.6412,,,,0,ACTIVE,,NATIONAL,cbn_api_GetAllNFEM_Rates_snapshot_20260913T120305Z.json
111,2025-05-12,May-12-2025,1600.4396,1605.0500,1595.0000,1597.7000,1600.2997,,,,0,ACTIVE,,NATIONAL,cbn_api_GetAllNFEM_Rates_snapshot_20260913T120305Z.json
112,2025-05-12,May-12-2025,1600.4396,1605.0500,1595.0000,1597.7000,1600.2997,,,,0,EXACT_DUPLICATE,111,NATIONAL,cbn_api_GetAllNFEM_Rates_snapshot_20260913T120305Z.json
113,2025-05-13,May-13-2025,1600.0307,1610.5000,1597.0000,1599.7500,1600.0070,,,,0,ACTIVE,,NATIONAL,cbn_api_GetAllNFEM_Rates_snapshot_20260913T120305Z.json
114,2025-05-14,May-14-2025,1596.7000,1600.0000,1595.0000,1596.0100,1596.7469,,,,0,ACTIVE,,NATIONAL,cbn_api_GetAllNFEM_Rates_snapshot_20260913T120305Z.json
115,2025-05-15,May-15-2025,1599.3294,1604.0000,1597.1000,1599.9900,1600.1503,,,,0,ACTIVE,,NATIONAL,cbn_api_GetAllNFEM_Rates_snapshot_20260913T120305Z.json
116,2025-05-16,May-16-2025,1598.7210,1603.5000,1597.0000,1599.0100,1599.5733,,,,0,ACTIVE,,NATIONAL,cbn_api_GetAllNFEM_Rates_snapshot_20260913T120305Z.json
117,2025-05-19,May-19-2025,1598.6885,1601.5000,1580.0000,1597.0000,1598.9389,,,,0,ACTIVE,,NATIONAL,cbn_api_GetAllNFEM_Rates_snapshot_20260913T120305Z.json
118,2025-05-20,May-20-2025,1590.4571,1599.5000,1560.0000,1588.5000,1591.2487,,,,0,ACTIVE,,NATIONAL,cbn_api_GetAllNFEM_Rates_snapshot_20260913T120305Z.json
119,2025-05-21,May-21-2025,1584.4966,1590.0000,1582.5000,1583.0000,1584.2558,,,,0,ACTIVE,,NATIONAL,cbn_api_GetAllNFEM_Rates_snapshot_20260913T120305Z.json
120,2025-05-22,May-22-2025,1584.9542,1588.5000,1582.0000,1586.0000,1584.9881,,,,0,ACTIVE,,NATIONAL,cbn_api_GetAllNFEM_Rates_snapshot_20260913T120305Z.json
121,2025-05-23,May-23-2025,1580.4411,1585.0000,1575.1300,1579.0000,1581.5919,,,,0,ACTIVE,,NATIONAL,cbn_api_GetAllNFEM_Rates_snapshot_20260913T120305Z.json
122,2025-05-23,May-23-2025,1580.4411,1585.0000,1575.1300,1579.0000,1581.5919,,,,0,EXACT_DUPLICATE,121,NATIONAL,cbn_api_GetAllNFEM_Rates_snapshot_20260913T120305Z.json
123,2025-05-26,May-26-2025,1579.4080,1583.0000,1578.0000,1583.0000,1579.6454,,,,0,ACTIVE,,NATIONAL,cbn_api_GetAllNFEM_Rates_snapshot_20260913T120305Z.json
124,2025-05-27,May-27-2025,1583.7388,1591.0000,1581.9200,1590.0000,1585.7599,,,,0,ACTIVE,,NATIONAL,cbn_api_GetAllNFEM_Rates_snapshot_20260913T120305Z.json
125,2025-05-28,May-28-2025,1590.7471,1595.0000,1589.5000,1592.0000,1591.6037,,,,0,ACTIVE,,NATIONAL,cbn_api_GetAllNFEM_Rates_snapshot_20260913T120305Z.json
126,2025-05-29,May-29-2025,1586.1520,1590.7000,1584.5000,1587.0000,1586.4941,,,,0,ACTIVE,,NATIONAL,cbn_api_GetAllNFEM_Rates_snapshot_20260913T120305Z.json
127,2025-05-30,May-30-2025,1586.1524,1589.0000,1584.5000,1585.5000,1586.1940,,,,0,ACTIVE,,NATIONAL,cbn_api_GetAllNFEM_Rates_snapshot_20260913T120305Z.json
128,2025-06-02,June-02-2025,1581.5866,1584.0000,1579.0000,1580.0000,1581.4840,,,,0,ACTIVE,,NATIONAL,cbn_api_GetAllNFEM_Rates_snapshot_20260913T120305Z.json
129,2025-06-03,June-03-2025,1579.2750,1582.0000,1577.0100,1579.0000,1579.4540,,,,0,ACTIVE,,NATIONAL,cbn_api_GetAllNFEM_Rates_snapshot_20260913T120305Z.json
130,2025-06-04,June-04-2025,1565.4625,1577.0000,1556.5000,1564.0000,1565.9481,,,,0,ACTIVE,,NATIONAL,cbn_api_GetAllNFEM_Rates_snapshot_20260913T120305Z.json
131,2025-06-05,June-05-2025,1553.1157,1560.0000,1545.0000,1551.0000,1552.6193,,,,0,ACTIVE,,NATIONAL,cbn_api_GetAllNFEM_Rates_snapshot_20260913T120305Z.json
132,2025-06-10,June-10-2025,1540.0481,1557.9800,1532.0000,1540.0000,1540.2364,,,,0,ACTIVE,,NATIONAL,cbn_api_GetAllNFEM_Rates_snapshot_20260913T120305Z.json
133,2025-06-11,June-11-2025,1539.7248,1546.5000,1538.0000,1545.0000,1539.9600,,,,0,ACTIVE,,NATIONAL,cbn_api_GetAllNFEM_Rates_snapshot_20260913T120305Z.json
134,2025-06-13,June-13-2025,1549.3511,1570.0000,1537.0000,1554.0000,1551.8473,,,,0,ACTIVE,,NATIONAL,cbn_api_GetAllNFEM_Rates_snapshot_20260913T120305Z.json
135,2025-06-16,June-16-2025,1544.6264,1555.0000,1541.0000,1543.0000,1544.5692,,,,0,ACTIVE,,NATIONAL,cbn_api_GetAllNFEM_Rates_snapshot_20260913T120305Z.json
136,2025-06-17,June-17-2025,1545.2650,1547.9000,1541.0000,1547.5000,1545.2892,,,,0,ACTIVE,,NATIONAL,cbn_api_GetAllNFEM_Rates_snapshot_20260913T120305Z.json
137,2025-06-18,June-18-2025,1549.2093,1551.0000,1547.5000,1550.9000,1549.1291,,,,0,ACTIVE,,NATIONAL,cbn_api_GetAllNFEM_Rates_snapshot_20260913T120305Z.json
138,2025-06-19,June-19-2025,1549.4193,1553.9900,1546.0000,1551.0000,1550.5547,,,,0,ACTIVE,,NATIONAL,cbn_api_GetAllNFEM_Rates_snapshot_20260913T120305Z.json
139,2025-06-19,June-19-2025,1549.4193,1553.9900,1546.0000,1551.0000,1550.5547,,,,0,EXACT_DUPLICATE,138,NATIONAL,cbn_api_GetAllNFEM_Rates_snapshot_20260913T120305Z.json
140,2025-06-20,June-20-2025,1547.3636,1552.0000,1545.0000,1547.0000,1547.7079,,,,0,ACTIVE,,NATIONAL,cbn_api_GetAllNFEM_Rates_snapshot_20260913T120305Z.json
141,2025-06-23,June-23-2025,1548.5237,1551.0000,1545.0000,1550.0000,1548.5289,,,,0,ACTIVE,,NATIONAL,cbn_api_GetAllNFEM_Rates_snapshot_20260913T120305Z.json
142,2025-06-24,June-24-2025,1549.0368,1550.5000,1547.5000,1550.0000,1549.0886,,,,0,ACTIVE,,NATIONAL,cbn_api_GetAllNFEM_Rates_snapshot_20260913T120305Z.json
143,2025-06-25,June-25-2025,1549.2616,1553.0000,1548.0000,1549.0000,1549.2104,,,,0,ACTIVE,,NATIONAL,cbn_api_GetAllNFEM_Rates_snapshot_20260913T120305Z.json
144,2025-06-26,June-26-2025,1536.0817,1549.5000,1534.0000,1543.0000,1543.9363,,,,0,ACTIVE,,NATIONAL,cbn_api_GetAllNFEM_Rates_snapshot_20260913T120305Z.json
145,2025-06-27,June-27-2025,1539.2359,1547.0000,1535.9000,1537.0000,1538.6213,,,,0,ACTIVE,,NATIONAL,cbn_api_GetAllNFEM_Rates_snapshot_20260913T120305Z.json
146,2025-06-30,June-30-2025,1529.7105,1533.0000,1528.0000,1532.0000,1529.7371,,,,0,ACTIVE,,NATIONAL,cbn_api_GetAllNFEM_Rates_snapshot_20260913T120305Z.json
147,2025-07-01,July-01-2025,1529.5795,1531.5000,1521.0000,1527.0000,1529.6342,,,,0,ACTIVE,,NATIONAL,cbn_api_GetAllNFEM_Rates_snapshot_20260913T120305Z.json
148,2025-07-02,July-02-2025,1526.1577,1532.0000,1524.0000,1525.0000,1526.3121,,,,0,ACTIVE,,NATIONAL,cbn_api_GetAllNFEM_Rates_snapshot_20260913T120305Z.json
149,2025-07-03,July-03-2025,1525.8246,1527.5000,1524.5000,1527.5000,1525.9991,,,,0,ACTIVE,,NATIONAL,cbn_api_GetAllNFEM_Rates_snapshot_20260913T120305Z.json
150,2025-07-04,July-04-2025,1528.5616,1530.0000,1526.0000,1528.5000,1528.4902,,,,0,ACTIVE,,NATIONAL,cbn_api_GetAllNFEM_Rates_snapshot_20260913T120305Z.json
151,2025-07-07,July-07-2025,1528.3301,1531.0000,1520.0000,1529.5000,1520.0000,,,,0,ACTIVE,,NATIONAL,cbn_api_GetAllNFEM_Rates_snapshot_20260913T120305Z.json
152,2025-07-08,July-08-2025,1529.2230,1532.5000,1527.0000,1530.5000,1529.8959,,,,0,ACTIVE,,NATIONAL,cbn_api_GetAllNFEM_Rates_snapshot_20260913T120305Z.json
153,2025-07-09,July-09-2025,1520.7490,1530.0000,1520.0000,1520.0000,1525.7581,,,,0,ACTIVE,,NATIONAL,cbn_api_GetAllNFEM_Rates_snapshot_20260913T120305Z.json
154,2025-07-10,July-10-2025,1525.9800,1531.0000,1520.0000,1531.0000,1526.6000,,,,0,ACTIVE,,NATIONAL,cbn_api_GetAllNFEM_Rates_snapshot_20260913T120305Z.json
155,2025-07-11,July-11-2025,1530.2634,1535.0000,1516.0000,1532.0000,1531.1000,,,,0,ACTIVE,,NATIONAL,cbn_api_GetAllNFEM_Rates_snapshot_20260913T120305Z.json
156,2025-07-14,July-14-2025,1518.8873,1532.0000,1515.0000,1528.6500,1529.7495,,,,0,ACTIVE,,NATIONAL,cbn_api_GetAllNFEM_Rates_snapshot_20260913T120305Z.json
157,2025-07-16,July-16-2025,1530.2562,1533.0000,1527.0000,1531.0000,1529.9647,,,,0,ACTIVE,,NATIONAL,cbn_api_GetAllNFEM_Rates_snapshot_20260913T120305Z.json
158,2025-07-17,July-17-2025,1533.1109,1538.0000,1520.0000,1536.0000,1533.2244,,,,0,ACTIVE,,NATIONAL,cbn_api_GetAllNFEM_Rates_snapshot_20260913T120305Z.json
159,2025-07-18,July-18-2025,1532.3405,1536.5000,1528.0000,1535.0000,1533.3218,,,,0,ACTIVE,,NATIONAL,cbn_api_GetAllNFEM_Rates_snapshot_20260913T120305Z.json
160,2025-07-21,July-21-2025,1532.5428,1535.4500,1529.0000,1535.0000,1533.6442,,,,0,ACTIVE,,NATIONAL,cbn_api_GetAllNFEM_Rates_snapshot_20260913T120305Z.json
161,2025-07-22,July-22-2025,1535.2369,1537.0000,1534.0000,1536.0000,1535.4759,,,,0,ACTIVE,,NATIONAL,cbn_api_GetAllNFEM_Rates_snapshot_20260913T120305Z.json
162,2025-07-23,July-23-2025,1535.6169,1537.5500,1530.0000,1537.0000,1536.0440,,,,0,ACTIVE,,NATIONAL,cbn_api_GetAllNFEM_Rates_snapshot_20260913T120305Z.json
163,2025-07-24,July-24-2025,1534.7887,1537.4500,1533.5000,1534.0000,1534.8800,,,,0,ACTIVE,,NATIONAL,cbn_api_GetAllNFEM_Rates_snapshot_20260913T120305Z.json
164,2025-07-25,July-25-2025,1534.7193,1536.0000,1534.0000,1534.5000,1534.6600,,,,0,ACTIVE,,NATIONAL,cbn_api_GetAllNFEM_Rates_snapshot_20260913T120305Z.json
165,2025-07-28,July-28-2025,1534.2090,1535.5000,1532.0000,1535.5000,1534.3900,,,,0,ACTIVE,,NATIONAL,cbn_api_GetAllNFEM_Rates_snapshot_20260913T120305Z.json
166,2025-07-29,July-29-2025,1533.1823,1535.5000,1520.0000,1532.5000,1533.2945,,,,0,ACTIVE,,NATIONAL,cbn_api_GetAllNFEM_Rates_snapshot_20260913T120305Z.json
167,2025-07-30,July-30-2025,1534.5214,1535.5000,1532.0000,1537.0000,1534.4838,,,,0,ACTIVE,,NATIONAL,cbn_api_GetAllNFEM_Rates_snapshot_20260913T120305Z.json
168,2025-07-31,July-31-2025,1533.5540,1535.0000,1533.0000,1534.0000,1533.6900,,,,0,ACTIVE,,NATIONAL,cbn_api_GetAllNFEM_Rates_snapshot_20260913T120305Z.json
169,2025-08-01,August-01-2025,1533.7443,1535.5000,1532.0000,1535.5000,1533.9400,,,,0,ACTIVE,,NATIONAL,cbn_api_GetAllNFEM_Rates_snapshot_20260913T120305Z.json
170,2025-08-04,August-04-2025,1531.9540,1534.5000,1529.5100,1533.8500,1532.6500,,,,0,ACTIVE,,NATIONAL,cbn_api_GetAllNFEM_Rates_snapshot_20260913T120305Z.json
171,2025-08-05,August-05-2025,1533.1032,1534.0000,1532.0000,1533.5000,1533.0300,,,,0,ACTIVE,,NATIONAL,cbn_api_GetAllNFEM_Rates_snapshot_20260913T120305Z.json
172,2025-08-06,August-06-2025,1534.4368,1537.2500,1528.0000,1537.2500,1534.5063,,,,0,ACTIVE,,NATIONAL,cbn_api_GetAllNFEM_Rates_snapshot_20260913T120305Z.json
174,2025-08-07,August-07-2025,1533.7313,1535.9900,1531.9900,1535.0000,1534.3400,,,,0,ACTIVE,,NATIONAL,cbn_api_GetAllNFEM_Rates_snapshot_20260913T120305Z.json
175,2025-08-08,August-08-2025,1533.5652,1536.0000,1532.5000,1534.9000,1534.2900,,,,0,ACTIVE,,NATIONAL,cbn_api_GetAllNFEM_Rates_snapshot_20260913T120305Z.json
176,2025-08-11,August-11-2025,1535.9285,1538.4500,1526.0000,1538.4500,1535.9673,,,,0,ACTIVE,,NATIONAL,cbn_api_GetAllNFEM_Rates_snapshot_20260913T120305Z.json
177,2025-08-12,August-12-2025,1537.0949,1543.0000,1535.9000,1536.8500,1537.3764,,,,0,ACTIVE,,NATIONAL,cbn_api_GetAllNFEM_Rates_snapshot_20260913T120305Z.json
178,2025-08-13,August-13-2025,1534.8274,1536.5000,1533.0000,1535.4900,1534.9110,,,,0,ACTIVE,,NATIONAL,cbn_api_GetAllNFEM_Rates_snapshot_20260913T120305Z.json
179,2025-08-14,August-14-2025,1534.5244,1535.5000,1533.5000,1534.0000,1534.5409,,,,0,ACTIVE,,NATIONAL,cbn_api_GetAllNFEM_Rates_snapshot_20260913T120305Z.json
182,2025-08-15,August-15-2025,1532.5145,1535.0000,1529.7500,1530.0000,1532.7332,,,,0,ACTIVE,,NATIONAL,cbn_api_GetAllNFEM_Rates_snapshot_20260913T120305Z.json
183,2025-08-18,August-18-2025,1533.6715,1535.0000,1532.0000,1534.8000,1533.7785,,,,0,ACTIVE,,NATIONAL,cbn_api_GetAllNFEM_Rates_snapshot_20260913T120305Z.json
184,2025-08-19,August-19-2025,1534.9346,1535.5000,1534.0000,1534.5000,1534.9272,,,,0,ACTIVE,,NATIONAL,cbn_api_GetAllNFEM_Rates_snapshot_20260913T120305Z.json
185,2025-08-20,August-20-2025,1536.7346,1538.5000,1534.0000,1537.9900,1536.1774,,,,0,ACTIVE,,NATIONAL,cbn_api_GetAllNFEM_Rates_snapshot_20260913T120305Z.json
186,2025-08-21,August-21-2025,1535.7833,1538.0000,1535.2500,1535.5100,1535.8910,,,,0,ACTIVE,,NATIONAL,cbn_api_GetAllNFEM_Rates_snapshot_20260913T120305Z.json
187,2025-08-22,August-22-2025,1535.0379,1536.0000,1534.5000,1535.0100,1535.0801,,,,0,ACTIVE,,NATIONAL,cbn_api_GetAllNFEM_Rates_snapshot_20260913T120305Z.json
188,2025-08-25,August-25-2025,1536.4245,1537.0000,1535.5000,1536.9900,1536.5092,,,,0,ACTIVE,,NATIONAL,cbn_api_GetAllNFEM_Rates_snapshot_20260913T120305Z.json
189,2025-08-26,August-26-2025,1537.6160,1539.5000,1536.5000,1538.0000,1538.0094,,,,0,ACTIVE,,NATIONAL,cbn_api_GetAllNFEM_Rates_snapshot_20260913T120305Z.json
190,2025-08-27,August-27-2025,1537.0748,1538.5000,1536.2500,1537.2000,1537.1957,,,,0,ACTIVE,,NATIONAL,cbn_api_GetAllNFEM_Rates_snapshot_20260913T120305Z.json
191,2025-08-28,August-28-2025,1535.4746,1538.5400,1535.0000,1533.0000,1535.6077,,,,0,ACTIVE,,NATIONAL,cbn_api_GetAllNFEM_Rates_snapshot_20260913T120305Z.json
192,2025-08-29,August-29-2025,1531.5703,1534.5000,1525.0000,1531.0000,1531.4451,,,,0,ACTIVE,,NATIONAL,cbn_api_GetAllNFEM_Rates_snapshot_20260913T120305Z.json
193,2025-09-01,September-01-2025,1526.0940,1531.0000,1522.0000,1527.9000,1526.1044,,,,0,ACTIVE,,NATIONAL,cbn_api_GetAllNFEM_Rates_snapshot_20260913T120305Z.json
194,2025-09-02,September-02-2025,1526.0565,1528.0000,1523.0000,1525.4500,1525.7644,,,,0,ACTIVE,,NATIONAL,cbn_api_GetAllNFEM_Rates_snapshot_20260913T120305Z.json
195,2025-09-03,September-03-2025,1521.4569,1525.0000,1518.0000,1522.0000,1521.3192,,,,0,ACTIVE,,NATIONAL,cbn_api_GetAllNFEM_Rates_snapshot_20260913T120305Z.json
196,2025-09-04,September-04-2025,1514.8671,1529.0000,1508.0000,1511.5000,1512.9563,,,,0,ACTIVE,,NATIONAL,cbn_api_GetAllNFEM_Rates_snapshot_20260913T120305Z.json
197,2025-09-08,September-08-2025,1506.8433,1513.0000,1501.5000,1513.0000,1507.8487,,,,71,ACTIVE,,NATIONAL,cbn_api_GetAllNFEM_Rates_snapshot_20260913T120305Z.json
198,2025-09-09,September-09-2025,1506.0850,1509.5000,1497.0000,1506.5000,1506.2073,,,,0,ACTIVE,,NATIONAL,cbn_api_GetAllNFEM_Rates_snapshot_20260913T120305Z.json
199,2025-09-10,September-10-2025,1500.9152,1507.0000,1498.0000,1502.5000,1501.2970,,,,115,ACTIVE,,NATIONAL,cbn_api_GetAllNFEM_Rates_snapshot_20260913T120305Z.json
200,2025-09-11,September-11-2025,1502.1311,1503.5000,1501.0000,1503.0000,1502.1381,,,,0,ACTIVE,,NATIONAL,cbn_api_GetAllNFEM_Rates_snapshot_20260913T120305Z.json
202,2025-09-12,September-12-2025,1501.4991,1503.5000,1498.0000,1503.5000,1501.8676,,,,0,ACTIVE,,NATIONAL,cbn_api_GetAllNFEM_Rates_snapshot_20260913T120305Z.json
203,2025-09-15,September-15-2025,1497.4655,1502.0000,1493.0000,1495.0000,1497.2338,,,,0,ACTIVE,,NATIONAL,cbn_api_GetAllNFEM_Rates_snapshot_20260913T120305Z.json
204,2025-09-16,September-16-2025,1484.1395,1490.0000,1479.5000,1485.0500,1484.6189,,,,0,ACTIVE,,NATIONAL,cbn_api_GetAllNFEM_Rates_snapshot_20260913T120305Z.json
205,2025-09-17,September-17-2025,1494.0126,1498.5000,1488.0000,1498.0000,1494.7452,,,,0,ACTIVE,,NATIONAL,cbn_api_GetAllNFEM_Rates_snapshot_20260913T120305Z.json
206,2025-09-18,September-18-2025,1498.9763,1510.0000,1487.0000,1490.0000,1499.6397,,,,0,ACTIVE,,NATIONAL,cbn_api_GetAllNFEM_Rates_snapshot_20260913T120305Z.json
207,2025-09-19,September-19-2025,1487.8962,1499.0000,1481.0000,1488.0000,1489.4941,,,,0,ACTIVE,,NATIONAL,cbn_api_GetAllNFEM_Rates_snapshot_20260913T120305Z.json
208,2025-09-22,September-22-2025,1488.6017,1492.0000,1486.0000,1491.4900,1488.9247,,,,0,ACTIVE,,NATIONAL,cbn_api_GetAllNFEM_Rates_snapshot_20260913T120305Z.json
209,2025-09-23,September-23-2025,1487.3651,1495.0000,1482.5500,1493.2000,1488.9179,,,,0,ACTIVE,,NATIONAL,cbn_api_GetAllNFEM_Rates_snapshot_20260913T120305Z.json
210,2025-09-24,September-24-2025,1488.5642,1498.0000,1481.0000,1486.8000,1490.0633,,,,0,ACTIVE,,NATIONAL,cbn_api_GetAllNFEM_Rates_snapshot_20260913T120305Z.json
211,2025-09-25,September-25-2025,1488.2578,1491.9900,1485.0000,1485.0000,1488.3488,,,,0,ACTIVE,,NATIONAL,cbn_api_GetAllNFEM_Rates_snapshot_20260913T120305Z.json
212,2025-09-26,September-26-2025,1480.6570,1487.0000,1471.0000,1480.0000,1480.3260,,,,0,ACTIVE,,NATIONAL,cbn_api_GetAllNFEM_Rates_snapshot_20260913T120305Z.json
213,2025-09-29,September-29-2025,1476.3477,1486.5000,1475.0000,1480.1500,1480.9871,,,,0,ACTIVE,,NATIONAL,cbn_api_GetAllNFEM_Rates_snapshot_20260913T120305Z.json
214,2025-09-30,September-30-2025,1475.3473,1480.0000,1470.0000,1478.0000,1476.8276,,,,0,ACTIVE,,NATIONAL,cbn_api_GetAllNFEM_Rates_snapshot_20260913T120305Z.json
215,2025-10-02,October-02-2025,1455.2373,1468.0000,1445.0000,1464.8500,1455.4210,,,,0,ACTIVE,,NATIONAL,cbn_api_GetAllNFEM_Rates_snapshot_20260913T120305Z.json
216,2025-10-03,October-03-2025,1465.6776,1472.0000,1446.0000,1469.0000,1464.9399,,,,0,ACTIVE,,NATIONAL,cbn_api_GetAllNFEM_Rates_snapshot_20260913T120305Z.json
217,2025-10-06,October-06-2025,1470.2614,1475.5000,1464.0000,1464.0000,1470.8435,,,,0,ACTIVE,,NATIONAL,cbn_api_GetAllNFEM_Rates_snapshot_20260913T120305Z.json
218,2025-10-07,October-07-2025,1471.0892,1477.0000,1467.0500,1472.0000,1472.1659,,,,0,ACTIVE,,NATIONAL,cbn_api_GetAllNFEM_Rates_snapshot_20260913T120305Z.json
219,2025-10-08,October-08-2025,1470.6202,1475.0000,1468.0000,1469.0000,1470.6204,,,,0,ACTIVE,,NATIONAL,cbn_api_GetAllNFEM_Rates_snapshot_20260913T120305Z.json
220,2025-10-09,October-09-2025,1466.6526,1472.0000,1463.5000,1464.0000,1466.4537,,,,0,ACTIVE,,NATIONAL,cbn_api_GetAllNFEM_Rates_snapshot_20260913T120305Z.json
221,2025-10-10,October-10-2025,1455.1730,1462.5000,1445.0000,1458.0000,1455.3533,,,,0,ACTIVE,,NATIONAL,cbn_api_GetAllNFEM_Rates_snapshot_20260913T120305Z.json
222,2025-10-13,October-13-2025,1457.5122,1463.5000,1448.0000,1460.0000,1457.3404,,,,0,ACTIVE,,NATIONAL,cbn_api_GetAllNFEM_Rates_snapshot_20260913T120305Z.json
223,2025-10-14,October-14-2025,1463.2342,1474.0000,1457.0000,1467.0100,1464.0802,,,,0,ACTIVE,,NATIONAL,cbn_api_GetAllNFEM_Rates_snapshot_20260913T120305Z.json
224,2025-10-15,October-15-2025,1473.2943,1479.0000,1465.0000,1472.5000,1472.8748,,,,0,ACTIVE,,NATIONAL,cbn_api_GetAllNFEM_Rates_snapshot_20260913T120305Z.json
225,2025-10-16,October-16-2025,1471.0299,1475.0000,1464.4200,1474.0000,1471.8759,,,,0,ACTIVE,,NATIONAL,cbn_api_GetAllNFEM_Rates_snapshot_20260913T120305Z.json
226,2025-10-17,October-17-2025,1475.3516,1482.0000,1469.0000,1471.0000,1475.2843,,,,0,ACTIVE,,NATIONAL,cbn_api_GetAllNFEM_Rates_snapshot_20260913T120305Z.json
227,2025-10-20,October-20-2025,1465.2936,1470.0000,1464.0000,1464.0000,1465.5410,,,,0,ACTIVE,,NATIONAL,cbn_api_GetAllNFEM_Rates_snapshot_20260913T120305Z.json
228,2025-10-21,October-21-2025,1463.4520,1466.5000,1462.0000,1464.5000,1463.6465,,,,0,ACTIVE,,NATIONAL,cbn_api_GetAllNFEM_Rates_snapshot_20260913T120305Z.json
229,2025-10-22,October-22-2025,1463.4375,1466.0000,1452.0000,1462.0000,1463.5756,,,,0,ACTIVE,,NATIONAL,cbn_api_GetAllNFEM_Rates_snapshot_20260913T120305Z.json
230,2025-10-23,October-23-2025,1460.4939,1464.0000,1458.0000,1461.0000,1460.6637,,,,0,ACTIVE,,NATIONAL,cbn_api_GetAllNFEM_Rates_snapshot_20260913T120305Z.json
231,2025-10-24,October-24-2025,1457.9571,1463.0000,1455.5000,1455.5000,1458.4056,,,,0,ACTIVE,,NATIONAL,cbn_api_GetAllNFEM_Rates_snapshot_20260913T120305Z.json
232,2025-10-27,October-27-2025,1452.7943,1457.0000,1450.0000,1452.5000,1453.0716,,,,0,ACTIVE,,NATIONAL,cbn_api_GetAllNFEM_Rates_snapshot_20260913T120305Z.json
233,2025-10-28,October-28-2025,1448.2050,1456.0000,1445.0000,1447.0000,1448.3225,,,,0,ACTIVE,,NATIONAL,cbn_api_GetAllNFEM_Rates_snapshot_20260913T120305Z.json
234,2025-10-29,October-29-2025,1444.4220,1450.0000,1442.0000,1445.0000,1444.3530,,,,0,ACTIVE,,NATIONAL,cbn_api_GetAllNFEM_Rates_snapshot_20260913T120305Z.json
235,2025-10-30,October-30-2025,1436.9701,1445.0000,1431.0000,1431.0000,1437.2577,,,,0,ACTIVE,,NATIONAL,cbn_api_GetAllNFEM_Rates_snapshot_20260913T120305Z.json
236,2025-10-31,October-31-2025,1421.7343,1434.5000,1415.0100,1427.5000,1422.2480,,,,0,ACTIVE,,NATIONAL,cbn_api_GetAllNFEM_Rates_snapshot_20260913T120305Z.json
237,2025-11-03,November-03-2025,1436.3427,1440.0000,1430.6000,1438.0000,1436.4423,,,,0,ACTIVE,,NATIONAL,cbn_api_GetAllNFEM_Rates_snapshot_20260913T120305Z.json
238,2025-11-04,November-04-2025,1433.6585,1442.4500,1430.0000,1441.7500,1434.8473,,,,0,ACTIVE,,NATIONAL,cbn_api_GetAllNFEM_Rates_snapshot_20260913T120305Z.json
239,2025-11-05,November-05-2025,1438.4950,1446.0000,1435.0000,1440.0000,1439.0155,,,,0,ACTIVE,,NATIONAL,cbn_api_GetAllNFEM_Rates_snapshot_20260913T120305Z.json
240,2025-11-06,November-06-2025,1436.7420,1441.0000,1434.0000,1437.5000,1436.7294,,,,0,ACTIVE,,NATIONAL,cbn_api_GetAllNFEM_Rates_snapshot_20260913T120305Z.json
241,2025-11-07,November-07-2025,1436.5778,1438.5000,1434.5000,1438.5000,1436.6961,,,,0,ACTIVE,,NATIONAL,cbn_api_GetAllNFEM_Rates_snapshot_20260913T120305Z.json
242,2025-11-10,November-10-2025,1437.2933,1442.0000,1435.0000,1437.5000,1437.6291,,,,0,ACTIVE,,NATIONAL,cbn_api_GetAllNFEM_Rates_snapshot_20260913T120305Z.json
243,2025-11-11,November-11-2025,1438.7110,1440.8900,1436.0000,1440.8900,1439.1116,,,,0,ACTIVE,,NATIONAL,cbn_api_GetAllNFEM_Rates_snapshot_20260913T120305Z.json
244,2025-11-12,November-12-2025,1443.0804,1444.8500,1438.0000,1444.8500,1442.9457,,,,0,ACTIVE,,NATIONAL,cbn_api_GetAllNFEM_Rates_snapshot_20260913T120305Z.json
245,2025-11-13,November-13-2025,1440.1723,1445.5000,1437.0000,1440.9500,1440.1988,,,,0,ACTIVE,,NATIONAL,cbn_api_GetAllNFEM_Rates_snapshot_20260913T120305Z.json
246,2025-11-14,November-14-2025,1442.4309,1444.9500,1435.0300,1444.0000,1442.5907,,,,0,ACTIVE,,NATIONAL,cbn_api_GetAllNFEM_Rates_snapshot_20260913T120305Z.json
247,2025-11-17,November-17-2025,1448.0304,1450.2500,1440.0000,1447.0000,1447.7089,,,,0,ACTIVE,,NATIONAL,cbn_api_GetAllNFEM_Rates_snapshot_20260913T120305Z.json
248,2025-11-18,November-18-2025,1447.4297,1459.0000,1440.0000,1458.0000,1449.7528,,,,0,ACTIVE,,NATIONAL,cbn_api_GetAllNFEM_Rates_snapshot_20260913T120305Z.json
249,2025-11-19,November-19-2025,1454.1849,1460.5000,1449.9600,1451.0000,1455.5981,,,,0,ACTIVE,,NATIONAL,cbn_api_GetAllNFEM_Rates_snapshot_20260913T120305Z.json
250,2025-11-20,November-20-2025,1452.1342,1459.9900,1450.0000,1459.9500,1452.4654,,,,0,ACTIVE,,NATIONAL,cbn_api_GetAllNFEM_Rates_snapshot_20260913T120305Z.json
251,2025-11-21,November-21-2025,1456.7249,1462.0000,1453.6100,1458.0000,1457.3822,,,,0,ACTIVE,,NATIONAL,cbn_api_GetAllNFEM_Rates_snapshot_20260913T120305Z.json
252,2025-11-24,November-24-2025,1453.8443,1462.5000,1451.0000,1452.0000,1454.2481,,,,0,ACTIVE,,NATIONAL,cbn_api_GetAllNFEM_Rates_snapshot_20260913T120305Z.json
253,2025-11-25,November-25-2025,1446.3156,1455.0000,1441.0000,1441.0000,1446.3205,,,,0,ACTIVE,,NATIONAL,cbn_api_GetAllNFEM_Rates_snapshot_20260913T120305Z.json
254,2025-11-26,November-26-2025,1442.9201,1445.5000,1436.5000,1442.0000,1443.2030,,,,0,ACTIVE,,NATIONAL,cbn_api_GetAllNFEM_Rates_snapshot_20260913T120305Z.json
255,2025-11-27,November-27-2025,1443.9028,1446.0000,1442.0000,1445.9000,1444.0199,,,,0,ACTIVE,,NATIONAL,cbn_api_GetAllNFEM_Rates_snapshot_20260913T120305Z.json
256,2025-11-28,November-28-2025,1446.7421,1449.7500,1445.0000,1446.9000,1446.9735,,,,63,ACTIVE,,NATIONAL,cbn_api_GetAllNFEM_Rates_snapshot_20260913T120305Z.json
257,2025-12-01,December-01-2025,1448.4355,1452.0000,1445.0000,1450.0100,1448.4043,,,,0,ACTIVE,,NATIONAL,cbn_api_GetAllNFEM_Rates_snapshot_20260913T120305Z.json
258,2025-12-02,December-02-2025,1445.3929,1450.5000,1443.0000,1447.0000,1445.3581,,,,0,ACTIVE,,NATIONAL,cbn_api_GetAllNFEM_Rates_snapshot_20260913T120305Z.json
259,2025-12-03,December-03-2025,1447.6494,1450.0000,1443.5000,1447.5000,1447.8217,,,,0,ACTIVE,,NATIONAL,cbn_api_GetAllNFEM_Rates_snapshot_20260913T120305Z.json
260,2025-12-04,December-04-2025,1447.8263,1450.0000,1446.0000,1449.0000,1448.6496,,,,0,ACTIVE,,NATIONAL,cbn_api_GetAllNFEM_Rates_snapshot_20260913T120305Z.json
261,2025-12-05,December-05-2025,1450.4287,1456.0000,1448.2900,1454.0000,1452.3895,,,,0,ACTIVE,,NATIONAL,cbn_api_GetAllNFEM_Rates_snapshot_20260913T120305Z.json
262,2025-12-08,December-08-2025,1451.8630,1457.0000,1450.2500,1454.0000,1453.3639,,,,0,ACTIVE,,NATIONAL,cbn_api_GetAllNFEM_Rates_snapshot_20260913T120305Z.json
263,2025-12-09,December-09-2025,1454.3805,1456.5000,1450.2500,1454.0000,1454.4270,,,,0,ACTIVE,,NATIONAL,cbn_api_GetAllNFEM_Rates_snapshot_20260913T120305Z.json
264,2025-12-10,December-10-2025,1455.3823,1458.0000,1453.7600,1458.0000,1456.1241,,,,0,ACTIVE,,NATIONAL,cbn_api_GetAllNFEM_Rates_snapshot_20260913T120305Z.json
265,2025-12-11,December-11-2025,1456.0656,1459.0000,1453.5500,1455.2500,1456.4073,,,,0,ACTIVE,,NATIONAL,cbn_api_GetAllNFEM_Rates_snapshot_20260913T120305Z.json
266,2025-12-12,December-12-2025,1454.4123,1458.5000,1453.0000,1455.5000,1454.5012,,,,0,ACTIVE,,NATIONAL,cbn_api_GetAllNFEM_Rates_snapshot_20260913T120305Z.json
267,2025-12-15,December-15-2025,1451.8169,1455.0000,1450.0000,1454.0000,1452.3837,,,,0,ACTIVE,,NATIONAL,cbn_api_GetAllNFEM_Rates_snapshot_20260913T120305Z.json
268,2025-12-16,December-16-2025,1455.0817,1458.9900,1452.0000,1457.0000,1455.4802,,,,0,ACTIVE,,NATIONAL,cbn_api_GetAllNFEM_Rates_snapshot_20260913T120305Z.json
269,2025-12-17,December-17-2025,1455.4983,1460.7500,1453.0700,1458.0200,1457.8395,,,,0,ACTIVE,,NATIONAL,cbn_api_GetAllNFEM_Rates_snapshot_20260913T120305Z.json
270,2025-12-18,December-18-2025,1457.8402,1462.9000,1456.5000,1462.9000,1459.3597,,,,0,ACTIVE,,NATIONAL,cbn_api_GetAllNFEM_Rates_snapshot_20260913T120305Z.json
271,2025-12-19,December-19-2025,1464.4974,1469.9000,1460.0000,1466.5000,1465.5126,,,,0,ACTIVE,,NATIONAL,cbn_api_GetAllNFEM_Rates_snapshot_20260913T120305Z.json
272,2025-12-22,December-22-2025,1456.5637,1466.0000,1431.0000,1456.0000,1457.3517,,,,0,ACTIVE,,NATIONAL,cbn_api_GetAllNFEM_Rates_snapshot_20260913T120305Z.json
273,2025-12-23,December-23-2025,1449.9869,1455.5000,1447.5000,1452.0000,1450.3049,,,,0,ACTIVE,,NATIONAL,cbn_api_GetAllNFEM_Rates_snapshot_20260913T120305Z.json
274,2025-12-24,December-24-2025,1443.3767,1455.0000,1435.0100,1451.0000,1445.8479,,,,0,ACTIVE,,NATIONAL,cbn_api_GetAllNFEM_Rates_snapshot_20260913T120305Z.json
276,2025-12-29,December-29-2025,1442.5126,1450.0000,1438.1500,1446.4000,1444.3550,,,,0,ACTIVE,,NATIONAL,cbn_api_GetAllNFEM_Rates_snapshot_20260913T120305Z.json
277,2025-12-30,December-30-2025,1445.6828,1447.0000,1443.0000,1445.0000,1445.6766,,,,0,ACTIVE,,NATIONAL,cbn_api_GetAllNFEM_Rates_snapshot_20260913T120305Z.json
278,2025-12-31,December-31-2025,1435.7571,1439.5000,1427.0000,1429.0000,1436.3106,,,,0,ACTIVE,,NATIONAL,cbn_api_GetAllNFEM_Rates_snapshot_20260913T120305Z.json
279,2026-01-02,January-02-2026,1430.8479,1438.5000,1427.0000,1431.0000,1431.1265,,,,0,ACTIVE,,NATIONAL,cbn_api_GetAllNFEM_Rates_snapshot_20260913T120305Z.json
280,2026-01-05,January-05-2026,1429.3054,1433.0000,1424.0000,1428.0000,1429.4128,,,,0,ACTIVE,,NATIONAL,cbn_api_GetAllNFEM_Rates_snapshot_20260913T120305Z.json
281,2026-01-06,January-06-2026,1419.0650,1426.0000,1414.0000,1416.0000,1420.1161,,,,0,ACTIVE,,NATIONAL,cbn_api_GetAllNFEM_Rates_snapshot_20260913T120305Z.json
282,2026-01-07,January-07-2026,1418.2606,1423.0000,1415.0000,1421.0000,1418.4442,,,,0,ACTIVE,,NATIONAL,cbn_api_GetAllNFEM_Rates_snapshot_20260913T120305Z.json
283,2026-01-08,January-08-2026,1419.7151,1422.0000,1418.0000,1421.0000,1419.9258,,,,0,ACTIVE,,NATIONAL,cbn_api_GetAllNFEM_Rates_snapshot_20260913T120305Z.json
284,2026-01-09,January-09-2026,1423.1674,1430.0000,1420.1500,1424.5000,1424.2720,,,,0,ACTIVE,,NATIONAL,cbn_api_GetAllNFEM_Rates_snapshot_20260913T120305Z.json
285,2026-01-12,January-12-2026,1421.4581,1426.0000,1419.0000,1425.0000,1421.9705,,,,0,ACTIVE,,NATIONAL,cbn_api_GetAllNFEM_Rates_snapshot_20260913T120305Z.json
286,2026-01-13,January-13-2026,1419.6585,1424.0000,1418.0000,1420.2500,1419.8775,,,,0,ACTIVE,,NATIONAL,cbn_api_GetAllNFEM_Rates_snapshot_20260913T120305Z.json
287,2026-01-14,January-14-2026,1420.0375,1421.0000,1419.0000,1419.5000,1420.2002,,,,0,ACTIVE,,NATIONAL,cbn_api_GetAllNFEM_Rates_snapshot_20260913T120305Z.json
288,2026-01-15,January-15-2026,1419.2844,1422.0000,1418.0000,1420.0000,1419.5368,,,,0,ACTIVE,,NATIONAL,cbn_api_GetAllNFEM_Rates_snapshot_20260913T120305Z.json
289,2026-01-16,January-16-2026,1417.9483,1420.5000,1416.8000,1417.9500,1418.1656,,,,0,ACTIVE,,NATIONAL,cbn_api_GetAllNFEM_Rates_snapshot_20260913T120305Z.json
290,2026-01-19,January-19-2026,1420.2814,1421.0000,1419.5000,1420.5000,1420.3325,,,,0,ACTIVE,,NATIONAL,cbn_api_GetAllNFEM_Rates_snapshot_20260913T120305Z.json
291,2026-01-20,January-20-2026,1419.3452,1421.0000,1418.4000,1420.0000,1419.3920,,,,0,ACTIVE,,NATIONAL,cbn_api_GetAllNFEM_Rates_snapshot_20260913T120305Z.json
292,2026-01-21,January-21-2026,1420.6920,1423.0000,1419.0000,1423.0000,1421.0570,,,,0,ACTIVE,,NATIONAL,cbn_api_GetAllNFEM_Rates_snapshot_20260913T120305Z.json
293,2026-01-22,January-22-2026,1422.0703,1423.5000,1421.0000,1421.5000,1422.1474,,,,0,ACTIVE,,NATIONAL,cbn_api_GetAllNFEM_Rates_snapshot_20260913T120305Z.json
294,2026-01-23,January-23-2026,1421.6265,1423.5000,1420.0000,1421.9000,1421.7565,,,,0,ACTIVE,,NATIONAL,cbn_api_GetAllNFEM_Rates_snapshot_20260913T120305Z.json
295,2026-01-26,January-26-2026,1418.9522,1422.5000,1415.1000,1416.5000,1418.6025,,,,0,ACTIVE,,NATIONAL,cbn_api_GetAllNFEM_Rates_snapshot_20260913T120305Z.json
296,2026-01-27,January-27-2026,1401.2209,1415.0000,1400.0000,1409.5000,1408.2815,,,,0,ACTIVE,,NATIONAL,cbn_api_GetAllNFEM_Rates_snapshot_20260913T120305Z.json
297,2026-01-28,January-28-2026,1399.9503,1409.0000,1392.0000,1394.0000,1400.7368,,,,0,ACTIVE,,NATIONAL,cbn_api_GetAllNFEM_Rates_snapshot_20260913T120305Z.json
298,2026-01-29,January-29-2026,1396.9909,1400.0000,1367.0000,1385.0000,1380.7160,,,,0,ACTIVE,,NATIONAL,cbn_api_GetAllNFEM_Rates_snapshot_20260913T120305Z.json
299,2026-01-30,January-30-2026,1386.5532,1392.0000,1381.0000,1391.0000,1387.1074,,,,0,ACTIVE,,NATIONAL,cbn_api_GetAllNFEM_Rates_snapshot_20260913T120305Z.json
300,2026-02-02,February-02-2026,1390.3622,1396.0000,1381.0000,1384.5000,1390.5387,,,,0,ACTIVE,,NATIONAL,cbn_api_GetAllNFEM_Rates_snapshot_20260913T120305Z.json
301,2026-02-03,February-03-2026,1372.9142,1387.0000,1360.0000,1367.0000,1372.5186,,,,0,ACTIVE,,NATIONAL,cbn_api_GetAllNFEM_Rates_snapshot_20260913T120305Z.json
302,2026-02-04,February-04-2026,1358.2839,1365.0000,1348.0000,1359.0000,1357.1987,,,,0,ACTIVE,,NATIONAL,cbn_api_GetAllNFEM_Rates_snapshot_20260913T120305Z.json
303,2026-02-05,February-05-2026,1366.0573,1370.0000,1361.8000,1368.0000,1366.3652,,,,0,ACTIVE,,NATIONAL,cbn_api_GetAllNFEM_Rates_snapshot_20260913T120305Z.json
304,2026-02-06,February-06-2026,1366.1954,1373.0000,1361.0000,1363.0000,1366.7828,,,,0,ACTIVE,,NATIONAL,cbn_api_GetAllNFEM_Rates_snapshot_20260913T120305Z.json
305,2026-02-09,February-09-2026,1354.2574,1360.0000,1352.5000,1354.9000,1354.5854,,,,0,ACTIVE,,NATIONAL,cbn_api_GetAllNFEM_Rates_snapshot_20260913T120305Z.json
306,2026-02-10,February-10-2026,1351.0205,1354.0000,1349.3000,1349.5000,1351.0554,,,,0,ACTIVE,,NATIONAL,cbn_api_GetAllNFEM_Rates_snapshot_20260913T120305Z.json
307,2026-02-11,February-11-2026,1348.9529,1351.5000,1345.0000,1350.0000,1348.8069,,,,0,ACTIVE,,NATIONAL,cbn_api_GetAllNFEM_Rates_snapshot_20260913T120305Z.json
308,2026-02-12,February-12-2026,1353.6556,1357.0000,1350.0000,1355.0000,1354.0747,,,,0,ACTIVE,,NATIONAL,cbn_api_GetAllNFEM_Rates_snapshot_20260913T120305Z.json
309,2026-02-13,February-13-2026,1355.4181,1358.0000,1353.0000,1358.0000,1355.4474,,,,0,ACTIVE,,NATIONAL,cbn_api_GetAllNFEM_Rates_snapshot_20260913T120305Z.json
311,2026-02-16,February-16-2026,1347.7789,1353.0000,1342.5000,1344.0000,1348.1149,,,,0,ACTIVE,,NATIONAL,cbn_api_GetAllNFEM_Rates_snapshot_20260913T120305Z.json
312,2026-02-17,February-17-2026,1335.9580,1344.0000,1318.0000,1337.0000,1334.6334,,,,0,ACTIVE,,NATIONAL,cbn_api_GetAllNFEM_Rates_snapshot_20260913T120305Z.json
313,2026-02-18,February-18-2026,1338.1066,1340.0000,1328.0000,1340.0000,1337.1657,,,,0,ACTIVE,,NATIONAL,cbn_api_GetAllNFEM_Rates_snapshot_20260913T120305Z.json
314,2026-02-19,February-19-2026,1341.3509,1350.0000,1332.2500,1346.0000,1339.5458,,,,0,ACTIVE,,NATIONAL,cbn_api_GetAllNFEM_Rates_snapshot_20260913T120305Z.json
315,2026-02-20,February-20-2026,1346.3234,1349.2500,1343.0000,1348.0000,1346.0829,,,,0,ACTIVE,,NATIONAL,cbn_api_GetAllNFEM_Rates_snapshot_20260913T120305Z.json
316,2026-02-23,February-23-2026,1349.2352,1354.5000,1343.0000,1353.5000,1349.2371,,,,0,ACTIVE,,NATIONAL,cbn_api_GetAllNFEM_Rates_snapshot_20260913T120305Z.json
317,2026-02-24,February-24-2026,1355.3745,1362.0000,1351.5000,1359.0000,1356.4223,,,,0,ACTIVE,,NATIONAL,cbn_api_GetAllNFEM_Rates_snapshot_20260913T120305Z.json
318,2026-02-25,February-25-2026,1356.1141,1361.5000,1353.0000,1359.5000,1356.9775,,,,0,ACTIVE,,NATIONAL,cbn_api_GetAllNFEM_Rates_snapshot_20260913T120305Z.json
319,2026-02-26,February-26-2026,1359.8181,1362.9000,1356.5000,1361.5000,1359.8007,,,,0,ACTIVE,,NATIONAL,cbn_api_GetAllNFEM_Rates_snapshot_20260913T120305Z.json
320,2026-02-27,February-27-2026,1363.3954,1369.0000,1345.0000,1368.5000,1364.7455,,,,0,ACTIVE,,NATIONAL,cbn_api_GetAllNFEM_Rates_snapshot_20260913T120305Z.json
321,2026-03-02,March-02-2026,1378.0246,1397.0000,1368.5000,1376.0000,1378.4822,,,,0,ACTIVE,,NATIONAL,cbn_api_GetAllNFEM_Rates_snapshot_20260913T120305Z.json
322,2026-03-03,March-03-2026,1384.2920,1405.0000,1370.0000,1390.0000,1386.9084,,,,0,ACTIVE,,NATIONAL,cbn_api_GetAllNFEM_Rates_snapshot_20260913T120305Z.json
323,2026-03-04,March-04-2026,1387.0955,1400.0000,1382.5000,1382.6500,1388.1350,,,,0,ACTIVE,,NATIONAL,cbn_api_GetAllNFEM_Rates_snapshot_20260913T120305Z.json
324,2026-03-05,March-05-2026,1387.4475,1392.0000,1385.5000,1388.0000,1387.8597,,,,0,ACTIVE,,NATIONAL,cbn_api_GetAllNFEM_Rates_snapshot_20260913T120305Z.json
325,2026-03-06,March-06-2026,1393.2556,1404.0000,1398.0000,1398.0000,1394.5528,,,,0,ACTIVE,,NATIONAL,cbn_api_GetAllNFEM_Rates_snapshot_20260913T120305Z.json
326,2026-03-09,March-09-2026,1405.6238,1425.0000,1402.3000,1425.0000,1411.3353,,,,0,ACTIVE,,NATIONAL,cbn_api_GetAllNFEM_Rates_snapshot_20260913T120305Z.json
327,2026-03-10,March-10-2026,1401.4014,1415.5000,1381.0000,1390.5000,1400.1341,207731897.1800,174,1140186429.2500,428,ACTIVE,,NATIONAL,cbn_api_GetAllNFEM_Rates_snapshot_20260913T120305Z.json
328,2026-03-11,March-11-2026,1376.1925,1388.0000,1373.0000,1373.5000,1377.0949,154187115.8500,138,998686105.0600,388,ACTIVE,,NATIONAL,cbn_api_GetAllNFEM_Rates_snapshot_20260913T120305Z.json
329,2026-03-12,March-12-2026,1371.5063,1390.0000,1362.0000,1370.0000,1372.6543,159698548.2500,142,700435273.0600,354,ACTIVE,,NATIONAL,cbn_api_GetAllNFEM_Rates_snapshot_20260913T120305Z.json
330,2026-03-13,March-13-2026,1366.2330,1374.0000,1362.0000,1363.5000,1366.4089,179911783.7500,146,1127761836.8000,374,ACTIVE,,NATIONAL,cbn_api_GetAllNFEM_Rates_snapshot_20260913T120305Z.json
332,2026-03-16,March-16-2026,1357.7697,1365.3500,1354.0000,1355.0000,1358.7150,85753860.5300,88,346275565.9000,272,ACTIVE,,NATIONAL,cbn_api_GetAllNFEM_Rates_snapshot_20260913T120305Z.json
333,2026-03-17,March-17-2026,1344.4158,1355.0000,1340.0000,1345.0000,1344.5358,104480615.9400,136,370979488.5800,342,ACTIVE,,NATIONAL,cbn_api_GetAllNFEM_Rates_snapshot_20260913T120305Z.json
334,2026-03-18,March-18-2026,1353.9018,1362.0000,1349.0000,1362.0000,1355.0659,72440479.8000,86,242706206.9100,255,ACTIVE,,NATIONAL,cbn_api_GetAllNFEM_Rates_snapshot_20260913T120305Z.json
335,2026-03-23,March-23-2026,1388.3841,1399.0000,1380.0000,1383.0000,1387.7055,188126108.1700,144,984139865.8300,404,ACTIVE,,NATIONAL,cbn_api_GetAllNFEM_Rates_snapshot_20260913T120305Z.json
336,2026-03-24,March-24-2026,1382.6325,1389.0000,1372.0000,1383.5000,1381.8642,83438436.1400,88,480096825.7600,293,ACTIVE,,NATIONAL,cbn_api_GetAllNFEM_Rates_snapshot_20260913T120305Z.json
337,2026-03-25,March-25-2026,1386.7049,1391.5000,1376.0000,1391.0000,1387.2227,55697548.7500,64,325962381.4300,231,ACTIVE,,NATIONAL,cbn_api_GetAllNFEM_Rates_snapshot_20260913T120305Z.json
338,2026-03-26,March-26-2026,1383.8830,1391.0000,1375.0000,1389.0000,1385.5284,91529942.5600,107,375654114.3300,318,ACTIVE,,NATIONAL,cbn_api_GetAllNFEM_Rates_snapshot_20260913T120305Z.json
339,2026-03-27,March-27-2026,1380.5766,1384.5000,1377.0000,1384.2500,1381.0235,172892372.8600,141,503009336.7800,353,ACTIVE,,NATIONAL,cbn_api_GetAllNFEM_Rates_snapshot_20260913T120305Z.json
340,2026-03-30,March-30-2026,1383.5814,1391.0000,1380.0000,1386.7500,1384.5513,145291920.4400,115,374001433.4100,303,ACTIVE,,NATIONAL,cbn_api_GetAllNFEM_Rates_snapshot_20260913T120305Z.json
341,2026-03-31,March-31-2026,1386.7156,1388.0000,1385.5000,1387.0000,1386.6932,30953116.8800,44,218256011.5200,206,ACTIVE,,NATIONAL,cbn_api_GetAllNFEM_Rates_snapshot_20260913T120305Z.json
342,2026-04-01,April-01-2026,1378.7011,1384.5000,1372.0000,1376.0000,1378.4936,116217839.1900,130,524256474.8300,376,ACTIVE,,NATIONAL,cbn_api_GetAllNFEM_Rates_snapshot_20260913T120305Z.json
343,2026-04-02,April-02-2026,1380.7942,1385.0000,1373.0000,1382.7500,1380.9818,73900416.5600,87,73900416.5600,267,ACTIVE,,NATIONAL,cbn_api_GetAllNFEM_Rates_snapshot_20260913T120305Z.json
344,2026-04-07,April-07-2026,1386.6573,1390.0000,1381.0000,1389.0000,1386.3062,48655051.7800,71,430248690.2100,267,ACTIVE,,NATIONAL,cbn_api_GetAllNFEM_Rates_snapshot_20260913T120305Z.json
345,2026-04-08,April-08-2026,1371.8224,1388.0000,1363.5000,1369.0000,1371.6130,214396575.2100,220,966397920.8100,515,ACTIVE,,NATIONAL,cbn_api_GetAllNFEM_Rates_snapshot_20260913T120305Z.json
347,2026-04-09,April-09-2026,1359.3156,1365.0000,1351.5000,1365.0000,1359.8950,71156419.4100,115,341380947.3100,322,ACTIVE,,NATIONAL,cbn_api_GetAllNFEM_Rates_snapshot_20260913T120305Z.json
348,2026-04-10,April-10-2026,1356.8898,1362.5000,1354.5000,1355.2500,1356.8947,114887519.2200,141,403126887.6900,353,ACTIVE,,NATIONAL,cbn_api_GetAllNFEM_Rates_snapshot_20260913T120305Z.json
350,2026-04-13,April-13-2026,1356.1852,1363.0000,1355.0000,1358.0000,1356.7600,38256459.3500,59,225237146.8300,246,ACTIVE,,NATIONAL,cbn_api_GetAllNFEM_Rates_snapshot_20260913T120305Z.json
351,2026-04-14,April-14-2026,1343.7658,1350.0000,1334.0000,1348.0000,1344.3746,141315924.0700,175,731945518.5600,415,ACTIVE,,NATIONAL,cbn_api_GetAllNFEM_Rates_snapshot_20260913T120305Z.json
352,2026-04-15,April-15-2026,1343.7409,1350.0000,1341.9900,1341.9900,1343.8061,114347759.1600,133,500816623.6800,340,ACTIVE,,NATIONAL,cbn_api_GetAllNFEM_Rates_snapshot_20260913T120305Z.json
353,2026-04-16,April-16-2026,1342.3037,1344.0000,1340.0000,1341.0100,1342.2405,74255410.5000,82,292886730.0300,268,ACTIVE,,NATIONAL,cbn_api_GetAllNFEM_Rates_snapshot_20260913T120305Z.json
354,2026-04-17,April-17-2026,1343.6398,1348.0000,1340.0000,1342.5000,1343.4224,124340850.7500,145,593047905.6300,390,ACTIVE,,NATIONAL,cbn_api_GetAllNFEM_Rates_snapshot_20260913T120305Z.json
355,2026-04-20,April-20-2026,1349.6737,1353.0000,1341.0000,1349.6737,1349.7223,18773628.7600,39,319455459.1000,188,ACTIVE,,NATIONAL,cbn_api_GetAllNFEM_Rates_snapshot_20260913T120305Z.json
356,2026-04-21,April-21-2026,1350.7402,1357.0000,1345.0000,1350.9900,1350.0253,91866469.3000,106,348789316.9700,294,ACTIVE,,NATIONAL,cbn_api_GetAllNFEM_Rates_snapshot_20260913T120305Z.json
357,2026-04-22,April-22-2026,1348.4492,1350.4500,1340.0000,1348.1000,1348.6563,66084656.8000,87,370652888.9900,257,ACTIVE,,NATIONAL,cbn_api_GetAllNFEM_Rates_snapshot_20260913T120305Z.json
358,2026-04-23,April-23-2026,1353.9081,1355.8000,1350.0000,1355.0000,1354.1859,28117882.7900,46,171455090.1700,184,ACTIVE,,NATIONAL,cbn_api_GetAllNFEM_Rates_snapshot_20260913T120305Z.json
359,2026-04-24,April-24-2026,1358.4351,1361.5000,1354.0000,1361.5000,1358.6634,43562536.9400,68,195479183.2400,228,ACTIVE,,NATIONAL,cbn_api_GetAllNFEM_Rates_snapshot_20260913T120305Z.json
360,2026-04-27,April-27-2026,1364.2374,1370.0000,1359.5000,1369.0000,1364.5433,76650806.0000,79,276707542.0400,241,ACTIVE,,NATIONAL,cbn_api_GetAllNFEM_Rates_snapshot_20260913T120305Z.json
361,2026-04-28,April-28-2026,1380.7066,1385.0000,1367.5000,1383.0000,1380.1973,98829352.9800,78,570605220.0700,251,ACTIVE,,NATIONAL,cbn_api_GetAllNFEM_Rates_snapshot_20260913T120305Z.json
362,2026-04-29,April-29-2026,1379.4605,1386.0000,1365.0000,1370.5000,1378.4720,249905525.0500,180,802449751.1400,393,ACTIVE,,NATIONAL,cbn_api_GetAllNFEM_Rates_snapshot_20260913T120305Z.json
363,2026-04-30,April-30-2026,1374.9431,1378.0000,1370.0000,1374.0000,1375.1925,58028241.9900,53,370364244.4200,241,ACTIVE,,NATIONAL,cbn_api_GetAllNFEM_Rates_snapshot_20260913T120305Z.json
364,2026-05-04,May-04-2026,1365.2474,1374.5000,1362.0000,1367.5000,1365.8909,59933913.5500,85,266584079.3900,262,ACTIVE,,NATIONAL,cbn_api_GetAllNFEM_Rates_snapshot_20260913T120305Z.json
365,2026-05-05,May-05-2026,1366.5592,1370.5000,1362.0000,1362.0000,1366.2722,71587752.8800,99,424460108.9300,287,ACTIVE,,NATIONAL,cbn_api_GetAllNFEM_Rates_snapshot_20260913T120305Z.json
366,2026-05-06,May-06-2026,1357.3371,1365.5000,1350.0000,1361.0000,1357.4116,158179829.5200,161,772574972.0200,368,ACTIVE,,NATIONAL,cbn_api_GetAllNFEM_Rates_snapshot_20260913T120305Z.json
367,2026-05-07,May-07-2026,1355.8502,1360.5000,1354.0000,1358.0100,1355.9429,145842388.0500,118,145842388.0500,327,ACTIVE,,NATIONAL,cbn_api_GetAllNFEM_Rates_snapshot_20260913T120305Z.json
368,2026-05-08,May-08-2026,1361.3950,1366.5000,1355.0000,1364.0000,1361.4499,78150527.2400,91,502286131.4500,277,ACTIVE,,NATIONAL,cbn_api_GetAllNFEM_Rates_snapshot_20260913T120305Z.json
369,2026-05-11,May-11-2026,1373.1640,1375.0000,1367.0000,1375.0000,1372.9822,51170646.0700,67,206464281.8800,211,ACTIVE,,NATIONAL,cbn_api_GetAllNFEM_Rates_snapshot_20260913T120305Z.json
370,2026-05-12,May-12-2026,1375.6219,1377.9900,1372.7500,1373.0000,1375.9053,74467573.5400,104,1823484696.3900,281,ACTIVE,,NATIONAL,cbn_api_GetAllNFEM_Rates_snapshot_20260913T120305Z.json
371,2026-05-13,May-13-2026,1370.5600,1376.0000,1367.0000,1368.9500,1370.2200,130549292.3700,130,802797106.6200,347,ACTIVE,,NATIONAL,cbn_api_GetAllNFEM_Rates_snapshot_20260913T120305Z.json
372,2026-05-14,May-14-2026,1370.8862,1372.0000,1369.5000,1371.0000,1370.9728,78783634.2300,103,509221422.2800,289,ACTIVE,,NATIONAL,cbn_api_GetAllNFEM_Rates_snapshot_20260913T120305Z.json
373,2026-05-15,May-15-2026,1371.0391,1373.9000,1369.0000,1372.0000,1371.4966,48487630.5300,58,227983207.7700,213,ACTIVE,,NATIONAL,cbn_api_GetAllNFEM_Rates_snapshot_20260913T120305Z.json
374,2026-05-18,May-18-2026,1373.7004,1374.5000,1370.0000,1373.5000,1373.6416,76296960.9500,92,351600803.8200,261,ACTIVE,,NATIONAL,cbn_api_GetAllNFEM_Rates_snapshot_20260913T120305Z.json
375,2026-05-19,May-19-2026,1373.8717,1374.9900,1370.0000,1373.6500,1373.8262,72423803.6300,76,286029816.8000,261,ACTIVE,,NATIONAL,cbn_api_GetAllNFEM_Rates_snapshot_20260913T120305Z.json
376,2026-05-20,May-20-2026,1373.3431,1374.0000,1372.5000,1372.5000,1373.4098,68020779.1700,112,648290341.9200,302,ACTIVE,,NATIONAL,cbn_api_GetAllNFEM_Rates_snapshot_20260913T120305Z.json
377,2026-05-21,May-21-2026,1372.3079,1374.0000,1370.0000,1372.7500,1372.3163,116043716.8500,105,486159649.4400,304,ACTIVE,,NATIONAL,cbn_api_GetAllNFEM_Rates_snapshot_20260913T120305Z.json
378,2026-05-22,May-22-2026,1375.4580,1377.9000,1374.0000,1375.0000,1375.6624,62344540.6300,84,428007326.8500,248,ACTIVE,,NATIONAL,cbn_api_GetAllNFEM_Rates_snapshot_20260913T120305Z.json
379,2026-05-25,May-25-2026,1374.9172,1377.0000,1373.0000,1377.0000,1374.9075,55786728.9400,71,175335154.1200,217,ACTIVE,,NATIONAL,cbn_api_GetAllNFEM_Rates_snapshot_20260913T120305Z.json
380,2026-05-26,May-26-2026,1375.4073,1376.9900,1374.0000,1374.0000,1375.4419,73598208.4900,110,338146410.7900,303,ACTIVE,,NATIONAL,cbn_api_GetAllNFEM_Rates_snapshot_20260913T120305Z.json
381,2026-05-29,May-29-2026,1373.2545,1375.0000,1372.0000,1372.0000,1373.2190,78838630.8700,110,598698489.1700,327,ACTIVE,,NATIONAL,cbn_api_GetAllNFEM_Rates_snapshot_20260913T120305Z.json
382,2026-06-01,June-01-2026,1366.7950,1373.5000,1360.0000,1366.0000,1366.7305,177927558.0600,164,795552298.2000,392,ACTIVE,,NATIONAL,cbn_api_GetAllNFEM_Rates_snapshot_20260913T120305Z.json
383,2026-06-02,June-02-2026,1361.0497,1365.0000,1359.5000,1360.2200,1361.1062,169822150.8000,168,676425584.1800,376,ACTIVE,,NATIONAL,cbn_api_GetAllNFEM_Rates_snapshot_20260913T120305Z.json
384,2026-06-03,June-03-2026,1357.2615,1370.0000,1350.0000,1360.0000,1358.0835,133731186.5700,136,514981883.6800,332,ACTIVE,,NATIONAL,cbn_api_GetAllNFEM_Rates_snapshot_20260913T120305Z.json
385,2026-06-04,June-04-2026,1358.7478,1361.5000,1356.7500,1359.7500,1359.1385,128171224.0900,121,520008688.6000,320,ACTIVE,,NATIONAL,cbn_api_GetAllNFEM_Rates_snapshot_20260913T120305Z.json
386,2026-06-05,June-05-2026,1362.2123,1366.0000,1360.0000,1365.0000,1362.4730,73565937.1700,90,376475702.7200,276,ACTIVE,,NATIONAL,cbn_api_GetAllNFEM_Rates_snapshot_20260913T120305Z.json
387,2026-06-08,June-08-2026,1362.8397,1365.5000,1361.0000,1362.1600,1362.8906,92248407.2500,90,598567529.7200,266,ACTIVE,,NATIONAL,cbn_api_GetAllNFEM_Rates_snapshot_20260913T120305Z.json
388,2026-06-09,June-09-2026,1360.5519,1363.0000,1359.0000,1359.5000,1360.7971,141885712.5500,146,857668137.0900,336,ACTIVE,,NATIONAL,cbn_api_GetAllNFEM_Rates_snapshot_20260913T120305Z.json
389,2026-06-10,June-10-2026,1362.0549,1363.5000,1360.0000,1363.0000,1362.1250,75374336.0100,109,607894474.8900,314,ACTIVE,,NATIONAL,cbn_api_GetAllNFEM_Rates_snapshot_20260913T120305Z.json
390,2026-06-11,June-11-2026,1363.8250,1365.5000,1362.0000,1365.4000,1363.9476,70420656.4900,84,359273285.1900,255,ACTIVE,,NATIONAL,cbn_api_GetAllNFEM_Rates_snapshot_20260913T120305Z.json
391,2026-06-15,June-15-2026,1356.2704,1360.0000,1354.5000,1356.0000,1356.5328,184337908.0000,193,985562928.9300,437,ACTIVE,,NATIONAL,cbn_api_GetAllNFEM_Rates_snapshot_20260913T120305Z.json
392,2026-06-16,June-16-2026,1357.1808,1359.0000,1355.5000,1356.5000,1357.1743,125686356.8400,125,544221388.6600,306,ACTIVE,,NATIONAL,cbn_api_GetAllNFEM_Rates_snapshot_20260913T120305Z.json
393,2026-06-17,June-17-2026,1360.0725,1361.5000,1357.0000,1361.5000,1360.1364,54293411.2200,74,292721914.0200,259,ACTIVE,,NATIONAL,cbn_api_GetAllNFEM_Rates_snapshot_20260913T120305Z.json
394,2026-06-18,June-18-2026,1363.3040,1366.0000,1361.0000,1365.5000,1363.2544,69918476.8500,85,378344712.9700,253,ACTIVE,,NATIONAL,cbn_api_GetAllNFEM_Rates_snapshot_20260913T120305Z.json
395,2026-06-19,June-19-2026,1370.4556,1374.0000,1365.0000,1371.5000,1370.7539,39897141.5200,59,207136137.2600,201,ACTIVE,,NATIONAL,cbn_api_GetAllNFEM_Rates_snapshot_20260913T120305Z.json
397,2026-06-22,June-22-2026,1369.1064,1373.0000,1368.0000,1369.0000,1369.3293,65206726.6500,94,404939670.9700,290,ACTIVE,,NATIONAL,cbn_api_GetAllNFEM_Rates_snapshot_20260913T120305Z.json
398,2026-06-23,June-23-2026,1370.6373,1375.0000,1365.5000,1373.0000,1370.7927,125314378.0300,106,660247397.8900,320,ACTIVE,,NATIONAL,cbn_api_GetAllNFEM_Rates_snapshot_20260913T120305Z.json
399,2026-06-24,June-24-2026,1380.0775,1392.0000,1368.0000,1389.0000,1380.4642,125588564.5200,126,799020327.6300,327,ACTIVE,,NATIONAL,cbn_api_GetAllNFEM_Rates_snapshot_20260913T120305Z.json
400,2026-06-25,June-25-2026,1380.1079,1390.5000,1376.0000,1383.0000,1382.1840,195371554.8200,121,923639901.2500,304,ACTIVE,,NATIONAL,cbn_api_GetAllNFEM_Rates_snapshot_20260913T120305Z.json
401,2026-06-26,June-26-2026,1380.9329,1385.5000,1376.0000,1384.0000,1382.0238,124215262.5500,108,437086192.3700,299,ACTIVE,,NATIONAL,cbn_api_GetAllNFEM_Rates_snapshot_20260913T120305Z.json
402,2026-06-29,June-29-2026,1383.6262,1390.0000,1377.5000,1385.0000,1384.4250,223938283.7100,173,910779656.4600,378,ACTIVE,,NATIONAL,cbn_api_GetAllNFEM_Rates_snapshot_20260913T120305Z.json
403,2026-06-30,June-30-2026,1379.6842,1384.0000,1370.0000,1376.0000,1379.3691,269898243.4900,166,1066769206.8600,399,ACTIVE,,NATIONAL,cbn_api_GetAllNFEM_Rates_snapshot_20260913T120305Z.json
404,2026-07-01,July-01-2026,1372.4072,1378.5000,1368.0000,1369.0000,1372.0429,90303679.6400,91,599367805.0500,305,ACTIVE,,NATIONAL,cbn_api_GetAllNFEM_Rates_snapshot_20260913T120305Z.json
405,2026-07-02,July-02-2026,1370.1516,1373.0000,1360.0000,1371.4000,1370.1250,85517557.2100,94,543319146.5800,295,ACTIVE,,NATIONAL,cbn_api_GetAllNFEM_Rates_snapshot_20260913T120305Z.json
406,2026-07-03,July-03-2026,1370.1904,1373.0000,1369.0000,1370.0000,1370.1732,70430599.0800,82,411989877.3400,274,ACTIVE,,NATIONAL,cbn_api_GetAllNFEM_Rates_snapshot_20260913T120305Z.json
407,2026-07-06,July-06-2026,1368.2664,1371.9000,1366.0000,1371.0000,1368.8550,54180728.7400,70,220180425.5000,211,ACTIVE,,NATIONAL,cbn_api_GetAllNFEM_Rates_snapshot_20260913T120305Z.json
408,2026-07-07,July-07-2026,1375.7463,1380.0000,1369.0000,1379.0000,1375.2560,41736253.1500,47,423023932.9600,194,ACTIVE,,NATIONAL,cbn_api_GetAllNFEM_Rates_snapshot_20260913T120305Z.json
409,2026-07-08,July-08-2026,1379.0675,1387.0000,1376.0000,1379.0000,1379.7299,208094423.9300,150,504668924.3400,330,ACTIVE,,NATIONAL,cbn_api_GetAllNFEM_Rates_snapshot_20260913T120305Z.json
410,2026-07-09,July-09-2026,1378.4313,1380.0000,1376.5000,1379.2500,1378.4086,78708378.2400,106,298917342.5100,308,ACTIVE,,NATIONAL,cbn_api_GetAllNFEM_Rates_snapshot_20260913T120305Z.json
411,2026-07-10,July-10-2026,1379.6201,1382.0000,1375.0000,1381.7000,1379.7238,71044974.2400,87,430522324.3800,273,ACTIVE,,NATIONAL,cbn_api_GetAllNFEM_Rates_snapshot_20260913T120305Z.json
412,2026-07-13,July-13-2026,1379.6504,1381.5000,1378.0000,1380.5000,1379.8361,86136414.3100,85,548943646.7700,269,ACTIVE,,NATIONAL,cbn_api_GetAllNFEM_Rates_snapshot_20260913T120305Z.json
413,2026-07-14,July-14-2026,1383.0755,1386.9900,1381.0000,1382.0000,1383.3109,243095630.6600,140,613576582.1200,346,ACTIVE,,NATIONAL,cbn_api_GetAllNFEM_Rates_snapshot_20260913T120305Z.json
414,2026-07-15,July-15-2026,1382.1841,1384.5000,1379.5000,1383.5000,1382.7437,121727034.7100,115,410095428.8400,299,ACTIVE,,NATIONAL,cbn_api_GetAllNFEM_Rates_snapshot_20260913T120305Z.json
1414,2026-07-16,July-16-2026,1381.5299,1383.5000,1380.0000,1381.0000,1381.4818,205366033.7700,120,434465470.7500,302,ACTIVE,,NATIONAL,cbn_api_GetAllNFEM_Rates_snapshot_20260913T120305Z.json
1415,2026-07-17,July-17-2026,1380.1847,1382.0000,1378.0000,1381.5000,1380.8787,287832043.4700,102,711067608.8900,271,ACTIVE,,NATIONAL,cbn_api_GetAllNFEM_Rates_snapshot_20260913T120305Z.json
1417,2026-07-20,July-20-2026,1380.1093,1382.9900,1378.5000,1378.5000,1380.7407,266227187.5600,68,816793273.0700,268,ACTIVE,,NATIONAL,cbn_api_GetAllNFEM_Rates_snapshot_20260913T120305Z.json
1418,2026-07-21,July-21-2026,1375.3083,1379.0000,1374.0000,1374.5000,1376.4566,322664556.4900,110,1532567270.0200,313,ACTIVE,,NATIONAL,cbn_api_GetAllNFEM_Rates_snapshot_20260913T120305Z.json
1419,2026-07-22,July-22-2026,1369.6346,1378.0000,1365.0000,1369.0000,1369.3025,416420896.0300,198,1163786927.6500,417,ACTIVE,,NATIONAL,cbn_api_GetAllNFEM_Rates_snapshot_20260913T120305Z.json
1420,2026-07-23,July-23-2026,1367.7574,1370.0000,1365.0000,1365.0000,1367.6609,334126161.7100,122,910626942.1100,350,ACTIVE,,NATIONAL,cbn_api_GetAllNFEM_Rates_snapshot_20260913T120305Z.json
1421,2026-07-24,July-24-2026,1362.0866,1365.0000,1359.0000,1361.0000,1362.2431,89082038.0700,87,391239419.1700,262,ACTIVE,,NATIONAL,cbn_api_GetAllNFEM_Rates_snapshot_20260913T120305Z.json
1422,2026-07-27,July-27-2026,1362.2064,1365.5000,1359.0000,1364.0000,1362.5500,39587587.6400,55,239274144.8300,232,ACTIVE,,NATIONAL,cbn_api_GetAllNFEM_Rates_snapshot_20260913T120305Z.json
1423,2026-07-28,July-28-2026,1365.5303,1368.0000,1363.0000,1365.0000,1365.7566,102954228.5000,121,585377717.7500,309,ACTIVE,,NATIONAL,cbn_api_GetAllNFEM_Rates_snapshot_20260913T120305Z.json
1424,2026-07-29,July-29-2026,1366.7140,1368.0000,1362.0000,1366.5000,1366.6145,61034031.0400,86,363125552.5200,259,ACTIVE,,NATIONAL,cbn_api_GetAllNFEM_Rates_snapshot_20260913T120305Z.json
1425,2026-07-30,July-30-2026,1366.7278,1370.0000,1365.0000,1368.5000,1367.3380,58423914.4500,71,306443070.4800,245,ACTIVE,,NATIONAL,cbn_api_GetAllNFEM_Rates_snapshot_20260913T120305Z.json
1426,2026-07-31,July-31-2026,1368.2232,1372.0000,1360.0000,1368.0000,1368.2963,58990198.5400,67,231407271.6800,222,ACTIVE,,NATIONAL,cbn_api_GetAllNFEM_Rates_snapshot_20260913T120305Z.json
1427,2026-08-03,August-03-2026,1364.8344,1368.0000,1362.0000,1365.0000,1364.8900,137048134.4000,138,532252954.8400,333,ACTIVE,,NATIONAL,cbn_api_GetAllNFEM_Rates_snapshot_20260913T120305Z.json
1428,2026-08-04,August-04-2026,1362.5542,1364.7000,1361.0000,1362.0000,1362.5576,156228536.5900,139,684597562.4500,343,ACTIVE,,NATIONAL,cbn_api_GetAllNFEM_Rates_snapshot_20260913T120305Z.json
1429,2026-08-05,August-05-2026,1363.8491,1364.9000,1361.7500,1363.1100,1363.7632,75357793.3200,82,460136753.6800,273,ACTIVE,,NATIONAL,cbn_api_GetAllNFEM_Rates_snapshot_20260913T120305Z.json
1430,2026-08-06,August-06-2026,1364.8846,1366.5000,1363.0000,1365.1000,1364.8636,98804794.6300,106,878551848.1700,292,ACTIVE,,NATIONAL,cbn_api_GetAllNFEM_Rates_snapshot_20260913T120305Z.json
1431,2026-08-07,August-07-2026,1365.6856,1367.0000,1363.0000,1364.0000,1365.4776,393477095.8200,107,1248969130.5900,273,ACTIVE,,NATIONAL,cbn_api_GetAllNFEM_Rates_snapshot_20260913T120305Z.json
1432,2026-08-10,August-10-2026,1360.1415,1364.2500,1358.5000,1361.5000,1360.1453,213845122.1500,182,646511325.0500,348,ACTIVE,,NATIONAL,cbn_api_GetAllNFEM_Rates_snapshot_20260913T120305Z.json
1433,2026-08-11,August-11-2026,1364.8992,1365.5000,1361.0000,1365.0000,1364.5762,29060133.9900,47,184997375.3200,186,ACTIVE,,NATIONAL,cbn_api_GetAllNFEM_Rates_snapshot_20260913T120305Z.json
1434,2026-08-12,August-12-2026,1360.5792,1362.0000,1359.5500,1360.1500,1360.7155,168758282.3800,190,607474617.0100,409,ACTIVE,,NATIONAL,cbn_api_GetAllNFEM_Rates_snapshot_20260913T120305Z.json
1435,2026-08-13,August-13-2026,1357.6516,1359.5000,1356.0000,1356.5000,1357.8996,79097403.0000,98,387089666.5500,283,ACTIVE,,NATIONAL,cbn_api_GetAllNFEM_Rates_snapshot_20260913T120305Z.json
1436,2026-08-14,August-14-2026,1357.6088,1360.0000,1356.5000,1358.2500,1357.7188,119594435.1400,137,352336947.5000,315,ACTIVE,,NATIONAL,cbn_api_GetAllNFEM_Rates_snapshot_20260913T120305Z.json
1437,2026-08-17,August-17-2026,1349.5372,1361.0000,1347.0000,1350.0000,1350.9847,437529505.0200,178,1413510638.7300,394,ACTIVE,,NATIONAL,cbn_api_GetAllNFEM_Rates_snapshot_20260913T120305Z.json
1438,2026-08-18,August-18-2026,1343.3202,1353.5000,1340.0000,1350.7000,1350.4686,364709696.5600,108,1076257855.9300,312,ACTIVE,,NATIONAL,cbn_api_GetAllNFEM_Rates_snapshot_20260913T120305Z.json
1439,2026-08-19,August-19-2026,1350.4134,1353.0000,1348.0000,1351.0000,1351.2237,370980844.3200,100,1112191828.2600,281,ACTIVE,,NATIONAL,cbn_api_GetAllNFEM_Rates_snapshot_20260913T120305Z.json
1440,2026-08-20,August-20-2026,1347.6284,1351.5000,1347.0000,1347.5000,1348.8743,371788157.8200,134,920461057.4900,324,ACTIVE,,NATIONAL,cbn_api_GetAllNFEM_Rates_snapshot_20260913T120305Z.json
1441,2026-08-21,August-21-2026,1346.4913,1348.0000,1342.0000,1346.9000,1346.0659,159732363.9600,294,755872539.8500,109,ACTIVE,,NATIONAL,cbn_api_GetAllNFEM_Rates_snapshot_20260913T120305Z.json
1442,2026-08-24,August-24-2026,1346.9760,1350.0000,1345.0000,1349.9900,1346.9250,152595911.8200,144,731177080.6100,323,ACTIVE,,NATIONAL,cbn_api_GetAllNFEM_Rates_snapshot_20260913T120305Z.json
1443,2026-08-26,August-26-2026,1343.5943,1346.5000,1341.0000,1343.0000,1343.5066,235991802.8500,213,913763257.9900,479,ACTIVE,,NATIONAL,cbn_api_GetAllNFEM_Rates_snapshot_20260913T120305Z.json
1444,2026-08-27,August-27-2026,1338.5865,1345.0000,1335.0000,1336.0000,1338.7551,191694405.6000,176,1063907910.8300,425,ACTIVE,,NATIONAL,cbn_api_GetAllNFEM_Rates_snapshot_20260913T120305Z.json
1445,2026-08-28,August-28-2026,1337.2873,1339.5000,1335.0000,1337.0000,1337.2931,130685644.2800,146,478196844.6700,327,ACTIVE,,NATIONAL,cbn_api_GetAllNFEM_Rates_snapshot_20260913T120305Z.json
1446,2026-08-31,August-31-2026,1332.9396,1343.0000,1320.0000,1335.5000,1333.2198,106643415.7000,118,228521456.4700,279,ACTIVE,,NATIONAL,cbn_api_GetAllNFEM_Rates_snapshot_20260913T120305Z.json
1447,2026-09-01,September-01-2026,1329.4300,1335.5000,1327.0000,1329.0000,1329.6763,139454633.7900,139,574419278.0600,347,ACTIVE,,NATIONAL,cbn_api_GetAllNFEM_Rates_snapshot_20260913T120305Z.json
1448,2026-09-02,September-02-2026,1326.6862,1336.0000,1323.0000,1324.5000,1326.2774,93655756.9800,105,658462834.8800,310,ACTIVE,,NATIONAL,cbn_api_GetAllNFEM_Rates_snapshot_20260913T120305Z.json
1449,2026-09-03,September-03-2026,1315.6717,1324.0000,1302.0000,1322.5000,1315.7944,152042840.2100,153,674382401.9400,385,ACTIVE,,NATIONAL,cbn_api_GetAllNFEM_Rates_snapshot_20260913T120305Z.json
1450,2026-09-04,September-04-2026,1321.2160,1324.0000,1319.4500,1322.5000,1321.0693,113881503.1000,98,495697187.4100,259,ACTIVE,,NATIONAL,cbn_api_GetAllNFEM_Rates_snapshot_20260913T120305Z.json
1451,2026-09-07,September-07-2026,1320.5574,1322.5000,1318.5000,1320.0000,1320.6710,107069464.7700,119,482238341.0500,287,ACTIVE,,NATIONAL,cbn_api_GetAllNFEM_Rates_snapshot_20260913T120305Z.json
1452,2026-09-08,September-08-2026,1320.2469,1323.0000,1318.0000,1322.9000,1320.1707,55604004.2800,58,933775968.5400,248,ACTIVE,,NATIONAL,cbn_api_GetAllNFEM_Rates_snapshot_20260913T120305Z.json
1453,2026-09-09,September-09-2026,1329.2129,1334.0000,1321.5000,1334.0000,1329.4416,94425781.1900,86,544105551.3600,276,ACTIVE,,NATIONAL,cbn_api_GetAllNFEM_Rates_snapshot_20260913T120305Z.json
1454,2026-09-10,September-10-2026,1328.2154,1333.0000,1322.7100,1328.0000,1328.6468,357296205.4600,234,1454059597.9900,470,ACTIVE,,NATIONAL,cbn_api_GetAllNFEM_Rates_snapshot_20260913T120305Z.json
1455,2026-09-11,September-11-2026,1326.5192,1331.0000,1324.0000,1328.5000,1328.3377,148848812.4800,107,0.0000,0,ACTIVE,,NATIONAL,cbn_api_GetAllNFEM_Rates_snapshot_20260913T120305Z.json
