metric_code,label,observations,median_abs_pct,p75_abs_pct,elevated_p90_abs_pct,extreme_p95_abs_pct,worst_rise_pct,worst_fall_pct
TRANSPORT_AIR_NGN_PER_JOURNEY,Air (NGN),518,0.4006,2.2695,39.4608,60.7011,148.3393,-53.6476
DIESEL_PRICE_NGN_PER_LITRE,Diesel (NGN/l),518,6.718,13.1156,26.0267,52.0384,60.5323,-29.1006
LPG_REFILL_5KG_NGN,LPG 5kg refill (NGN),518,7.2356,21.9192,29.4274,32.2128,38.1909,-38.6082
LPG_REFILL_12_5KG_NGN,LPG 12.5kg refill (NGN),518,7.8086,19.1778,26.7021,29.5546,35.4713,-34.6282
PETROL_PRICE_NGN_PER_LITRE,Petrol (NGN/l),518,3.6576,10.193,21.8608,24.6337,34.3559,-37.8119
TRANSPORT_BUS_INTRACITY_NGN_PER_JOURNEY,Bus intracity (NGN),518,1.9748,5.4025,11.2278,16.3871,43.0463,-22.984
TRANSPORT_BUS_INTERCITY_NGN_PER_JOURNEY,Bus intercity (NGN),518,0.9048,2.5118,10.1933,16.3696,35.4801,-17.7803
TRANSPORT_OKADA_NGN_PER_JOURNEY,Okada (NGN),518,2.579,6.6449,11.2025,16.0158,79.5113,-18.6809
TRANSPORT_WATER_NGN_PER_JOURNEY,Water transport (NGN),518,1.5767,4.3384,7.251,9.5884,36.0,-12.987
