state_id,state_name,zone_name,observation_month,metric_code,metric_value,unit,in_primary_release_window,v_year_ago,fare_yoy_pct,cpi_yoy_pct,gap_pp
1,Abia,South East,2026-01-01,TRANSPORT_OKADA_NGN_PER_JOURNEY,785.0,NGN per journey,True,509.492,54.075,11.6708,42.4042
1,Abia,South East,2026-01-01,TRANSPORT_BUS_INTRACITY_NGN_PER_JOURNEY,649.0,NGN per journey,True,470.0,38.0851,11.6708,26.4143
1,Abia,South East,2026-04-01,TRANSPORT_BUS_INTRACITY_NGN_PER_JOURNEY,850.9771,NGN per journey,True,489.3881,73.886,15.6211,58.2648
1,Abia,South East,2026-03-01,TRANSPORT_OKADA_NGN_PER_JOURNEY,1559.9446,NGN per journey,True,550.0,183.6263,15.3438,168.2825
1,Abia,South East,2026-03-01,TRANSPORT_BUS_INTRACITY_NGN_PER_JOURNEY,850.1771,NGN per journey,True,477.0,78.2342,15.3438,62.8904
1,Abia,South East,2026-05-01,TRANSPORT_OKADA_NGN_PER_JOURNEY,1562.002,NGN per journey,False,672.2282,132.3619,22.1568,110.2051
1,Abia,South East,2026-05-01,TRANSPORT_BUS_INTRACITY_NGN_PER_JOURNEY,890.0479,NGN per journey,False,500.3881,77.8715,22.1568,55.7147
1,Abia,South East,2026-04-01,TRANSPORT_OKADA_NGN_PER_JOURNEY,1560.4457,NGN per journey,True,671.8168,132.2725,15.6211,116.6514
2,Abuja,North Central,2026-01-01,TRANSPORT_BUS_INTRACITY_NGN_PER_JOURNEY,1007.7704,NGN per journey,True,860.0,17.1826,19.2484,-2.0658
2,Abuja,North Central,2026-01-01,TRANSPORT_OKADA_NGN_PER_JOURNEY,843.6494,NGN per journey,True,680.0,24.0661,19.2484,4.8177
2,Abuja,North Central,2026-04-01,TRANSPORT_BUS_INTRACITY_NGN_PER_JOURNEY,1380.0,NGN per journey,True,920.0,50.0,9.1621,40.8379
2,Abuja,North Central,2026-03-01,TRANSPORT_OKADA_NGN_PER_JOURNEY,1050.8,NGN per journey,True,778.304,35.0115,16.7179,18.2936
2,Abuja,North Central,2026-03-01,TRANSPORT_BUS_INTRACITY_NGN_PER_JOURNEY,1353.9719,NGN per journey,True,900.0,50.4413,16.7179,33.7234
2,Abuja,North Central,2026-05-01,TRANSPORT_OKADA_NGN_PER_JOURNEY,1081.3126,NGN per journey,False,761.0701,42.0779,12.5797,29.4982
2,Abuja,North Central,2026-05-01,TRANSPORT_BUS_INTRACITY_NGN_PER_JOURNEY,1409.8136,NGN per journey,False,950.0,48.4014,12.5797,35.8218
2,Abuja,North Central,2026-04-01,TRANSPORT_OKADA_NGN_PER_JOURNEY,1052.655,NGN per journey,True,707.6267,48.7585,9.1621,39.5964
3,Adamawa,North East,2026-01-01,TRANSPORT_BUS_INTRACITY_NGN_PER_JOURNEY,695.591,NGN per journey,True,460.0,51.2154,19.1902,32.0252
3,Adamawa,North East,2026-01-01,TRANSPORT_OKADA_NGN_PER_JOURNEY,628.2865,NGN per journey,True,500.0,25.6573,19.1902,6.4671
3,Adamawa,North East,2026-04-01,TRANSPORT_BUS_INTRACITY_NGN_PER_JOURNEY,911.6534,NGN per journey,True,550.0,65.7552,15.3625,50.3927
3,Adamawa,North East,2026-03-01,TRANSPORT_OKADA_NGN_PER_JOURNEY,710.5,NGN per journey,True,500.0,42.1,16.7542,25.3458
3,Adamawa,North East,2026-03-01,TRANSPORT_BUS_INTRACITY_NGN_PER_JOURNEY,911.16,NGN per journey,True,500.0,82.232,16.7542,65.4778
3,Adamawa,North East,2026-05-01,TRANSPORT_OKADA_NGN_PER_JOURNEY,761.3156,NGN per journey,False,560.0701,35.9322,19.5402,16.392
3,Adamawa,North East,2026-05-01,TRANSPORT_BUS_INTRACITY_NGN_PER_JOURNEY,918.472,NGN per journey,False,589.5,55.8053,19.5402,36.265
3,Adamawa,North East,2026-04-01,TRANSPORT_OKADA_NGN_PER_JOURNEY,730.2394,NGN per journey,True,550.0,32.7708,15.3625,17.4083
4,Akwa Ibom,South South,2026-01-01,TRANSPORT_BUS_INTRACITY_NGN_PER_JOURNEY,1110.916,NGN per journey,True,930.0,19.4533,16.4113,3.042
4,Akwa Ibom,South South,2026-01-01,TRANSPORT_OKADA_NGN_PER_JOURNEY,645.4527,NGN per journey,True,450.0,43.4339,16.4113,27.0226
4,Akwa Ibom,South South,2026-04-01,TRANSPORT_BUS_INTRACITY_NGN_PER_JOURNEY,1380.12,NGN per journey,True,1000.2857,37.9726,17.7224,20.2502
4,Akwa Ibom,South South,2026-03-01,TRANSPORT_OKADA_NGN_PER_JOURNEY,720.7,NGN per journey,True,550.0,31.0364,22.2033,8.8331
4,Akwa Ibom,South South,2026-03-01,TRANSPORT_BUS_INTRACITY_NGN_PER_JOURNEY,1375.0771,NGN per journey,True,980.0,40.314,22.2033,18.1107
4,Akwa Ibom,South South,2026-05-01,TRANSPORT_OKADA_NGN_PER_JOURNEY,778.0647,NGN per journey,False,640.25,21.5251,21.499,0.0261
4,Akwa Ibom,South South,2026-05-01,TRANSPORT_BUS_INTRACITY_NGN_PER_JOURNEY,1396.9398,NGN per journey,False,1020.8464,36.8413,21.499,15.3423
4,Akwa Ibom,South South,2026-04-01,TRANSPORT_OKADA_NGN_PER_JOURNEY,740.8813,NGN per journey,True,580.0,27.7381,17.7224,10.0157
5,Anambra,South East,2026-01-01,TRANSPORT_BUS_INTRACITY_NGN_PER_JOURNEY,1166.25,NGN per journey,True,940.0,24.0691,17.2741,6.795
5,Anambra,South East,2026-01-01,TRANSPORT_OKADA_NGN_PER_JOURNEY,730.0,NGN per journey,True,350.0,108.5714,17.2741,91.2973
5,Anambra,South East,2026-04-01,TRANSPORT_BUS_INTRACITY_NGN_PER_JOURNEY,1290.6125,NGN per journey,True,1068.8812,20.7442,19.7455,0.9988
5,Anambra,South East,2026-03-01,TRANSPORT_OKADA_NGN_PER_JOURNEY,805.8724,NGN per journey,True,430.0,87.4122,19.0317,68.3805
5,Anambra,South East,2026-03-01,TRANSPORT_BUS_INTRACITY_NGN_PER_JOURNEY,1289.9261,NGN per journey,True,980.0,31.6251,19.0317,12.5934
5,Anambra,South East,2026-05-01,TRANSPORT_OKADA_NGN_PER_JOURNEY,854.3173,NGN per journey,False,528.4265,61.6719,23.2932,38.3787
5,Anambra,South East,2026-05-01,TRANSPORT_BUS_INTRACITY_NGN_PER_JOURNEY,1321.1198,NGN per journey,False,1069.3898,23.5396,23.2932,0.2463
5,Anambra,South East,2026-04-01,TRANSPORT_OKADA_NGN_PER_JOURNEY,810.235,NGN per journey,True,500.0,62.047,19.7455,42.3015
6,Bauchi,North East,2026-01-01,TRANSPORT_BUS_INTRACITY_NGN_PER_JOURNEY,1222.7977,NGN per journey,True,950.0,28.7155,15.0106,13.7049
6,Bauchi,North East,2026-01-01,TRANSPORT_OKADA_NGN_PER_JOURNEY,816.2751,NGN per journey,True,450.0,81.3945,15.0106,66.3838
6,Bauchi,North East,2026-04-01,TRANSPORT_BUS_INTRACITY_NGN_PER_JOURNEY,1413.9424,NGN per journey,True,1235.4175,14.4506,22.5247,-8.0741
6,Bauchi,North East,2026-03-01,TRANSPORT_OKADA_NGN_PER_JOURNEY,880.9522,NGN per journey,True,550.0,60.1731,23.6672,36.506
6,Bauchi,North East,2026-03-01,TRANSPORT_BUS_INTRACITY_NGN_PER_JOURNEY,1413.1364,NGN per journey,True,1000.0,41.3136,23.6672,17.6465
6,Bauchi,North East,2026-05-01,TRANSPORT_OKADA_NGN_PER_JOURNEY,937.3715,NGN per journey,False,595.9256,57.2967,22.0109,35.2858
6,Bauchi,North East,2026-05-01,TRANSPORT_BUS_INTRACITY_NGN_PER_JOURNEY,1463.2433,NGN per journey,False,1243.8509,17.6382,22.0109,-4.3728
6,Bauchi,North East,2026-04-01,TRANSPORT_OKADA_NGN_PER_JOURNEY,880.9789,NGN per journey,True,585.1162,50.5648,22.5247,28.0401
7,Bayelsa,South South,2026-01-01,TRANSPORT_BUS_INTRACITY_NGN_PER_JOURNEY,1081.6667,NGN per journey,True,800.0,35.2083,15.9458,19.2626
7,Bayelsa,South South,2026-01-01,TRANSPORT_OKADA_NGN_PER_JOURNEY,846.5875,NGN per journey,True,450.0,88.1306,15.9458,72.1848
7,Bayelsa,South South,2026-04-01,TRANSPORT_BUS_INTRACITY_NGN_PER_JOURNEY,1273.9655,NGN per journey,True,900.0,41.5517,20.9211,20.6306
7,Bayelsa,South South,2026-03-01,TRANSPORT_OKADA_NGN_PER_JOURNEY,920.5,NGN per journey,True,550.0,67.3636,27.3723,39.9913
7,Bayelsa,South South,2026-03-01,TRANSPORT_BUS_INTRACITY_NGN_PER_JOURNEY,1273.7551,NGN per journey,True,880.0,44.7449,27.3723,17.3726
7,Bayelsa,South South,2026-05-01,TRANSPORT_OKADA_NGN_PER_JOURNEY,981.6483,NGN per journey,False,600.0,63.608,19.2785,44.3296
7,Bayelsa,South South,2026-05-01,TRANSPORT_BUS_INTRACITY_NGN_PER_JOURNEY,1302.3336,NGN per journey,False,970.5,34.192,19.2785,14.9135
7,Bayelsa,South South,2026-04-01,TRANSPORT_OKADA_NGN_PER_JOURNEY,945.765,NGN per journey,True,557.5,69.644,20.9211,48.7229
8,Benue,North Central,2026-01-01,TRANSPORT_BUS_INTRACITY_NGN_PER_JOURNEY,1247.4326,NGN per journey,True,850.0,46.7568,22.4821,24.2746
8,Benue,North Central,2026-01-01,TRANSPORT_OKADA_NGN_PER_JOURNEY,825.3813,NGN per journey,True,600.0,37.5635,22.4821,15.0814
8,Benue,North Central,2026-04-01,TRANSPORT_BUS_INTRACITY_NGN_PER_JOURNEY,1578.9211,NGN per journey,True,950.1538,66.1753,14.937,51.2384
8,Benue,North Central,2026-03-01,TRANSPORT_OKADA_NGN_PER_JOURNEY,908.1923,NGN per journey,True,680.0,33.5577,18.9318,14.6259
8,Benue,North Central,2026-03-01,TRANSPORT_BUS_INTRACITY_NGN_PER_JOURNEY,1573.828,NGN per journey,True,920.0,71.0683,18.9318,52.1365
8,Benue,North Central,2026-05-01,TRANSPORT_OKADA_NGN_PER_JOURNEY,941.5237,NGN per journey,False,706.1,33.3414,20.6276,12.7138
8,Benue,North Central,2026-05-01,TRANSPORT_BUS_INTRACITY_NGN_PER_JOURNEY,1591.5427,NGN per journey,False,974.5862,63.3045,20.6276,42.6769
8,Benue,North Central,2026-04-01,TRANSPORT_OKADA_NGN_PER_JOURNEY,913.5923,NGN per journey,True,700.76,30.3716,14.937,15.4347
9,Borno,North East,2026-01-01,TRANSPORT_BUS_INTRACITY_NGN_PER_JOURNEY,1326.0395,NGN per journey,True,850.0,56.0046,15.0042,41.0005
9,Borno,North East,2026-01-01,TRANSPORT_OKADA_NGN_PER_JOURNEY,900.0,NGN per journey,True,530.0,69.8113,15.0042,54.8071
9,Borno,North East,2026-04-01,TRANSPORT_BUS_INTRACITY_NGN_PER_JOURNEY,1500.2901,NGN per journey,True,950.0,57.9253,6.7183,51.207
9,Borno,North East,2026-03-01,TRANSPORT_OKADA_NGN_PER_JOURNEY,1120.5,NGN per journey,True,600.0,86.75,17.7466,69.0034
9,Borno,North East,2026-03-01,TRANSPORT_BUS_INTRACITY_NGN_PER_JOURNEY,1499.7867,NGN per journey,True,900.0,66.643,17.7466,48.8964
9,Borno,North East,2026-05-01,TRANSPORT_OKADA_NGN_PER_JOURNEY,1203.6531,NGN per journey,False,650.0,85.1774,9.6464,75.531
9,Borno,North East,2026-05-01,TRANSPORT_BUS_INTRACITY_NGN_PER_JOURNEY,1510.8356,NGN per journey,False,960.0,57.3787,9.6464,47.7323
9,Borno,North East,2026-04-01,TRANSPORT_OKADA_NGN_PER_JOURNEY,1180.8546,NGN per journey,True,630.0,87.4372,6.7183,80.7189
10,Cross River,South South,2026-01-01,TRANSPORT_BUS_INTRACITY_NGN_PER_JOURNEY,1230.1817,NGN per journey,True,880.0,39.7934,14.6055,25.1878
10,Cross River,South South,2026-01-01,TRANSPORT_OKADA_NGN_PER_JOURNEY,925.1335,NGN per journey,True,680.0,36.049,14.6055,21.4435
10,Cross River,South South,2026-04-01,TRANSPORT_BUS_INTRACITY_NGN_PER_JOURNEY,1524.2037,NGN per journey,True,945.0,61.2914,14.8815,46.4098
10,Cross River,South South,2026-03-01,TRANSPORT_OKADA_NGN_PER_JOURNEY,1100.5428,NGN per journey,True,730.0,50.7593,23.5944,27.1649
10,Cross River,South South,2026-03-01,TRANSPORT_BUS_INTRACITY_NGN_PER_JOURNEY,1474.2037,NGN per journey,True,930.0,58.5165,23.5944,34.9221
10,Cross River,South South,2026-05-01,TRANSPORT_OKADA_NGN_PER_JOURNEY,1173.3767,NGN per journey,False,763.0,53.7846,17.3141,36.4706
10,Cross River,South South,2026-05-01,TRANSPORT_BUS_INTRACITY_NGN_PER_JOURNEY,1587.107,NGN per journey,False,970.225,63.5813,17.3141,46.2673
10,Cross River,South South,2026-04-01,TRANSPORT_OKADA_NGN_PER_JOURNEY,1155.8443,NGN per journey,True,735.0,57.2577,14.8815,42.3762
11,Delta,South South,2026-01-01,TRANSPORT_BUS_INTRACITY_NGN_PER_JOURNEY,1228.1749,NGN per journey,True,970.0,26.616,13.5791,13.0368
11,Delta,South South,2026-01-01,TRANSPORT_OKADA_NGN_PER_JOURNEY,826.4293,NGN per journey,True,666.6667,23.9644,13.5791,10.3853
11,Delta,South South,2026-04-01,TRANSPORT_BUS_INTRACITY_NGN_PER_JOURNEY,1485.7376,NGN per journey,True,1060.0,40.1639,20.7446,19.4193
11,Delta,South South,2026-03-01,TRANSPORT_OKADA_NGN_PER_JOURNEY,905.0072,NGN per journey,True,729.66,24.0314,16.2276,7.8038
11,Delta,South South,2026-03-01,TRANSPORT_BUS_INTRACITY_NGN_PER_JOURNEY,1480.3207,NGN per journey,True,1040.0,42.3385,16.2276,26.1109
11,Delta,South South,2026-05-01,TRANSPORT_OKADA_NGN_PER_JOURNEY,979.69,NGN per journey,False,740.0,32.3905,21.4904,10.9001
11,Delta,South South,2026-05-01,TRANSPORT_BUS_INTRACITY_NGN_PER_JOURNEY,1523.7954,NGN per journey,False,1064.3,43.1735,21.4904,21.683
11,Delta,South South,2026-04-01,TRANSPORT_OKADA_NGN_PER_JOURNEY,925.0072,NGN per journey,True,725.2117,27.55,20.7446,6.8053
12,Ebonyi,South East,2026-01-01,TRANSPORT_BUS_INTRACITY_NGN_PER_JOURNEY,1103.0389,NGN per journey,True,850.0,29.7693,8.7201,21.0492
12,Ebonyi,South East,2026-01-01,TRANSPORT_OKADA_NGN_PER_JOURNEY,849.6062,NGN per journey,True,533.3333,59.3012,8.7201,50.581
12,Ebonyi,South East,2026-04-01,TRANSPORT_BUS_INTRACITY_NGN_PER_JOURNEY,1375.8134,NGN per journey,True,950.2176,44.7893,10.8334,33.9558
12,Ebonyi,South East,2026-03-01,TRANSPORT_OKADA_NGN_PER_JOURNEY,980.4286,NGN per journey,True,648.5867,51.1638,13.284,37.8799
12,Ebonyi,South East,2026-03-01,TRANSPORT_BUS_INTRACITY_NGN_PER_JOURNEY,1362.0481,NGN per journey,True,900.0,51.3387,13.284,38.0547
12,Ebonyi,South East,2026-05-01,TRANSPORT_OKADA_NGN_PER_JOURNEY,999.6537,NGN per journey,False,675.8953,47.9007,17.1152,30.7855
12,Ebonyi,South East,2026-05-01,TRANSPORT_BUS_INTRACITY_NGN_PER_JOURNEY,1389.2107,NGN per journey,False,964.3,44.0642,17.1152,26.949
12,Ebonyi,South East,2026-04-01,TRANSPORT_OKADA_NGN_PER_JOURNEY,988.7686,NGN per journey,True,660.3858,49.7259,10.8334,38.8925
13,Edo,South South,2026-01-01,TRANSPORT_BUS_INTRACITY_NGN_PER_JOURNEY,1283.0389,NGN per journey,True,970.0,32.2721,13.741,18.5311
13,Edo,South South,2026-01-01,TRANSPORT_OKADA_NGN_PER_JOURNEY,740.6062,NGN per journey,True,483.3333,53.2289,13.741,39.4879
13,Edo,South South,2026-04-01,TRANSPORT_BUS_INTRACITY_NGN_PER_JOURNEY,1400.5623,NGN per journey,True,1080.0,29.6817,5.9062,23.7755
13,Edo,South South,2026-03-01,TRANSPORT_OKADA_NGN_PER_JOURNEY,830.5,NGN per journey,True,534.7922,55.294,11.1737,44.1203
13,Edo,South South,2026-03-01,TRANSPORT_BUS_INTRACITY_NGN_PER_JOURNEY,1398.7477,NGN per journey,True,1050.0,33.2141,11.1737,22.0404
13,Edo,South South,2026-05-01,TRANSPORT_OKADA_NGN_PER_JOURNEY,881.9448,NGN per journey,False,575.1953,53.3296,7.7258,45.6038
13,Edo,South South,2026-05-01,TRANSPORT_BUS_INTRACITY_NGN_PER_JOURNEY,1410.6704,NGN per journey,False,1090.2033,29.3952,7.7258,21.6693
13,Edo,South South,2026-04-01,TRANSPORT_OKADA_NGN_PER_JOURNEY,839.85,NGN per journey,True,550.0,52.7,5.9062,46.7938
14,Ekiti,South West,2026-01-01,TRANSPORT_BUS_INTRACITY_NGN_PER_JOURNEY,1185.3407,NGN per journey,True,950.0,24.7727,16.426,8.3467
14,Ekiti,South West,2026-01-01,TRANSPORT_OKADA_NGN_PER_JOURNEY,768.5714,NGN per journey,True,430.0,78.7375,16.426,62.3116
14,Ekiti,South West,2026-03-01,TRANSPORT_OKADA_NGN_PER_JOURNEY,846.2671,NGN per journey,True,460.0,83.9711,16.521,67.4502
14,Ekiti,South West,2026-03-01,TRANSPORT_BUS_INTRACITY_NGN_PER_JOURNEY,1353.7345,NGN per journey,True,1000.0,35.3735,16.521,18.8525
14,Ekiti,South West,2026-05-01,TRANSPORT_OKADA_NGN_PER_JOURNEY,892.384,NGN per journey,False,495.1953,80.2085,19.8533,60.3552
14,Ekiti,South West,2026-05-01,TRANSPORT_BUS_INTRACITY_NGN_PER_JOURNEY,1379.3868,NGN per journey,False,1090.2033,26.5256,19.8533,6.6724
14,Ekiti,South West,2026-04-01,TRANSPORT_OKADA_NGN_PER_JOURNEY,870.7143,NGN per journey,True,488.75,78.1513,18.3987,59.7525
14,Ekiti,South West,2026-04-01,TRANSPORT_BUS_INTRACITY_NGN_PER_JOURNEY,1367.4512,NGN per journey,True,1058.94,29.134,18.3987,10.7352
15,Enugu,South East,2026-01-01,TRANSPORT_BUS_INTRACITY_NGN_PER_JOURNEY,1308.0237,NGN per journey,True,1150.0,13.7412,11.0387,2.7025
15,Enugu,South East,2026-01-01,TRANSPORT_OKADA_NGN_PER_JOURNEY,758.0122,NGN per journey,True,500.6667,51.4006,11.0387,40.3619
15,Enugu,South East,2026-03-01,TRANSPORT_OKADA_NGN_PER_JOURNEY,821.9883,NGN per journey,True,600.0,36.9981,18.8779,18.1202
15,Enugu,South East,2026-03-01,TRANSPORT_BUS_INTRACITY_NGN_PER_JOURNEY,1561.1164,NGN per journey,True,1180.0,32.298,18.8779,13.4201
15,Enugu,South East,2026-05-01,TRANSPORT_OKADA_NGN_PER_JOURNEY,887.6273,NGN per journey,False,672.5574,31.9779,20.3591,11.6188
15,Enugu,South East,2026-05-01,TRANSPORT_BUS_INTRACITY_NGN_PER_JOURNEY,1664.0941,NGN per journey,False,1277.883,30.2227,20.3591,9.8636
15,Enugu,South East,2026-04-01,TRANSPORT_OKADA_NGN_PER_JOURNEY,860.4502,NGN per journey,True,630.0,36.5794,16.9945,19.5849
15,Enugu,South East,2026-04-01,TRANSPORT_BUS_INTRACITY_NGN_PER_JOURNEY,1565.6383,NGN per journey,True,1242.3483,26.0225,16.9945,9.028
16,Gombe,North East,2026-01-01,TRANSPORT_BUS_INTRACITY_NGN_PER_JOURNEY,1165.3098,NGN per journey,True,1060.0,9.9349,13.7379,-3.803
16,Gombe,North East,2026-01-01,TRANSPORT_OKADA_NGN_PER_JOURNEY,935.2487,NGN per journey,True,600.0,55.8748,13.7379,42.1369
16,Gombe,North East,2026-03-01,TRANSPORT_OKADA_NGN_PER_JOURNEY,998.9853,NGN per journey,True,660.0457,51.3509,19.1926,32.1584
16,Gombe,North East,2026-03-01,TRANSPORT_BUS_INTRACITY_NGN_PER_JOURNEY,1312.8955,NGN per journey,True,1170.0,12.2133,19.1926,-6.9793
16,Gombe,North East,2026-05-01,TRANSPORT_OKADA_NGN_PER_JOURNEY,1000.8719,NGN per journey,False,694.4098,44.1327,15.3523,28.7804
16,Gombe,North East,2026-05-01,TRANSPORT_BUS_INTRACITY_NGN_PER_JOURNEY,1384.2284,NGN per journey,False,1199.0,15.4486,15.3523,0.0963
16,Gombe,North East,2026-04-01,TRANSPORT_OKADA_NGN_PER_JOURNEY,998.9953,NGN per journey,True,688.898,45.0135,20.6306,24.383
16,Gombe,North East,2026-04-01,TRANSPORT_BUS_INTRACITY_NGN_PER_JOURNEY,1350.8955,NGN per journey,True,1180.0,14.4827,20.6306,-6.1479
17,Imo,South East,2026-01-01,TRANSPORT_BUS_INTRACITY_NGN_PER_JOURNEY,1217.0357,NGN per journey,True,1150.0,5.8292,10.6073,-4.7781
17,Imo,South East,2026-01-01,TRANSPORT_OKADA_NGN_PER_JOURNEY,1112.274,NGN per journey,True,750.0,48.3032,10.6073,37.6959
17,Imo,South East,2026-03-01,TRANSPORT_OKADA_NGN_PER_JOURNEY,1180.7162,NGN per journey,True,800.0,47.5895,11.9874,35.6021
17,Imo,South East,2026-03-01,TRANSPORT_BUS_INTRACITY_NGN_PER_JOURNEY,1390.0279,NGN per journey,True,1180.0,17.799,11.9874,5.8116
17,Imo,South East,2026-05-01,TRANSPORT_OKADA_NGN_PER_JOURNEY,1254.2868,NGN per journey,False,870.2427,44.1307,17.3829,26.7477
17,Imo,South East,2026-05-01,TRANSPORT_BUS_INTRACITY_NGN_PER_JOURNEY,1407.3341,NGN per journey,False,1182.1075,19.053,17.3829,1.67
17,Imo,South East,2026-04-01,TRANSPORT_OKADA_NGN_PER_JOURNEY,1200.6175,NGN per journey,True,850.0,41.2491,18.6247,22.6245
17,Imo,South East,2026-04-01,TRANSPORT_BUS_INTRACITY_NGN_PER_JOURNEY,1390.7895,NGN per journey,True,1175.9514,18.2693,18.6247,-0.3554
18,Jigawa,North West,2026-01-01,TRANSPORT_BUS_INTRACITY_NGN_PER_JOURNEY,1325.9713,NGN per journey,True,1080.0,22.7751,13.8952,8.8799
18,Jigawa,North West,2026-01-01,TRANSPORT_OKADA_NGN_PER_JOURNEY,875.06,NGN per journey,True,520.0,68.2808,13.8952,54.3856
18,Jigawa,North West,2026-03-01,TRANSPORT_OKADA_NGN_PER_JOURNEY,960.5,NGN per journey,True,580.245,65.5335,10.6971,54.8364
18,Jigawa,North West,2026-03-01,TRANSPORT_BUS_INTRACITY_NGN_PER_JOURNEY,1208.3888,NGN per journey,True,1100.0,9.8535,10.6971,-0.8436
18,Jigawa,North West,2026-05-01,TRANSPORT_OKADA_NGN_PER_JOURNEY,980.9985,NGN per journey,False,598.0762,64.0257,15.1752,48.8505
18,Jigawa,North West,2026-05-01,TRANSPORT_BUS_INTRACITY_NGN_PER_JOURNEY,1264.61,NGN per journey,False,1232.223,2.6283,15.1752,-12.5469
18,Jigawa,North West,2026-04-01,TRANSPORT_OKADA_NGN_PER_JOURNEY,960.6109,NGN per journey,True,590.1817,62.7653,7.0387,55.7266
18,Jigawa,North West,2026-04-01,TRANSPORT_BUS_INTRACITY_NGN_PER_JOURNEY,1256.4888,NGN per journey,True,1155.762,8.7152,7.0387,1.6765
19,Kaduna,North West,2026-01-01,TRANSPORT_BUS_INTRACITY_NGN_PER_JOURNEY,1370.3333,NGN per journey,True,960.0,42.7431,11.4067,31.3364
19,Kaduna,North West,2026-01-01,TRANSPORT_OKADA_NGN_PER_JOURNEY,956.0,NGN per journey,True,650.0,47.0769,11.4067,35.6702
19,Kaduna,North West,2026-03-01,TRANSPORT_OKADA_NGN_PER_JOURNEY,1660.5,NGN per journey,True,700.0,137.2143,10.3795,126.8348
19,Kaduna,North West,2026-03-01,TRANSPORT_BUS_INTRACITY_NGN_PER_JOURNEY,1467.144,NGN per journey,True,1050.0,39.728,10.3795,29.3485
19,Kaduna,North West,2026-05-01,TRANSPORT_OKADA_NGN_PER_JOURNEY,1720.756,NGN per journey,False,801.0292,114.8181,19.6007,95.2174
19,Kaduna,North West,2026-05-01,TRANSPORT_BUS_INTRACITY_NGN_PER_JOURNEY,1576.04,NGN per journey,False,1231.5437,27.9727,19.6007,8.372
19,Kaduna,North West,2026-04-01,TRANSPORT_OKADA_NGN_PER_JOURNEY,1690.9077,NGN per journey,True,753.5456,124.3935,7.2342,117.1594
19,Kaduna,North West,2026-04-01,TRANSPORT_BUS_INTRACITY_NGN_PER_JOURNEY,1527.9499,NGN per journey,True,1131.059,35.0902,7.2342,27.856
20,Kano,North West,2026-01-01,TRANSPORT_BUS_INTRACITY_NGN_PER_JOURNEY,891.4279,NGN per journey,True,600.0,48.5713,13.9401,34.6312
20,Kano,North West,2026-01-01,TRANSPORT_OKADA_NGN_PER_JOURNEY,945.1776,NGN per journey,True,650.0,45.4119,13.9401,31.4718
20,Kano,North West,2026-03-01,TRANSPORT_OKADA_NGN_PER_JOURNEY,1007.4051,NGN per journey,True,700.0,43.915,9.8531,34.0619
20,Kano,North West,2026-03-01,TRANSPORT_BUS_INTRACITY_NGN_PER_JOURNEY,1046.3144,NGN per journey,True,680.0,53.8698,9.8531,44.0166
20,Kano,North West,2026-05-01,TRANSPORT_OKADA_NGN_PER_JOURNEY,1053.1798,NGN per journey,False,786.5077,33.9059,17.1366,16.7693
20,Kano,North West,2026-05-01,TRANSPORT_BUS_INTRACITY_NGN_PER_JOURNEY,1066.0026,NGN per journey,False,734.3037,45.1719,17.1366,28.0353
20,Kano,North West,2026-04-01,TRANSPORT_OKADA_NGN_PER_JOURNEY,1007.9851,NGN per journey,True,730.0,38.0802,12.1569,25.9233
20,Kano,North West,2026-04-01,TRANSPORT_BUS_INTRACITY_NGN_PER_JOURNEY,1048.8844,NGN per journey,True,700.0,49.8406,12.1569,37.6838
21,Katsina,North West,2026-01-01,TRANSPORT_BUS_INTRACITY_NGN_PER_JOURNEY,1148.8175,NGN per journey,True,950.0,20.9282,8.9397,11.9885
21,Katsina,North West,2026-01-01,TRANSPORT_OKADA_NGN_PER_JOURNEY,827.3443,NGN per journey,True,436.4444,89.5646,8.9397,80.625
21,Katsina,North West,2026-03-01,TRANSPORT_OKADA_NGN_PER_JOURNEY,953.1479,NGN per journey,True,500.0,90.6296,11.8607,78.7689
21,Katsina,North West,2026-03-01,TRANSPORT_BUS_INTRACITY_NGN_PER_JOURNEY,1398.1539,NGN per journey,True,980.0,42.6688,11.8607,30.808
21,Katsina,North West,2026-05-01,TRANSPORT_OKADA_NGN_PER_JOURNEY,998.1896,NGN per journey,False,636.5639,56.809,14.0319,42.7771
21,Katsina,North West,2026-05-01,TRANSPORT_BUS_INTRACITY_NGN_PER_JOURNEY,1466.7579,NGN per journey,False,976.5639,50.1958,14.0319,36.1639
21,Katsina,North West,2026-04-01,TRANSPORT_OKADA_NGN_PER_JOURNEY,977.1655,NGN per journey,True,550.0,77.6665,13.5976,64.0688
21,Katsina,North West,2026-04-01,TRANSPORT_BUS_INTRACITY_NGN_PER_JOURNEY,1448.3895,NGN per journey,True,960.158,50.8491,13.5976,37.2514
22,Kebbi,North West,2026-01-01,TRANSPORT_BUS_INTRACITY_NGN_PER_JOURNEY,955.3913,NGN per journey,True,930.0,2.7302,16.1943,-13.4641
22,Kebbi,North West,2026-01-01,TRANSPORT_OKADA_NGN_PER_JOURNEY,692.03,NGN per journey,True,540.0,28.1537,16.1943,11.9594
22,Kebbi,North West,2026-03-01,TRANSPORT_OKADA_NGN_PER_JOURNEY,764.3705,NGN per journey,True,580.0,31.788,11.4199,20.3681
22,Kebbi,North West,2026-03-01,TRANSPORT_BUS_INTRACITY_NGN_PER_JOURNEY,1281.0814,NGN per journey,True,970.0,32.0702,11.4199,20.6504
22,Kebbi,North West,2026-05-01,TRANSPORT_OKADA_NGN_PER_JOURNEY,805.7954,NGN per journey,False,636.5639,26.5851,12.0994,14.4857
22,Kebbi,North West,2026-05-01,TRANSPORT_BUS_INTRACITY_NGN_PER_JOURNEY,1304.2496,NGN per journey,False,966.5639,34.9367,12.0994,22.8373
22,Kebbi,North West,2026-04-01,TRANSPORT_OKADA_NGN_PER_JOURNEY,769.4531,NGN per journey,True,598.4011,28.5848,13.161,15.4238
22,Kebbi,North West,2026-04-01,TRANSPORT_BUS_INTRACITY_NGN_PER_JOURNEY,1295.9238,NGN per journey,True,955.0,35.6988,13.161,22.5378
23,Kogi,North Central,2026-01-01,TRANSPORT_BUS_INTRACITY_NGN_PER_JOURNEY,1125.1228,NGN per journey,True,930.0,20.9809,20.9768,0.0041
23,Kogi,North Central,2026-01-01,TRANSPORT_OKADA_NGN_PER_JOURNEY,904.0485,NGN per journey,True,580.0,55.8704,20.9768,34.8936
23,Kogi,North Central,2026-03-01,TRANSPORT_OKADA_NGN_PER_JOURNEY,980.5588,NGN per journey,True,650.0,50.8552,17.5377,33.3175
23,Kogi,North Central,2026-03-01,TRANSPORT_BUS_INTRACITY_NGN_PER_JOURNEY,1326.6623,NGN per journey,True,980.0,35.3737,17.5377,17.836
23,Kogi,North Central,2026-05-01,TRANSPORT_OKADA_NGN_PER_JOURNEY,1000.9229,NGN per journey,False,698.5639,43.2829,12.7705,30.5124
23,Kogi,North Central,2026-05-01,TRANSPORT_BUS_INTRACITY_NGN_PER_JOURNEY,1340.7771,NGN per journey,False,966.5639,38.7158,12.7705,25.9453
23,Kogi,North Central,2026-04-01,TRANSPORT_OKADA_NGN_PER_JOURNEY,980.8855,NGN per journey,True,680.0,44.2479,13.7499,30.4979
23,Kogi,North Central,2026-04-01,TRANSPORT_BUS_INTRACITY_NGN_PER_JOURNEY,1326.9323,NGN per journey,True,930.0,42.6809,13.7499,28.931
24,Kwara,North Central,2026-01-01,TRANSPORT_BUS_INTRACITY_NGN_PER_JOURNEY,1393.2342,NGN per journey,True,1123.3249,24.0277,16.7546,7.2731
24,Kwara,North Central,2026-01-01,TRANSPORT_OKADA_NGN_PER_JOURNEY,810.3362,NGN per journey,True,550.0,47.3339,16.7546,30.5793
24,Kwara,North Central,2026-03-01,TRANSPORT_OKADA_NGN_PER_JOURNEY,874.3982,NGN per journey,True,600.0,45.733,22.8631,22.87
24,Kwara,North Central,2026-03-01,TRANSPORT_BUS_INTRACITY_NGN_PER_JOURNEY,1474.9575,NGN per journey,True,1200.0,22.9131,22.8631,0.0501
24,Kwara,North Central,2026-05-01,TRANSPORT_OKADA_NGN_PER_JOURNEY,976.9093,NGN per journey,False,698.5639,39.8454,11.7026,28.1427
24,Kwara,North Central,2026-05-01,TRANSPORT_BUS_INTRACITY_NGN_PER_JOURNEY,1509.5377,NGN per journey,False,1266.5639,19.1837,11.7026,7.4811
24,Kwara,North Central,2026-04-01,TRANSPORT_OKADA_NGN_PER_JOURNEY,895.8182,NGN per journey,True,650.0661,37.8042,16.8698,20.9344
24,Kwara,North Central,2026-04-01,TRANSPORT_BUS_INTRACITY_NGN_PER_JOURNEY,1490.7461,NGN per journey,True,1233.3592,20.8688,16.8698,3.999
25,Lagos,South West,2026-01-01,TRANSPORT_BUS_INTRACITY_NGN_PER_JOURNEY,1566.0312,NGN per journey,True,1150.0,36.1766,16.2271,19.9495
25,Lagos,South West,2026-01-01,TRANSPORT_OKADA_NGN_PER_JOURNEY,1384.6151,NGN per journey,True,950.0,45.749,16.2271,29.5218
25,Lagos,South West,2026-03-01,TRANSPORT_OKADA_NGN_PER_JOURNEY,1568.25,NGN per journey,True,1000.0,56.825,12.318,44.507
25,Lagos,South West,2026-03-01,TRANSPORT_BUS_INTRACITY_NGN_PER_JOURNEY,1694.4726,NGN per journey,True,1300.0,30.344,12.318,18.026
25,Lagos,South West,2026-05-01,TRANSPORT_OKADA_NGN_PER_JOURNEY,1659.9977,NGN per journey,False,1070.608,55.0519,15.7363,39.3156
25,Lagos,South West,2026-05-01,TRANSPORT_BUS_INTRACITY_NGN_PER_JOURNEY,1741.4258,NGN per journey,False,1371.6328,26.9601,15.7363,11.2238
25,Lagos,South West,2026-04-01,TRANSPORT_OKADA_NGN_PER_JOURNEY,1590.8712,NGN per journey,True,1050.0,51.5115,19.9841,31.5275
25,Lagos,South West,2026-04-01,TRANSPORT_BUS_INTRACITY_NGN_PER_JOURNEY,1704.0341,NGN per journey,True,1330.66,28.0593,19.9841,8.0752
26,Nasarawa,North Central,2026-01-01,TRANSPORT_BUS_INTRACITY_NGN_PER_JOURNEY,1338.0827,NGN per journey,True,1204.5621,11.0846,17.2864,-6.2018
26,Nasarawa,North Central,2026-01-01,TRANSPORT_OKADA_NGN_PER_JOURNEY,816.6175,NGN per journey,True,570.0,43.2662,17.2864,25.9799
26,Nasarawa,North Central,2026-03-01,TRANSPORT_OKADA_NGN_PER_JOURNEY,880.5,NGN per journey,True,650.0,35.4615,19.5419,15.9196
26,Nasarawa,North Central,2026-03-01,TRANSPORT_BUS_INTRACITY_NGN_PER_JOURNEY,1484.3034,NGN per journey,True,1200.0,23.6919,19.5419,4.15
26,Nasarawa,North Central,2026-05-01,TRANSPORT_OKADA_NGN_PER_JOURNEY,997.0021,NGN per journey,False,700.608,42.3053,10.1708,32.1345
26,Nasarawa,North Central,2026-05-01,TRANSPORT_BUS_INTRACITY_NGN_PER_JOURNEY,1513.8137,NGN per journey,False,1296.0,16.8066,10.1708,6.6358
26,Nasarawa,North Central,2026-04-01,TRANSPORT_OKADA_NGN_PER_JOURNEY,950.129,NGN per journey,True,688.9214,37.9154,11.3262,26.5893
26,Nasarawa,North Central,2026-04-01,TRANSPORT_BUS_INTRACITY_NGN_PER_JOURNEY,1502.1134,NGN per journey,True,1220.0,23.124,11.3262,11.7979
27,Niger,North Central,2026-01-01,TRANSPORT_BUS_INTRACITY_NGN_PER_JOURNEY,1170.6667,NGN per journey,True,857.9824,36.4441,16.8611,19.583
27,Niger,North Central,2026-01-01,TRANSPORT_OKADA_NGN_PER_JOURNEY,751.6667,NGN per journey,True,545.2245,37.8637,16.8611,21.0025
27,Niger,North Central,2026-03-01,TRANSPORT_OKADA_NGN_PER_JOURNEY,800.85,NGN per journey,True,590.268,35.6757,20.741,14.9347
27,Niger,North Central,2026-03-01,TRANSPORT_BUS_INTRACITY_NGN_PER_JOURNEY,1313.0653,NGN per journey,True,880.32,49.1577,20.741,28.4168
27,Niger,North Central,2026-05-01,TRANSPORT_OKADA_NGN_PER_JOURNEY,903.4836,NGN per journey,False,650.608,38.8676,3.0668,35.8008
27,Niger,North Central,2026-05-01,TRANSPORT_BUS_INTRACITY_NGN_PER_JOURNEY,1389.19,NGN per journey,False,1002.6201,38.556,3.0668,35.4892
27,Niger,North Central,2026-04-01,TRANSPORT_OKADA_NGN_PER_JOURNEY,880.7085,NGN per journey,True,595.8036,47.8186,11.7691,36.0495
27,Niger,North Central,2026-04-01,TRANSPORT_BUS_INTRACITY_NGN_PER_JOURNEY,1368.6498,NGN per journey,True,910.9978,50.2363,11.7691,38.4673
28,Ogun,South West,2026-01-01,TRANSPORT_BUS_INTRACITY_NGN_PER_JOURNEY,1376.7732,NGN per journey,True,954.6667,44.2151,12.862,31.353
28,Ogun,South West,2026-01-01,TRANSPORT_OKADA_NGN_PER_JOURNEY,1172.8765,NGN per journey,True,586.6667,99.9221,12.862,87.0601
28,Ogun,South West,2026-03-01,TRANSPORT_OKADA_NGN_PER_JOURNEY,1214.521,NGN per journey,True,649.8017,86.9064,11.6228,75.2836
28,Ogun,South West,2026-03-01,TRANSPORT_BUS_INTRACITY_NGN_PER_JOURNEY,1489.5637,NGN per journey,True,986.2283,51.0364,11.6228,39.4136
28,Ogun,South West,2026-05-01,TRANSPORT_OKADA_NGN_PER_JOURNEY,1381.8891,NGN per journey,False,1138.05,21.426,11.6334,9.7926
28,Ogun,South West,2026-05-01,TRANSPORT_BUS_INTRACITY_NGN_PER_JOURNEY,1597.8292,NGN per journey,False,1138.05,40.4006,11.6334,28.7672
28,Ogun,South West,2026-04-01,TRANSPORT_OKADA_NGN_PER_JOURNEY,1334.5954,NGN per journey,True,676.0,97.4254,14.2209,83.2044
28,Ogun,South West,2026-04-01,TRANSPORT_BUS_INTRACITY_NGN_PER_JOURNEY,1582.3707,NGN per journey,True,1022.5,54.7551,14.2209,40.5342
29,Ondo,South West,2026-01-01,TRANSPORT_BUS_INTRACITY_NGN_PER_JOURNEY,1379.6175,NGN per journey,True,1173.3333,17.581,13.1983,4.3828
29,Ondo,South West,2026-01-01,TRANSPORT_OKADA_NGN_PER_JOURNEY,989.8385,NGN per journey,True,820.0,20.712,13.1983,7.5137
29,Ondo,South West,2026-03-01,TRANSPORT_OKADA_NGN_PER_JOURNEY,1060.5,NGN per journey,True,847.1429,25.1855,18.5674,6.6181
29,Ondo,South West,2026-03-01,TRANSPORT_BUS_INTRACITY_NGN_PER_JOURNEY,1491.829,NGN per journey,True,1168.2167,27.7014,18.5674,9.134
29,Ondo,South West,2026-05-01,TRANSPORT_OKADA_NGN_PER_JOURNEY,1177.3873,NGN per journey,False,878.05,34.0911,17.5686,16.5225
29,Ondo,South West,2026-05-01,TRANSPORT_BUS_INTRACITY_NGN_PER_JOURNEY,1570.4015,NGN per journey,False,1198.05,31.0798,17.5686,13.5112
29,Ondo,South West,2026-04-01,TRANSPORT_OKADA_NGN_PER_JOURNEY,1150.5038,NGN per journey,True,850.6667,35.2473,21.9168,13.3305
29,Ondo,South West,2026-04-01,TRANSPORT_BUS_INTRACITY_NGN_PER_JOURNEY,1500.0829,NGN per journey,True,1180.225,27.1014,21.9168,5.1846
30,Osun,South West,2026-01-01,TRANSPORT_BUS_INTRACITY_NGN_PER_JOURNEY,1127.5122,NGN per journey,True,700.0,61.0732,18.1321,42.9411
30,Osun,South West,2026-01-01,TRANSPORT_OKADA_NGN_PER_JOURNEY,848.625,NGN per journey,True,525.0,61.6429,18.1321,43.5108
30,Osun,South West,2026-03-01,TRANSPORT_OKADA_NGN_PER_JOURNEY,916.0688,NGN per journey,True,636.44,43.9364,5.2523,38.684
30,Osun,South West,2026-03-01,TRANSPORT_BUS_INTRACITY_NGN_PER_JOURNEY,1594.4481,NGN per journey,True,850.0,87.5821,5.2523,82.3298
30,Osun,South West,2026-05-01,TRANSPORT_OKADA_NGN_PER_JOURNEY,993.496,NGN per journey,False,678.05,46.5225,14.3443,32.1783
30,Osun,South West,2026-05-01,TRANSPORT_BUS_INTRACITY_NGN_PER_JOURNEY,1651.7816,NGN per journey,False,862.1546,91.5876,14.3443,77.2434
30,Osun,South West,2026-04-01,TRANSPORT_OKADA_NGN_PER_JOURNEY,948.9129,NGN per journey,True,649.7644,46.0395,13.7304,32.3091
30,Osun,South West,2026-04-01,TRANSPORT_BUS_INTRACITY_NGN_PER_JOURNEY,1600.4803,NGN per journey,True,856.5245,86.8575,13.7304,73.1271
31,Oyo,South West,2026-01-01,TRANSPORT_BUS_INTRACITY_NGN_PER_JOURNEY,1306.0931,NGN per journey,True,800.0,63.2616,16.9077,46.354
31,Oyo,South West,2026-01-01,TRANSPORT_OKADA_NGN_PER_JOURNEY,860.0,NGN per journey,True,645.0,33.3333,16.9077,16.4257
31,Oyo,South West,2026-03-01,TRANSPORT_OKADA_NGN_PER_JOURNEY,943.8946,NGN per journey,True,656.8425,43.7018,11.3431,32.3587
31,Oyo,South West,2026-03-01,TRANSPORT_BUS_INTRACITY_NGN_PER_JOURNEY,1375.1704,NGN per journey,True,880.0,56.2694,11.3431,44.9262
31,Oyo,South West,2026-05-01,TRANSPORT_OKADA_NGN_PER_JOURNEY,999.7698,NGN per journey,False,678.05,47.4478,9.8791,37.5687
31,Oyo,South West,2026-05-01,TRANSPORT_BUS_INTRACITY_NGN_PER_JOURNEY,1445.0487,NGN per journey,False,942.1546,53.377,9.8791,43.4979
31,Oyo,South West,2026-04-01,TRANSPORT_OKADA_NGN_PER_JOURNEY,979.0124,NGN per journey,True,676.285,44.7633,8.5535,36.2098
31,Oyo,South West,2026-04-01,TRANSPORT_BUS_INTRACITY_NGN_PER_JOURNEY,1396.3533,NGN per journey,True,915.2,52.5736,8.5535,44.02
32,Plateau,North Central,2026-01-01,TRANSPORT_BUS_INTRACITY_NGN_PER_JOURNEY,1145.5899,NGN per journey,True,995.6759,15.0565,15.7995,-0.743
32,Plateau,North Central,2026-01-01,TRANSPORT_OKADA_NGN_PER_JOURNEY,965.1293,NGN per journey,True,570.8577,69.0665,15.7995,53.267
32,Plateau,North Central,2026-03-01,TRANSPORT_OKADA_NGN_PER_JOURNEY,1016.5,NGN per journey,True,638.2678,59.2592,19.5599,39.6993
32,Plateau,North Central,2026-03-01,TRANSPORT_BUS_INTRACITY_NGN_PER_JOURNEY,1301.8764,NGN per journey,True,1000.0,30.1876,19.5599,10.6278
32,Plateau,North Central,2026-05-01,TRANSPORT_OKADA_NGN_PER_JOURNEY,1087.5279,NGN per journey,False,678.05,60.3905,7.103,53.2875
32,Plateau,North Central,2026-05-01,TRANSPORT_BUS_INTRACITY_NGN_PER_JOURNEY,1466.3114,NGN per journey,False,902.1546,62.5344,7.103,55.4314
32,Plateau,North Central,2026-04-01,TRANSPORT_OKADA_NGN_PER_JOURNEY,1067.3056,NGN per journey,True,654.2244,63.1406,7.763,55.3776
32,Plateau,North Central,2026-04-01,TRANSPORT_BUS_INTRACITY_NGN_PER_JOURNEY,1397.2288,NGN per journey,True,860.2002,62.4307,7.763,54.6677
33,Rivers,South South,2026-01-01,TRANSPORT_BUS_INTRACITY_NGN_PER_JOURNEY,973.4718,NGN per journey,True,650.0,49.7649,14.1616,35.6033
33,Rivers,South South,2026-01-01,TRANSPORT_OKADA_NGN_PER_JOURNEY,1094.7479,NGN per journey,True,708.3333,54.5526,14.1616,40.391
33,Rivers,South South,2026-03-01,TRANSPORT_OKADA_NGN_PER_JOURNEY,1172.4283,NGN per journey,True,726.8783,61.2964,16.0191,45.2773
33,Rivers,South South,2026-03-01,TRANSPORT_BUS_INTRACITY_NGN_PER_JOURNEY,1088.2829,NGN per journey,True,750.0,45.1044,16.0191,29.0853
33,Rivers,South South,2026-05-01,TRANSPORT_OKADA_NGN_PER_JOURNEY,1298.2592,NGN per journey,False,778.05,66.8606,19.1466,47.714
33,Rivers,South South,2026-05-01,TRANSPORT_BUS_INTRACITY_NGN_PER_JOURNEY,1187.7772,NGN per journey,False,786.4419,51.0318,19.1466,31.8852
33,Rivers,South South,2026-04-01,TRANSPORT_OKADA_NGN_PER_JOURNEY,1250.8262,NGN per journey,True,736.1817,69.9073,17.4273,52.48
33,Rivers,South South,2026-04-01,TRANSPORT_BUS_INTRACITY_NGN_PER_JOURNEY,1122.9216,NGN per journey,True,760.0,47.7528,17.4273,30.3256
34,Sokoto,North West,2026-01-01,TRANSPORT_BUS_INTRACITY_NGN_PER_JOURNEY,950.0,NGN per journey,True,700.0,35.7143,16.4733,19.241
34,Sokoto,North West,2026-01-01,TRANSPORT_OKADA_NGN_PER_JOURNEY,672.3215,NGN per journey,True,475.0,41.5414,16.4733,25.0681
34,Sokoto,North West,2026-03-01,TRANSPORT_OKADA_NGN_PER_JOURNEY,759.4305,NGN per journey,True,480.0,58.2147,26.0251,32.1896
34,Sokoto,North West,2026-03-01,TRANSPORT_BUS_INTRACITY_NGN_PER_JOURNEY,1117.6199,NGN per journey,True,800.0,39.7025,26.0251,13.6774
34,Sokoto,North West,2026-05-01,TRANSPORT_OKADA_NGN_PER_JOURNEY,849.9808,NGN per journey,False,546.0,55.6741,22.6047,33.0695
34,Sokoto,North West,2026-05-01,TRANSPORT_BUS_INTRACITY_NGN_PER_JOURNEY,1195.6562,NGN per journey,False,860.0,39.0298,22.6047,16.4251
34,Sokoto,North West,2026-04-01,TRANSPORT_OKADA_NGN_PER_JOURNEY,800.0532,NGN per journey,True,500.0,60.0106,25.7362,34.2744
34,Sokoto,North West,2026-04-01,TRANSPORT_BUS_INTRACITY_NGN_PER_JOURNEY,1175.9885,NGN per journey,True,830.0,41.6854,25.7362,15.9491
35,Taraba,North East,2026-01-01,TRANSPORT_BUS_INTRACITY_NGN_PER_JOURNEY,1378.5521,NGN per journey,True,1184.0,16.4318,16.2345,0.1973
35,Taraba,North East,2026-01-01,TRANSPORT_OKADA_NGN_PER_JOURNEY,868.8266,NGN per journey,True,770.0,12.8346,16.2345,-3.3999
35,Taraba,North East,2026-03-01,TRANSPORT_OKADA_NGN_PER_JOURNEY,920.5,NGN per journey,True,780.0,18.0128,21.215,-3.2021
35,Taraba,North East,2026-03-01,TRANSPORT_BUS_INTRACITY_NGN_PER_JOURNEY,1678.2088,NGN per journey,True,1190.0,41.0259,21.215,19.811
35,Taraba,North East,2026-05-01,TRANSPORT_OKADA_NGN_PER_JOURNEY,998.7305,NGN per journey,False,788.7744,26.618,9.4187,17.1993
35,Taraba,North East,2026-05-01,TRANSPORT_BUS_INTRACITY_NGN_PER_JOURNEY,1771.9554,NGN per journey,False,1210.0,46.4426,9.4187,37.0239
35,Taraba,North East,2026-04-01,TRANSPORT_OKADA_NGN_PER_JOURNEY,950.3614,NGN per journey,True,762.093,24.7041,17.1922,7.5119
35,Taraba,North East,2026-04-01,TRANSPORT_BUS_INTRACITY_NGN_PER_JOURNEY,1703.8782,NGN per journey,True,1194.0,42.7034,17.1922,25.5112
36,Yobe,North East,2026-01-01,TRANSPORT_BUS_INTRACITY_NGN_PER_JOURNEY,1380.4808,NGN per journey,True,845.0,63.3705,19.1456,44.2249
36,Yobe,North East,2026-01-01,TRANSPORT_OKADA_NGN_PER_JOURNEY,1209.2548,NGN per journey,True,736.25,64.2451,19.1456,45.0995
36,Yobe,North East,2026-03-01,TRANSPORT_OKADA_NGN_PER_JOURNEY,1341.5103,NGN per journey,True,755.148,77.6487,19.6661,57.9825
36,Yobe,North East,2026-03-01,TRANSPORT_BUS_INTRACITY_NGN_PER_JOURNEY,1391.8475,NGN per journey,True,855.0,62.7892,19.6661,43.123
36,Yobe,North East,2026-05-01,TRANSPORT_OKADA_NGN_PER_JOURNEY,1458.5981,NGN per journey,False,800.7744,82.1484,24.9403,57.2082
36,Yobe,North East,2026-05-01,TRANSPORT_BUS_INTRACITY_NGN_PER_JOURNEY,1468.1218,NGN per journey,False,920.0,59.5785,24.9403,34.6382
36,Yobe,North East,2026-04-01,TRANSPORT_OKADA_NGN_PER_JOURNEY,1396.7628,NGN per journey,True,780.0,79.0722,20.3511,58.7211
36,Yobe,North East,2026-04-01,TRANSPORT_BUS_INTRACITY_NGN_PER_JOURNEY,1404.9448,NGN per journey,True,900.0,56.105,20.3511,35.7539
37,Zamfara,North West,2026-01-01,TRANSPORT_BUS_INTRACITY_NGN_PER_JOURNEY,1387.3884,NGN per journey,True,1140.0,21.7007,14.7469,6.9538
37,Zamfara,North West,2026-01-01,TRANSPORT_OKADA_NGN_PER_JOURNEY,927.1531,NGN per journey,True,523.75,77.0221,14.7469,62.2752
37,Zamfara,North West,2026-03-01,TRANSPORT_OKADA_NGN_PER_JOURNEY,1022.3562,NGN per journey,True,540.4338,89.1733,15.9876,73.1857
37,Zamfara,North West,2026-03-01,TRANSPORT_BUS_INTRACITY_NGN_PER_JOURNEY,1721.7746,NGN per journey,True,1150.0,49.7195,15.9876,33.7319
37,Zamfara,North West,2026-05-01,TRANSPORT_OKADA_NGN_PER_JOURNEY,1169.0425,NGN per journey,False,588.7744,98.5553,20.2372,78.3181
37,Zamfara,North West,2026-05-01,TRANSPORT_BUS_INTRACITY_NGN_PER_JOURNEY,1878.8019,NGN per journey,False,1220.0,54.0002,20.2372,33.763
37,Zamfara,North West,2026-04-01,TRANSPORT_OKADA_NGN_PER_JOURNEY,1081.6233,NGN per journey,True,550.0,96.6588,22.0266,74.6321
37,Zamfara,North West,2026-04-01,TRANSPORT_BUS_INTRACITY_NGN_PER_JOURNEY,1803.1024,NGN per journey,True,1170.6667,54.0236,22.0266,31.9969
