source_organisation,dataset,period_start,period_end,release_title,original_filename,file_type,official_source_url,download_url,download_status,contains_excel,contains_pdf,months_covered,notes
NBS,NBS Selected Food Price Watch,2025-01,2025-01,Selected Food Price Watch January 2025,Selected_Food_Report_Jan25.pdf,PDF,https://microdata.nigerianstat.gov.ng/index.php/catalog/162/related-materials,https://microdata.nigerianstat.gov.ng/index.php/catalog/162/download/1228,DOWNLOADED,NO,YES,2025-01,
NBS,NBS Selected Food Price Watch,2025-01,2025-01,Selected Food Price Watch January 2025 Tables,Selected_food_table_Jan25.xlsx,XLSX,https://microdata.nigerianstat.gov.ng/index.php/catalog/162/related-materials,https://microdata.nigerianstat.gov.ng/index.php/catalog/162/download/1230,DOWNLOADED,YES,NO,2025-01,
NBS,NBS Selected Food Price Watch,2025-02,2025-02,Selected Food Price Watch February Tables,selected_food_table_Feb_25.xlsx,XLSX,https://microdata.nigerianstat.gov.ng/index.php/catalog/162/related-materials,https://microdata.nigerianstat.gov.ng/index.php/catalog/162/download/1239,DOWNLOADED,YES,NO,2025-02,
NBS,NBS Selected Food Price Watch,2025-03,2025-03,Selected Food Price Watch March Tables,selected_food_table_Mar_25.xlsx,XLSX,https://microdata.nigerianstat.gov.ng/index.php/catalog/162/related-materials,https://microdata.nigerianstat.gov.ng/index.php/catalog/162/download/1240,DOWNLOADED,YES,NO,2025-03,
NBS,NBS Selected Food Price Watch,2025-04,2025-04,Selected Food Price Watch April 2025,Selected_Food_Report_Apr25.pdf,PDF,https://microdata.nigerianstat.gov.ng/index.php/catalog/162/related-materials,https://microdata.nigerianstat.gov.ng/index.php/catalog/162/download/1229,DOWNLOADED,NO,YES,2025-04,
NBS,NBS Selected Food Price Watch,2025-04,2025-04,Selected Food Price Watch April 2025 Tables,selected_food_table_Apr25.xlsx,XLSX,https://microdata.nigerianstat.gov.ng/index.php/catalog/162/related-materials,https://microdata.nigerianstat.gov.ng/index.php/catalog/162/download/1231,DOWNLOADED,YES,NO,2025-04,
NBS,NBS Selected Food Price Watch,2025-05,2025-05,Selected Food Price Watch May 2025,Selected_Food_Report_May_2025.zip,ZIP,https://microdata.nigerianstat.gov.ng/index.php/catalog/162/related-materials,https://microdata.nigerianstat.gov.ng/index.php/catalog/162/download/1282,DOWNLOADED,YES,YES,2025-05,archive members: Selected_Food_Report_May_2025.pdf | selected_food_table_May-25.xlsx
NBS,NBS Selected Food Price Watch,2025-06,2025-06,Selected Food Price Watch June 2025,Selected_Food_Report_June_2025.zip,ZIP,https://microdata.nigerianstat.gov.ng/index.php/catalog/162/related-materials,https://microdata.nigerianstat.gov.ng/index.php/catalog/162/download/1283,DOWNLOADED,YES,YES,2025-06,archive members: Selected_Food_Report_June_2025.pdf | selected_food_table_June-25.xlsx
NBS,NBS Selected Food Price Watch,2025-07,2025-07,Selected Food Price Watch July 2025,Selected_Food_Report_July_2025.zip,ZIP,https://microdata.nigerianstat.gov.ng/index.php/catalog/162/related-materials,https://microdata.nigerianstat.gov.ng/index.php/catalog/162/download/1284,DOWNLOADED,YES,YES,2025-07,archive members: Selected_Food_Report_July_2025.pdf | selected_food_table_July-25.xlsx
NBS,NBS Selected Food Price Watch,2025-08,2025-09,Selected Food Price Watch August-September 2025,SELECTED_FOOD_PRICES_AUG_SEPT_2025.zip,ZIP,https://microdata.nigerianstat.gov.ng/index.php/catalog/162/related-materials,https://microdata.nigerianstat.gov.ng/index.php/catalog/162/download/1310,DOWNLOADED,YES,YES,2025-08;2025-09,COMBINED RELEASE covering 2 months in one official file; archive members: Selected_Food_Report Sept_25.pdf | selected food table september-25.xlsx | selected food table August-25.xlsx | Selected Food Report Aug25.pdf
NBS,NBS Selected Food Price Watch,2025-10,2025-10,Selected Food Price Watch October 2025,Selected_Food Report_Oct25.zip,ZIP,https://microdata.nigerianstat.gov.ng/index.php/catalog/162/related-materials,https://microdata.nigerianstat.gov.ng/index.php/catalog/162/download/1319,DOWNLOADED,YES,YES,2025-10,archive members: Selected Food Report_Oct25.pdf | selected food table October25.xlsx
NBS,NBS Selected Food Price Watch,2025-11,2025-11,Selected Food Price Watch November 2025,Selected_Food_Report_Nov_25.zip,ZIP,https://microdata.nigerianstat.gov.ng/index.php/catalog/162/related-materials,https://microdata.nigerianstat.gov.ng/index.php/catalog/162/download/1343,DOWNLOADED,YES,YES,2025-11,archive members: selected food table Nov25.xlsx | Selected_Food_Report_Nov_25.pdf
NBS,NBS Selected Food Price Watch,2025-12,2025-12,Selected Food Price Watch December 2025,Selected_Food_Report_Dec_25.zip,ZIP,https://microdata.nigerianstat.gov.ng/index.php/catalog/162/related-materials,https://microdata.nigerianstat.gov.ng/index.php/catalog/162/download/1356,DOWNLOADED,YES,YES,2025-12,archive members: Selected Food Report_Dec 25.pdf | selected food table Dec25.xlsx
NBS,NBS Selected Food Price Watch,2026-01,2026-01,Selected Food Price Watch January 2026,Selected_Food_Report_Jan26.zip,ZIP,https://microdata.nigerianstat.gov.ng/index.php/catalog/162/related-materials,https://microdata.nigerianstat.gov.ng/index.php/catalog/162/download/1365,DOWNLOADED,YES,YES,2026-01,archive members: Selected_Food_Report_Jan26.pdf | selected food table Jan26.xlsx
NBS,NBS Selected Food Price Watch,2026-02,2026-02,Selected Food Price Watch February 2026,Selected_Food_Report_Feb_2026.zip,ZIP,https://microdata.nigerianstat.gov.ng/index.php/catalog/162/related-materials,https://microdata.nigerianstat.gov.ng/index.php/catalog/162/download/1379,DOWNLOADED,YES,YES,2026-02,archive members: Selected_Food_Report_Feb_2026.pdf | selected food table Feb 26.xlsx
NBS,NBS Selected Food Price Watch,2026-03,2026-03,Selected Food Price Watch March 2026,Selected_Food_Report_Mar_2026.zip,ZIP,https://microdata.nigerianstat.gov.ng/index.php/catalog/162/related-materials,https://microdata.nigerianstat.gov.ng/index.php/catalog/162/download/1401,DOWNLOADED,YES,YES,2026-03,archive members: Selected_Food_Report_Mar_2026.pdf | selected food table Mar26.xlsx
NBS,NBS Selected Food Price Watch,2026-04,2026-04,Selected Food Price Watch April 2026,Selected_Food_Report_April_2026.zip,ZIP,https://microdata.nigerianstat.gov.ng/index.php/catalog/162/related-materials,https://microdata.nigerianstat.gov.ng/index.php/catalog/162/download/1415,DOWNLOADED,YES,YES,2026-04,archive members: Selected_Food_Report_April_2026.pdf | selected food table Apr26.xlsx
NBS,NBS Selected Food Price Watch,2026-05,2026-05,Selected Food Price Watch May 2026,Selected_Food_Report_May 26.zip,ZIP,https://microdata.nigerianstat.gov.ng/index.php/catalog/162/related-materials,https://microdata.nigerianstat.gov.ng/index.php/catalog/162/download/1427,DOWNLOADED,YES,YES,2026-05,archive members: Selected_Food_Report_May 26.pdf | selected food table May 26.xlsx
NBS,NBS PMS (Petrol) Price Watch,2025-01,2025-01,PMS Report January 2025,PMS_Report_JAN_2025.pdf,PDF,https://microdata.nigerianstat.gov.ng/index.php/catalog/157/related-materials,https://microdata.nigerianstat.gov.ng/index.php/catalog/157/download/1163,DOWNLOADED,NO,YES,2025-01,
NBS,NBS PMS (Petrol) Price Watch,2025-01,2025-01,PMS January 2025 Tables,PMS_Jan_2025.xlsx,XLSX,https://microdata.nigerianstat.gov.ng/index.php/catalog/157/related-materials,https://microdata.nigerianstat.gov.ng/index.php/catalog/157/download/1164,DOWNLOADED,YES,NO,2025-01,
NBS,NBS PMS (Petrol) Price Watch,2025-02,2025-02,PMS Report February 2025,PMS_Report_FEB_2025.pdf,PDF,https://microdata.nigerianstat.gov.ng/index.php/catalog/157/related-materials,https://microdata.nigerianstat.gov.ng/index.php/catalog/157/download/1165,DOWNLOADED,NO,YES,2025-02,
NBS,NBS PMS (Petrol) Price Watch,2025-02,2025-02,PMS February 2025 Tables,PMS_FEB_2025.xlsx,XLSX,https://microdata.nigerianstat.gov.ng/index.php/catalog/157/related-materials,https://microdata.nigerianstat.gov.ng/index.php/catalog/157/download/1166,DOWNLOADED,YES,NO,2025-02,
NBS,NBS PMS (Petrol) Price Watch,2025-03,2025-03,PMS Report March 2025,PMS_Report_March_2025.pdf,PDF,https://microdata.nigerianstat.gov.ng/index.php/catalog/157/related-materials,https://microdata.nigerianstat.gov.ng/index.php/catalog/157/download/1202,DOWNLOADED,NO,YES,2025-03,
NBS,NBS PMS (Petrol) Price Watch,2025-03,2025-03,PMS March 2025 Tables,PMS Report March 2025.xlsx,XLSX,https://microdata.nigerianstat.gov.ng/index.php/catalog/157/related-materials,https://microdata.nigerianstat.gov.ng/index.php/catalog/157/download/1203,DOWNLOADED,YES,NO,2025-03,
NBS,NBS PMS (Petrol) Price Watch,2025-04,2025-04,PMS Report April 2025,PMS_Report_April_2025.pdf,PDF,https://microdata.nigerianstat.gov.ng/index.php/catalog/157/related-materials,https://microdata.nigerianstat.gov.ng/index.php/catalog/157/download/1214,DOWNLOADED,NO,YES,2025-04,
NBS,NBS PMS (Petrol) Price Watch,2025-04,2025-04,PMS April 2025 Tables,Fuel_Report_April_2025.xlsx,XLSX,https://microdata.nigerianstat.gov.ng/index.php/catalog/157/related-materials,https://microdata.nigerianstat.gov.ng/index.php/catalog/157/download/1215,DOWNLOADED,YES,NO,2025-04,
NBS,NBS PMS (Petrol) Price Watch,2025-05,2025-05,PMS Report May 2025,PMS_Report_MAY_2025.pdf,PDF,https://microdata.nigerianstat.gov.ng/index.php/catalog/157/related-materials,https://microdata.nigerianstat.gov.ng/index.php/catalog/157/download/1247,DOWNLOADED,NO,YES,2025-05,
NBS,NBS PMS (Petrol) Price Watch,2025-05,2025-05,PMS May 2025 Tables,Fuel_Report_May_2025.xlsx,XLSX,https://microdata.nigerianstat.gov.ng/index.php/catalog/157/related-materials,https://microdata.nigerianstat.gov.ng/index.php/catalog/157/download/1246,DOWNLOADED,YES,NO,2025-05,
NBS,NBS PMS (Petrol) Price Watch,2025-06,2025-06,PMS Report June 2025,PMS_Report_JUNE_2025.pdf,PDF,https://microdata.nigerianstat.gov.ng/index.php/catalog/157/related-materials,https://microdata.nigerianstat.gov.ng/index.php/catalog/157/download/1260,DOWNLOADED,NO,YES,2025-06,
NBS,NBS PMS (Petrol) Price Watch,2025-06,2025-06,PMS June 2025 Tables,PMS_Report_June_2025.xlsx,XLSX,https://microdata.nigerianstat.gov.ng/index.php/catalog/157/related-materials,https://microdata.nigerianstat.gov.ng/index.php/catalog/157/download/1261,DOWNLOADED,YES,NO,2025-06,
NBS,NBS PMS (Petrol) Price Watch,2025-07,2025-07,PMS Report July 2025,PMS_Report_JULY_2025.zip,ZIP,https://microdata.nigerianstat.gov.ng/index.php/catalog/157/related-materials,https://microdata.nigerianstat.gov.ng/index.php/catalog/157/download/1277,DOWNLOADED,YES,YES,2025-07,archive members: PMS_Report_JULY_2025.pdf | Fuel_Report_July_2025.xlsx
NBS,NBS PMS (Petrol) Price Watch,2025-08,2025-09,PMS Report August-September 2025,PMS_Report_AUG_SEPT_2025.zip,ZIP,https://microdata.nigerianstat.gov.ng/index.php/catalog/157/related-materials,https://microdata.nigerianstat.gov.ng/index.php/catalog/157/download/1357,DOWNLOADED,YES,YES,2025-08;2025-09,COMBINED RELEASE covering 2 months in one official file; archive members: PMS Report AUGUST 2025.pdf | PMS Report SEPTEMBER 2025.pdf | PMS_SEPTEMBER_2025.xlsx | PMS AUGUST 2025.xlsx
NBS,NBS PMS (Petrol) Price Watch,2025-10,2025-10,PMS Report October 2025,PMS Report OCTOBER 2025.zip,ZIP,https://microdata.nigerianstat.gov.ng/index.php/catalog/157/related-materials,https://microdata.nigerianstat.gov.ng/index.php/catalog/157/download/1314,DOWNLOADED,YES,YES,2025-10,archive members: PMS Report OCTOBER 2025.pdf | PMS_OCT_2025.xlsx
NBS,NBS PMS (Petrol) Price Watch,2025-11,2025-11,PMS Report November 2025,PMS_REPORT_NOV_2025.zip,ZIP,https://microdata.nigerianstat.gov.ng/index.php/catalog/157/related-materials,https://microdata.nigerianstat.gov.ng/index.php/catalog/157/download/1328,DOWNLOADED,YES,YES,2025-11,archive members: PMS_Report_NOVEMBER_2025.pdf | Fuel_NOV_2025.xlsx
NBS,NBS PMS (Petrol) Price Watch,2025-12,2025-12,PMS Report December 2025,PMS_DECEMBER_2025.zip,ZIP,https://microdata.nigerianstat.gov.ng/index.php/catalog/157/related-materials,https://microdata.nigerianstat.gov.ng/index.php/catalog/157/download/1345,DOWNLOADED,YES,YES,2025-12,archive members: PMS_DECEMBER_2025.xlsx | PMS Report DECEMBER 2025.pdf
NBS,NBS PMS (Petrol) Price Watch,2026-01,2026-01,PMS Report January 2026,PMS_Report_JANUARY_2026.zip,ZIP,https://microdata.nigerianstat.gov.ng/index.php/catalog/157/related-materials,https://microdata.nigerianstat.gov.ng/index.php/catalog/157/download/1358,DOWNLOADED,YES,YES,2026-01,archive members: PMS Report JANUARY 2026.pdf | PMS_JANUARY_2025.xlsx
NBS,NBS PMS (Petrol) Price Watch,2026-02,2026-02,PMS Report February 2026,PMS_Report_FEBRUARY_2026.zip,ZIP,https://microdata.nigerianstat.gov.ng/index.php/catalog/157/related-materials,https://microdata.nigerianstat.gov.ng/index.php/catalog/157/download/1374,DOWNLOADED,YES,YES,2026-02,archive members: PMS_Report_FEBRUARY_2026.pdf | PMS_FEBRUARY_ 2026.xlsx
NBS,NBS PMS (Petrol) Price Watch,2026-03,2026-03,PMS Report March 2026,PMS_Report_MARCH_2026.zip,ZIP,https://microdata.nigerianstat.gov.ng/index.php/catalog/157/related-materials,https://microdata.nigerianstat.gov.ng/index.php/catalog/157/download/1398,DOWNLOADED,YES,YES,2026-03,archive members: PMS Report MARCH 2026.pdf | PMS_March_ 2026.xlsx
NBS,NBS PMS (Petrol) Price Watch,2026-04,2026-04,PMS Report April 2026,PMS_APRIL_2026.zip,ZIP,https://microdata.nigerianstat.gov.ng/index.php/catalog/157/related-materials,https://microdata.nigerianstat.gov.ng/index.php/catalog/157/download/1410,DOWNLOADED,YES,YES,2026-04,archive members: Fuel APRIL 2026.xlsx | PMS Report APRIL 2026.pdf
NBS,NBS PMS (Petrol) Price Watch,2026-05,2026-05,PMS Report May 2026,PMS_Report_MAY_2026.zip,ZIP,https://microdata.nigerianstat.gov.ng/index.php/catalog/157/related-materials,https://microdata.nigerianstat.gov.ng/index.php/catalog/157/download/1424,DOWNLOADED,YES,YES,2026-05,archive members: PMS Report MAY 2026.pdf | Fuel_MAY_2026.xlsx
NBS,NBS AGO (Diesel) Price Watch,2025-01,2025-01,AGO Report January 2025,AGO_Report_JANUARY_2025.pdf,PDF,https://microdata.nigerianstat.gov.ng/index.php/catalog/158/related-materials,https://microdata.nigerianstat.gov.ng/index.php/catalog/158/download/1167,DOWNLOADED,NO,YES,2025-01,
NBS,NBS AGO (Diesel) Price Watch,2025-01,2025-01,AGO January 2025 Tables,AGO_JAN_2025.xlsx,XLSX,https://microdata.nigerianstat.gov.ng/index.php/catalog/158/related-materials,https://microdata.nigerianstat.gov.ng/index.php/catalog/158/download/1168,DOWNLOADED,YES,NO,2025-01,
NBS,NBS AGO (Diesel) Price Watch,2025-02,2025-02,AGO Report February 2025,AGO_Report_FEBRUARY_2025.pdf,PDF,https://microdata.nigerianstat.gov.ng/index.php/catalog/158/related-materials,https://microdata.nigerianstat.gov.ng/index.php/catalog/158/download/1169,DOWNLOADED,NO,YES,2025-02,
NBS,NBS AGO (Diesel) Price Watch,2025-02,2025-02,AGO February 2025 Tables,AGO_FEB_2025.xlsx,XLSX,https://microdata.nigerianstat.gov.ng/index.php/catalog/158/related-materials,https://microdata.nigerianstat.gov.ng/index.php/catalog/158/download/1170,DOWNLOADED,YES,NO,2025-02,
NBS,NBS AGO (Diesel) Price Watch,2025-03,2025-03,AGO Report March 2025,AGO_Report_MARCH_2025.pdf,PDF,https://microdata.nigerianstat.gov.ng/index.php/catalog/158/related-materials,https://microdata.nigerianstat.gov.ng/index.php/catalog/158/download/1200,DOWNLOADED,NO,YES,2025-03,
NBS,NBS AGO (Diesel) Price Watch,2025-03,2025-03,AGO March 2025 Tables,Diesel Report March 2025.xlsx,XLSX,https://microdata.nigerianstat.gov.ng/index.php/catalog/158/related-materials,https://microdata.nigerianstat.gov.ng/index.php/catalog/158/download/1201,DOWNLOADED,YES,NO,2025-03,
NBS,NBS AGO (Diesel) Price Watch,2025-04,2025-04,AGO Report April 2025,AGO_Report_April_2025.pdf,PDF,https://microdata.nigerianstat.gov.ng/index.php/catalog/158/related-materials,https://microdata.nigerianstat.gov.ng/index.php/catalog/158/download/1216,DOWNLOADED,NO,YES,2025-04,
NBS,NBS AGO (Diesel) Price Watch,2025-04,2025-04,AGO April 2025 Tables,Diesel_Report_April_2025.xlsx,XLSX,https://microdata.nigerianstat.gov.ng/index.php/catalog/158/related-materials,https://microdata.nigerianstat.gov.ng/index.php/catalog/158/download/1217,DOWNLOADED,YES,NO,2025-04,
NBS,NBS AGO (Diesel) Price Watch,2025-05,2025-05,AGO Report May 2025,AGO_Report_MAY_2025.pdf,PDF,https://microdata.nigerianstat.gov.ng/index.php/catalog/158/related-materials,https://microdata.nigerianstat.gov.ng/index.php/catalog/158/download/1249,DOWNLOADED,NO,YES,2025-05,
NBS,NBS AGO (Diesel) Price Watch,2025-05,2025-05,AGO May 2025 Tables,Diesel_Report_May_2025.xlsx,XLSX,https://microdata.nigerianstat.gov.ng/index.php/catalog/158/related-materials,https://microdata.nigerianstat.gov.ng/index.php/catalog/158/download/1248,DOWNLOADED,YES,NO,2025-05,
NBS,NBS AGO (Diesel) Price Watch,2025-06,2025-06,AGO Report June 2025,AGO_Report_JUNE_2025.pdf,PDF,https://microdata.nigerianstat.gov.ng/index.php/catalog/158/related-materials,https://microdata.nigerianstat.gov.ng/index.php/catalog/158/download/1262,DOWNLOADED,NO,YES,2025-06,
NBS,NBS AGO (Diesel) Price Watch,2025-06,2025-06,AGO June 2025 Tables,Diesel_Report_June_2025.xlsx,XLSX,https://microdata.nigerianstat.gov.ng/index.php/catalog/158/related-materials,https://microdata.nigerianstat.gov.ng/index.php/catalog/158/download/1263,DOWNLOADED,YES,NO,2025-06,
NBS,NBS AGO (Diesel) Price Watch,2025-07,2025-07,AGO Report July 2025,AGO_Report_JULY_2025.zip,ZIP,https://microdata.nigerianstat.gov.ng/index.php/catalog/158/related-materials,https://microdata.nigerianstat.gov.ng/index.php/catalog/158/download/1278,DOWNLOADED,YES,YES,2025-07,archive members: AGO_Report_JULY_2025.pdf | Diesel_Report_July_2025.xlsx
NBS,NBS AGO (Diesel) Price Watch,2025-08,2025-09,AGO Report August-September 2025,AGO_Report_AUGUST_SEPTEMBER_2025.zip,ZIP,https://microdata.nigerianstat.gov.ng/index.php/catalog/158/related-materials,https://microdata.nigerianstat.gov.ng/index.php/catalog/158/download/1359,DOWNLOADED,YES,YES,2025-08;2025-09,COMBINED RELEASE covering 2 months in one official file; archive members: AGO_Report_SEPTEMBER_2025.pdf | AGO_Report_AUGUST_2025.pdf | DIESEL_SEPTEMBER_2025.xlsx | DIESEL_AUGUST_2025.xlsx
NBS,NBS AGO (Diesel) Price Watch,2025-10,2025-10,AGO Report October 2025,AGO_Report_OCTOBER_2025.zip,ZIP,https://microdata.nigerianstat.gov.ng/index.php/catalog/158/related-materials,https://microdata.nigerianstat.gov.ng/index.php/catalog/158/download/1315,DOWNLOADED,YES,YES,2025-10,archive members: AGO_Report_OCTOBER_2025.pdf | AGO_OCT_2025.xlsx
NBS,NBS AGO (Diesel) Price Watch,2025-11,2025-11,AGO Report November 2025,AGO_REPORT_NOV_2025.zip,ZIP,https://microdata.nigerianstat.gov.ng/index.php/catalog/158/related-materials,https://microdata.nigerianstat.gov.ng/index.php/catalog/158/download/1327,DOWNLOADED,YES,YES,2025-11,archive members: DIESEL_NOV_2025.xlsx | AGO_Report_NOVEMBER_2025.pdf
NBS,NBS AGO (Diesel) Price Watch,2025-12,2025-12,AGO Report December 2025,AGO_DECEMBER_2025.zip,ZIP,https://microdata.nigerianstat.gov.ng/index.php/catalog/158/related-materials,https://microdata.nigerianstat.gov.ng/index.php/catalog/158/download/1346,DOWNLOADED,YES,YES,2025-12,archive members: DIESEL_DECEMBER_2025.xlsx | AGO_DECEMBER_2025.pdf
NBS,NBS AGO (Diesel) Price Watch,2026-01,2026-01,AGO Report January 2026,AGO_Report_JANUARY_2026.zip,ZIP,https://microdata.nigerianstat.gov.ng/index.php/catalog/158/related-materials,https://microdata.nigerianstat.gov.ng/index.php/catalog/158/download/1360,DOWNLOADED,YES,YES,2026-01,archive members: AGO_Report_JANUARY_2026.pdf | AGO JANUARY 2026.xlsx
NBS,NBS AGO (Diesel) Price Watch,2026-02,2026-02,AGO Report February 2026,AGO_Report_FEBRUARY_2026.zip,ZIP,https://microdata.nigerianstat.gov.ng/index.php/catalog/158/related-materials,https://microdata.nigerianstat.gov.ng/index.php/catalog/158/download/1375,DOWNLOADED,YES,YES,2026-02,archive members: AGO_Report_FEBRUARY_2026.pdf | AGO_FEBRUARY_2026.xlsx
NBS,NBS AGO (Diesel) Price Watch,2026-03,2026-03,AGO Report March 2026,AGO_Report_March_2026.zip,ZIP,https://microdata.nigerianstat.gov.ng/index.php/catalog/158/related-materials,https://microdata.nigerianstat.gov.ng/index.php/catalog/158/download/1399,DOWNLOADED,YES,YES,2026-03,archive members: AGO_Report_March_2026.pdf | AGO_MARCH_2026.xlsx
NBS,NBS AGO (Diesel) Price Watch,2026-04,2026-04,AGO Report April 2026,AGO_APRIL_2026.zip,ZIP,https://microdata.nigerianstat.gov.ng/index.php/catalog/158/related-materials,https://microdata.nigerianstat.gov.ng/index.php/catalog/158/download/1411,DOWNLOADED,YES,YES,2026-04,archive members: AGO report - APRIL 2026.pdf | Diesel APRIL 2026.xlsx
NBS,NBS AGO (Diesel) Price Watch,2026-05,2026-05,AGO Report May 2026,AGO_Report_MAY_2026.zip,ZIP,https://microdata.nigerianstat.gov.ng/index.php/catalog/158/related-materials,https://microdata.nigerianstat.gov.ng/index.php/catalog/158/download/1425,DOWNLOADED,YES,YES,2026-05,archive members: AGO_Report_MAY_2026.pdf | DIESEL_MAY_2026.xlsx
NBS,NBS LPG (Cooking Gas) Price Watch,2025-01,2025-01,LPG Report January 2025,LPG_Report_January_2025.pdf,PDF,https://microdata.nigerianstat.gov.ng/index.php/catalog/160/related-materials,https://microdata.nigerianstat.gov.ng/index.php/catalog/160/download/1171,DOWNLOADED,NO,YES,2025-01,
NBS,NBS LPG (Cooking Gas) Price Watch,2025-01,2025-01,LPG January 2025 Tables,GAS_PRICE_WATCH_JAN_2025.xlsx,XLSX,https://microdata.nigerianstat.gov.ng/index.php/catalog/160/related-materials,https://microdata.nigerianstat.gov.ng/index.php/catalog/160/download/1172,DOWNLOADED,YES,NO,2025-01,
NBS,NBS LPG (Cooking Gas) Price Watch,2025-02,2025-02,LPG Report February 2025,LPG_Report_February_2025.pdf,PDF,https://microdata.nigerianstat.gov.ng/index.php/catalog/160/related-materials,https://microdata.nigerianstat.gov.ng/index.php/catalog/160/download/1173,DOWNLOADED,NO,YES,2025-02,
NBS,NBS LPG (Cooking Gas) Price Watch,2025-02,2025-02,LPG February 2025 Tables,GAS_PRICE_WATCH_FEB_2025.xlsx,XLSX,https://microdata.nigerianstat.gov.ng/index.php/catalog/160/related-materials,https://microdata.nigerianstat.gov.ng/index.php/catalog/160/download/1174,DOWNLOADED,YES,NO,2025-02,
NBS,NBS LPG (Cooking Gas) Price Watch,2025-03,2025-03,LPG Report March 2025,LPG_Report_March_2025.pdf,PDF,https://microdata.nigerianstat.gov.ng/index.php/catalog/160/related-materials,https://microdata.nigerianstat.gov.ng/index.php/catalog/160/download/1222,DOWNLOADED,NO,YES,2025-03,
NBS,NBS LPG (Cooking Gas) Price Watch,2025-03,2025-03,LPG March 2025 Tables,GAS_PRICE_WATCH_MARCH_2025.xlsx,XLSX,https://microdata.nigerianstat.gov.ng/index.php/catalog/160/related-materials,https://microdata.nigerianstat.gov.ng/index.php/catalog/160/download/1223,DOWNLOADED,YES,NO,2025-03,
NBS,NBS LPG (Cooking Gas) Price Watch,2025-04,2025-04,LPG Report April 2025,LPG_Report_April_2025.pdf,PDF,https://microdata.nigerianstat.gov.ng/index.php/catalog/160/related-materials,https://microdata.nigerianstat.gov.ng/index.php/catalog/160/download/1224,DOWNLOADED,NO,YES,2025-04,
NBS,NBS LPG (Cooking Gas) Price Watch,2025-04,2025-04,LPG April 2025 Tables,GAS_PRICE_WATCH_APRIL_2025.xlsx,XLSX,https://microdata.nigerianstat.gov.ng/index.php/catalog/160/related-materials,https://microdata.nigerianstat.gov.ng/index.php/catalog/160/download/1225,DOWNLOADED,YES,NO,2025-04,
NBS,NBS LPG (Cooking Gas) Price Watch,2025-05,2025-05,LPG Report May 2025,LPG_Report_MAY_2025.pdf,PDF,https://microdata.nigerianstat.gov.ng/index.php/catalog/160/related-materials,https://microdata.nigerianstat.gov.ng/index.php/catalog/160/download/1253,DOWNLOADED,NO,YES,2025-05,
NBS,NBS LPG (Cooking Gas) Price Watch,2025-05,2025-05,LPG May 2025 Tables,GAS_PRICE_WATCH_May_2025.xlsx,XLSX,https://microdata.nigerianstat.gov.ng/index.php/catalog/160/related-materials,https://microdata.nigerianstat.gov.ng/index.php/catalog/160/download/1252,DOWNLOADED,YES,NO,2025-05,
NBS,NBS LPG (Cooking Gas) Price Watch,2025-06,2025-06,LPG Report June 2025,LPG_June_2025_Report.pdf,PDF,https://microdata.nigerianstat.gov.ng/index.php/catalog/160/related-materials,https://microdata.nigerianstat.gov.ng/index.php/catalog/160/download/1266,DOWNLOADED,NO,YES,2025-06,
NBS,NBS LPG (Cooking Gas) Price Watch,2025-06,2025-06,LPG June 2025 Tables,GAS_PRIC_WATCH_JUNE_2025.xlsx,XLSX,https://microdata.nigerianstat.gov.ng/index.php/catalog/160/related-materials,https://microdata.nigerianstat.gov.ng/index.php/catalog/160/download/1267,DOWNLOADED,YES,NO,2025-06,
NBS,NBS LPG (Cooking Gas) Price Watch,2025-07,2025-07,LPG Report July 2025,LPG_July_2025.zip,ZIP,https://microdata.nigerianstat.gov.ng/index.php/catalog/160/related-materials,https://microdata.nigerianstat.gov.ng/index.php/catalog/160/download/1280,DOWNLOADED,YES,YES,2025-07,archive members: LPG_Report_Price_Watch_July_2025.pdf | GAS_PRICE_WATCH_JULY_2025.xlsx
NBS,NBS LPG (Cooking Gas) Price Watch,2025-08,2025-08,LPG Report August 2025,LPG_AUGUST_2025.zip,ZIP,https://microdata.nigerianstat.gov.ng/index.php/catalog/160/related-materials,https://microdata.nigerianstat.gov.ng/index.php/catalog/160/download/1289,DOWNLOADED,YES,YES,2025-08,archive members: LPG_AUGUST_2025.pdf | GAS_PRICE_WATCH_AUGUST_2025___.xlsx
NBS,NBS LPG (Cooking Gas) Price Watch,2025-09,2025-09,LPG Report September 2025,LPG_Report_Sept_2025.zip,ZIP,https://microdata.nigerianstat.gov.ng/index.php/catalog/160/related-materials,https://microdata.nigerianstat.gov.ng/index.php/catalog/160/download/1306,DOWNLOADED,YES,YES,2025-09,archive members: LPG_Report_Sept_2025.pdf | GAS_PRICE_WATCH_SEPTEMBER_2025.xlsx
NBS,NBS LPG (Cooking Gas) Price Watch,2025-10,2025-10,LPG Report October 2025,LPG_Report_OCT_25.zip,ZIP,https://microdata.nigerianstat.gov.ng/index.php/catalog/160/related-materials,https://microdata.nigerianstat.gov.ng/index.php/catalog/160/download/1320,DOWNLOADED,YES,YES,2025-10,archive members: LPG_Report_OCT_25.pdf | GAS PRICE WATCH OCTOBER 2025.xlsx
NBS,NBS LPG (Cooking Gas) Price Watch,2025-11,2025-12,LPG Report Nov-Dec 2025,LPG_Nov_Dec_2025.zip,ZIP,https://microdata.nigerianstat.gov.ng/index.php/catalog/160/related-materials,https://microdata.nigerianstat.gov.ng/index.php/catalog/160/download/1348,DOWNLOADED,YES,YES,2025-11;2025-12,COMBINED RELEASE covering 2 months in one official file; archive members: GAS PRICE WATCH DECEMBER 2025_.xlsx | LPG_December_2025_Report.pdf | LPG_November_2025_Report.pdf | GAS PRICE WATCH NOVEMBER 2025__.xlsx
NBS,NBS LPG (Cooking Gas) Price Watch,2026-01,2026-01,LPG Report January 2026,LPG_Report_Report_Jan2026.zip,ZIP,https://microdata.nigerianstat.gov.ng/index.php/catalog/160/related-materials,https://microdata.nigerianstat.gov.ng/index.php/catalog/160/download/1362,DOWNLOADED,YES,YES,2026-01,archive members: LPG_Report_Report_Jan2026.pdf | GAS PRICE WATCH JANUARY 2026_table.xlsx
NBS,NBS LPG (Cooking Gas) Price Watch,2026-02,2026-03,LPG Report Feb-March 2026,LPG_Report_Feb-March_2026.zip,ZIP,https://microdata.nigerianstat.gov.ng/index.php/catalog/160/related-materials,https://microdata.nigerianstat.gov.ng/index.php/catalog/160/download/1400,DOWNLOADED,YES,YES,2026-02;2026-03,COMBINED RELEASE covering 2 months in one official file; archive members: LPG_Report_March_2026.pdf | GAS Price Watch March_2026_table.xlsx | GAS PRICE WATCH FEBRUARY 2026_table.xlsx | LPG Report Feb26.pdf
NBS,NBS LPG (Cooking Gas) Price Watch,2026-04,2026-04,LPG Report April 2026,LPG_Report_APR26.zip,ZIP,https://microdata.nigerianstat.gov.ng/index.php/catalog/160/related-materials,https://microdata.nigerianstat.gov.ng/index.php/catalog/160/download/1413,DOWNLOADED,YES,YES,2026-04,archive members: LPG_report__APR26.pdf | GAS PRICE WATCH APRIL 2026_table.xlsx
NBS,NBS Transport Fare Watch,2025-01,2025-01,Transport Fare watch January 2025 Tables,TRANSPORT_COST_Watch_JAN_2025.xlsx,XLSX,https://microdata.nigerianstat.gov.ng/index.php/catalog/161/related-materials,https://microdata.nigerianstat.gov.ng/index.php/catalog/161/download/1234,DOWNLOADED,YES,NO,2025-01,
NBS,NBS Transport Fare Watch,2025-02,2025-02,Transport Fare watch February 2025 Tables,TRANSPORT_COST_Watch_FEB_2025.xlsx,XLSX,https://microdata.nigerianstat.gov.ng/index.php/catalog/161/related-materials,https://microdata.nigerianstat.gov.ng/index.php/catalog/161/download/1235,DOWNLOADED,YES,NO,2025-02,
NBS,NBS Transport Fare Watch,2025-03,2025-03,Transport Fare watch March 2025 Tables,TRANSPORT_COST_Watch_MAR_2025.xlsx,XLSX,https://microdata.nigerianstat.gov.ng/index.php/catalog/161/related-materials,https://microdata.nigerianstat.gov.ng/index.php/catalog/161/download/1236,DOWNLOADED,YES,NO,2025-03,
NBS,NBS Transport Fare Watch,2025-04,2025-04,Transport Fare Watch Report April 2025,Transport_Fare_Report_Apr_2025.pdf,PDF,https://microdata.nigerianstat.gov.ng/index.php/catalog/161/related-materials,https://microdata.nigerianstat.gov.ng/index.php/catalog/161/download/1238,DOWNLOADED,NO,YES,2025-04,
NBS,NBS Transport Fare Watch,2025-04,2025-04,Transport Fare watch April 2025 Tables,TRANSPORT_COST_Watch_APR_2025.xlsx,XLSX,https://microdata.nigerianstat.gov.ng/index.php/catalog/161/related-materials,https://microdata.nigerianstat.gov.ng/index.php/catalog/161/download/1237,DOWNLOADED,YES,NO,2025-04,
NBS,NBS Transport Fare Watch,2025-05,2025-07,Transport Fare Watch Report May_June_July 2025,Transport_MAY_JUNE_JULY_2025.zip,ZIP,https://microdata.nigerianstat.gov.ng/index.php/catalog/161/related-materials,https://microdata.nigerianstat.gov.ng/index.php/catalog/161/download/1290,DOWNLOADED,YES,YES,2025-05;2025-06;2025-07,COMBINED RELEASE covering 3 months in one official file; archive members: Transport_MAY_2025.pdf | Transport_JUNE_2025.pdf | Transport_JULY_2025.pdf | TRANSPORT COST Watch JUN_2025_.xlsx | TRANSPORT COST Watch JUL_2025_.xlsx | TRANSPORT COST Watch MAY_2025_.xlsx
NBS,NBS Transport Fare Watch,2025-08,2025-09,Transport Fare Watch Report Aug_Sept 2025,Transport_Report_AUG_SEPT_2025.zip,ZIP,https://microdata.nigerianstat.gov.ng/index.php/catalog/161/related-materials,https://microdata.nigerianstat.gov.ng/index.php/catalog/161/download/1308,DOWNLOADED,YES,YES,2025-08;2025-09,COMBINED RELEASE covering 2 months in one official file; archive members: Transport_Report_SEPT_2025.pdf | Transport_Report_AUG_2025.pdf | TRANSPORT COST Watch AUG_2025_.xlsx | TRANSPORT COST Watch SEPT_2025_.xlsx
NBS,NBS Transport Fare Watch,2025-10,2025-10,Transport Report October 2025,Transport_Report_October_2025.zip,ZIP,https://microdata.nigerianstat.gov.ng/index.php/catalog/161/related-materials,https://microdata.nigerianstat.gov.ng/index.php/catalog/161/download/1330,DOWNLOADED,YES,YES,2025-10,archive members: Transport_Report_October_2025.pdf | TRANSPORT_COST_Watch_OCT_2025.xlsx
NBS,NBS Transport Fare Watch,2025-11,2025-12,Transport Fare Watch Report Nov-Dec 2025,Transport Fare Watch Report Nov_Dec_2025.zip,ZIP,https://microdata.nigerianstat.gov.ng/index.php/catalog/161/related-materials,https://microdata.nigerianstat.gov.ng/index.php/catalog/161/download/1344,DOWNLOADED,YES,YES,2025-11;2025-12,COMBINED RELEASE covering 2 months in one official file; archive members: Transport Fare Watch Report_Dec2025.pdf | Transport Fare Watch Report_Nov2025.pdf | TRANSPORT COST Watch NOV_2025_.xlsx | TRANSPORT COST Watch DEC_2025_.xlsx
NBS,NBS Transport Fare Watch,2026-01,2026-01,Transport Fare Watch Report January 2026,Transport_report_JAN_2026.zip,ZIP,https://microdata.nigerianstat.gov.ng/index.php/catalog/161/related-materials,https://microdata.nigerianstat.gov.ng/index.php/catalog/161/download/1377,DOWNLOADED,YES,YES,2026-01,archive members: Transport_report_JAN_2026.pdf | TRANSPORT_COST_Watch_JAN_2026.xlsx
NBS,NBS Transport Fare Watch,2026-02,2026-02,Transport Fare Watch Report February 2026,Transport_report_FEB_2026.zip,ZIP,https://microdata.nigerianstat.gov.ng/index.php/catalog/161/related-materials,https://microdata.nigerianstat.gov.ng/index.php/catalog/161/download/1378,DOWNLOADED,YES,YES,2026-02,archive members: Transport_report_FEB_2026.pdf | TRANSPORT_COST_Watch_FEB_2026.xlsx
NBS,NBS Transport Fare Watch,2026-03,2026-03,Transport Fare Watch Report March 2026,Transport_Report_MAR26.zip,ZIP,https://microdata.nigerianstat.gov.ng/index.php/catalog/161/related-materials,https://microdata.nigerianstat.gov.ng/index.php/catalog/161/download/1403,DOWNLOADED,YES,YES,2026-03,archive members: Transport_Report_MAR26.pdf | TRANSPORT COST Watch MAR_2026_.xlsx
NBS,NBS Transport Fare Watch,2026-04,2026-04,Transport Fare Watch Report April 2026,Transport_Fare_Report_April_2026.zip,ZIP,https://microdata.nigerianstat.gov.ng/index.php/catalog/161/related-materials,https://microdata.nigerianstat.gov.ng/index.php/catalog/161/download/1414,DOWNLOADED,YES,YES,2026-04,archive members: Transport_Fare_Report_April_2026.pdf | TRANSPORT COST Watch APR_2026_ (1).xlsx
NBS,NBS Transport Fare Watch,2026-05,2026-05,Transport Fare Watch Report May 2026,Transport_Report_MAY_2026.zip,ZIP,https://microdata.nigerianstat.gov.ng/index.php/catalog/161/related-materials,https://microdata.nigerianstat.gov.ng/index.php/catalog/161/download/1429,DOWNLOADED,YES,YES,2026-05,archive members: Transport_Report_MAY_2026.pdf | TRANSPORT COST Watch MAY_2026_.xlsx
NBS,NBS Consumer Price Index and Inflation,2025-02,2025-02,February 2025 CPI Report,CPI_february_2025.pdf,PDF,https://microdata.nigerianstat.gov.ng/index.php/catalog/154/related-materials,https://microdata.nigerianstat.gov.ng/index.php/catalog/154/download/1161,DOWNLOADED,NO,YES,2025-02,
NBS,NBS Consumer Price Index and Inflation,2025-02,2025-02,February 2025 CPI Tables,cpi_1New_Feb_2025.xlsx,XLSX,https://microdata.nigerianstat.gov.ng/index.php/catalog/154/related-materials,https://microdata.nigerianstat.gov.ng/index.php/catalog/154/download/1162,DOWNLOADED,YES,NO,2025-02,
NBS,NBS Consumer Price Index and Inflation,2025-03,2025-03,March 2025 CPI Report,CPI_MARCH_2025.pdf,PDF,https://microdata.nigerianstat.gov.ng/index.php/catalog/154/related-materials,https://microdata.nigerianstat.gov.ng/index.php/catalog/154/download/1198,DOWNLOADED,NO,YES,2025-03,
NBS,NBS Consumer Price Index and Inflation,2025-03,2025-03,March 2025 CPI Tables,cpi_1New_Mar25.xlsx,XLSX,https://microdata.nigerianstat.gov.ng/index.php/catalog/154/related-materials,https://microdata.nigerianstat.gov.ng/index.php/catalog/154/download/1199,DOWNLOADED,YES,NO,2025-03,
NBS,NBS Consumer Price Index and Inflation,2025-04,2025-04,April 2025 CPI Report,CPI_APRIL_2025.pdf,PDF,https://microdata.nigerianstat.gov.ng/index.php/catalog/154/related-materials,https://microdata.nigerianstat.gov.ng/index.php/catalog/154/download/1212,DOWNLOADED,NO,YES,2025-04,
NBS,NBS Consumer Price Index and Inflation,2025-04,2025-04,April 2025 CPI Tables,cpi_1New_Apr25.xlsx,XLSX,https://microdata.nigerianstat.gov.ng/index.php/catalog/154/related-materials,https://microdata.nigerianstat.gov.ng/index.php/catalog/154/download/1213,DOWNLOADED,YES,NO,2025-04,
NBS,NBS Consumer Price Index and Inflation,2025-05,2025-05,May 2025 CPI Report,CPI_May_2025_Report.pdf,PDF,https://microdata.nigerianstat.gov.ng/index.php/catalog/154/related-materials,https://microdata.nigerianstat.gov.ng/index.php/catalog/154/download/1232,DOWNLOADED,NO,YES,2025-05,
NBS,NBS Consumer Price Index and Inflation,2025-05,2025-05,May 2025 CPI Tables,cpi_1New_May25.xlsx,XLSX,https://microdata.nigerianstat.gov.ng/index.php/catalog/154/related-materials,https://microdata.nigerianstat.gov.ng/index.php/catalog/154/download/1233,DOWNLOADED,YES,NO,2025-05,
NBS,NBS Consumer Price Index and Inflation,2025-06,2025-06,June 2025 CPI Report,CPI_June_2025_Report.pdf,PDF,https://microdata.nigerianstat.gov.ng/index.php/catalog/154/related-materials,https://microdata.nigerianstat.gov.ng/index.php/catalog/154/download/1254,DOWNLOADED,NO,YES,2025-06,
NBS,NBS Consumer Price Index and Inflation,2025-06,2025-06,June 2025 CPI Tables,cpi_1New_June25.xlsx,XLSX,https://microdata.nigerianstat.gov.ng/index.php/catalog/154/related-materials,https://microdata.nigerianstat.gov.ng/index.php/catalog/154/download/1255,DOWNLOADED,YES,NO,2025-06,
NBS,NBS Consumer Price Index and Inflation,2025-07,2025-07,July 2025 CPI Report,July_2025_CPI_Report.zip,ZIP,https://microdata.nigerianstat.gov.ng/index.php/catalog/154/related-materials,https://microdata.nigerianstat.gov.ng/index.php/catalog/154/download/1276,DOWNLOADED,YES,YES,2025-07,archive members: cpi_1New_JuLY25.xlsx | July 2025 CPI report.pdf
NBS,NBS Consumer Price Index and Inflation,2025-08,2025-08,August 2025 CPI Report,CPI_AUGUST_2025.zip,ZIP,https://microdata.nigerianstat.gov.ng/index.php/catalog/154/related-materials,https://microdata.nigerianstat.gov.ng/index.php/catalog/154/download/1286,DOWNLOADED,YES,YES,2025-08,archive members: CPI_AUGUST_2025.pdf | CPI_August25.xlsx
NBS,NBS Consumer Price Index and Inflation,2025-09,2025-09,September 2025 CPI Report,CPI_September_2025.zip,ZIP,https://microdata.nigerianstat.gov.ng/index.php/catalog/154/related-materials,https://microdata.nigerianstat.gov.ng/index.php/catalog/154/download/1297,DOWNLOADED,YES,YES,2025-09,archive members: CPI_September_2025.pdf | cpi_1New_September25.xlsx
NBS,NBS Consumer Price Index and Inflation,2025-10,2025-10,October 2025 CPI Report,CPI_October2025.zip,ZIP,https://microdata.nigerianstat.gov.ng/index.php/catalog/154/related-materials,https://microdata.nigerianstat.gov.ng/index.php/catalog/154/download/1309,DOWNLOADED,YES,YES,2025-10,archive members: CPI_October2025.pdf | cpi_1New_October25.xlsx
NBS,NBS Consumer Price Index and Inflation,2025-11,2025-11,November 2025 CPI Report,CPI_November_2025.zip,ZIP,https://microdata.nigerianstat.gov.ng/index.php/catalog/154/related-materials,https://microdata.nigerianstat.gov.ng/index.php/catalog/154/download/1325,DOWNLOADED,YES,YES,2025-11,archive members: CPI_November_2025.pdf | cpi_1New_November25.xlsx
NBS,NBS Consumer Price Index and Inflation,2025-12,2025-12,December 2025 CPI Report,CPI_December_2025_Report.zip,ZIP,https://microdata.nigerianstat.gov.ng/index.php/catalog/154/related-materials,https://microdata.nigerianstat.gov.ng/index.php/catalog/154/download/1334,DOWNLOADED,YES,YES,2025-12,archive members: CPI_December_2025_Report.pdf | cpi_1New_December2025.xlsx
NBS,NBS Consumer Price Index and Inflation,2026-01,2026-01,January 2026 CPI Report,CPI_Report_January_2026.zip,ZIP,https://microdata.nigerianstat.gov.ng/index.php/catalog/154/related-materials,https://microdata.nigerianstat.gov.ng/index.php/catalog/154/download/1353,DOWNLOADED,YES,YES,2026-01,archive members: CPI_Report_January_2026.pdf | cpi_January2026.xlsx
NBS,NBS Consumer Price Index and Inflation,2026-02,2026-02,February 2026 CPI Report,CPI_Report_FEBRUARY_2026.zip,ZIP,https://microdata.nigerianstat.gov.ng/index.php/catalog/154/related-materials,https://microdata.nigerianstat.gov.ng/index.php/catalog/154/download/1372,DOWNLOADED,YES,YES,2026-02,archive members: CPI_Report_FEBRUARY_2026.pdf | cpi_1New_February2026.xlsx
NBS,NBS Consumer Price Index and Inflation,2026-03,2026-03,March 2026 CPI Report,CPI_Report_March_2026.zip,ZIP,https://microdata.nigerianstat.gov.ng/index.php/catalog/154/related-materials,https://microdata.nigerianstat.gov.ng/index.php/catalog/154/download/1394,DOWNLOADED,YES,YES,2026-03,archive members: March_2026/cpi_1New_March2026.xls | March_2026/CPI_MARCH_2026.pdf
NBS,NBS Consumer Price Index and Inflation,2026-04,2026-04,April 2026 CPI Report,CPI_APRIL_2026.zip,ZIP,https://microdata.nigerianstat.gov.ng/index.php/catalog/154/related-materials,https://microdata.nigerianstat.gov.ng/index.php/catalog/154/download/1406,DOWNLOADED,YES,YES,2026-04,archive members: CPI_APRIL_2026.pdf | cpi_1New_April2026.xlsx
NBS,NBS Consumer Price Index and Inflation,2026-05,2026-05,May 2026 CPI Report,CPI_MAY_2026.zip,ZIP,https://microdata.nigerianstat.gov.ng/index.php/catalog/154/related-materials,https://microdata.nigerianstat.gov.ng/index.php/catalog/154/download/1422,DOWNLOADED,YES,YES,2026-05,archive members: CPI_MAY_2026.pdf | cpi_1New_May2026.xlsx
NBS,NBS Consumer Price Index and Inflation,,,Highlights of 2024 CPI Rebasing Results,Highlights of CPI Rebasing Result.pdf,PDF,https://microdata.nigerianstat.gov.ng/index.php/catalog/154/related-materials,https://microdata.nigerianstat.gov.ng/index.php/catalog/154/download/1156,DOWNLOADED,NO,YES,NOT_APPLICABLE,Methodology/reference document for the 2024 CPI rebasing; not a monthly release
NERC,NERC MYTO Supplementary Order - AEDC,2025-01,2025-01,AEDC MYTO JAN 2025,AEDC-MYTO-JAN-2025.pdf,PDF,https://nerc.gov.ng/resources/?doc_publication=myto,https://nerc.gov.ng/wp-content/uploads/2025/02/AEDC-MYTO-JAN-2025.pdf,DOWNLOADED,NO,YES,2025-01,"DisCo=AEDC; NERC website publication date=February 13, 2025"
NERC,NERC MYTO Supplementary Order - BEDC,2025-01,2025-01,BEDC MYTO JAN 2025,BEDC-MYTO-JAN-2025.pdf,PDF,https://nerc.gov.ng/resources/?doc_publication=myto,https://nerc.gov.ng/wp-content/uploads/2025/02/BEDC-MYTO-JAN-2025.pdf,DOWNLOADED,NO,YES,2025-01,"DisCo=BEDC; NERC website publication date=February 13, 2025"
NERC,NERC MYTO Supplementary Order - EEDC,2025-01,2025-01,EEDC MYTO JAN 2025,EEDC-MYTO-JAN-2025.pdf,PDF,https://nerc.gov.ng/resources/?doc_publication=myto,https://nerc.gov.ng/wp-content/uploads/2025/02/EEDC-MYTO-JAN-2025.pdf,DOWNLOADED,NO,YES,2025-01,"DisCo=EEDC; NERC website publication date=February 13, 2025"
NERC,NERC MYTO Supplementary Order - EKEDP,2025-01,2025-01,EKEDP MYTO JAN 2025,EKEDP-MYTO-JAN-2025.pdf,PDF,https://nerc.gov.ng/resources/?doc_publication=myto,https://nerc.gov.ng/wp-content/uploads/2025/02/EKEDP-MYTO-JAN-2025.pdf,DOWNLOADED,NO,YES,2025-01,"DisCo=EKEDP; NERC website publication date=February 13, 2025"
NERC,NERC MYTO Supplementary Order - IBEDC,2025-01,2025-01,IBEDC MYTO JAN 2025,IBEDC-MYTO-JAN-2025.pdf,PDF,https://nerc.gov.ng/resources/?doc_publication=myto,https://nerc.gov.ng/wp-content/uploads/2025/02/IBEDC-MYTO-JAN-2025.pdf,DOWNLOADED,NO,YES,2025-01,"DisCo=IBEDC; NERC website publication date=February 13, 2025"
NERC,NERC MYTO Supplementary Order - IE,2025-01,2025-01,IE MYTO JAN 2025,IE-MYTO-JAN-2025.pdf,PDF,https://nerc.gov.ng/resources/?doc_publication=myto,https://nerc.gov.ng/wp-content/uploads/2025/02/IE-MYTO-JAN-2025.pdf,DOWNLOADED,NO,YES,2025-01,"DisCo=IE; NERC website publication date=February 13, 2025"
NERC,NERC MYTO Supplementary Order - JED,2025-01,2025-01,JED MYTO JAN 2025,JED-MYTO-JAN-2025.pdf,PDF,https://nerc.gov.ng/resources/?doc_publication=myto,https://nerc.gov.ng/wp-content/uploads/2025/02/JED-MYTO-JAN-2025.pdf,DOWNLOADED,NO,YES,2025-01,"DisCo=JED; NERC website publication date=February 13, 2025"
NERC,NERC MYTO Supplementary Order - KAEDC,2025-01,2025-01,KAEDC MYTO JAN 2025,KAEDC-MYTO-JAN-2025.pdf,PDF,https://nerc.gov.ng/resources/?doc_publication=myto,https://nerc.gov.ng/wp-content/uploads/2025/02/KAEDC-MYTO-JAN-2025.pdf,DOWNLOADED,NO,YES,2025-01,"DisCo=KAEDC; NERC website publication date=February 13, 2025"
NERC,NERC MYTO Supplementary Order - KEDCO,2025-01,2025-01,KEDCO MYTO JAN 2025,KEDCO-MYTO-JAN-2025.pdf,PDF,https://nerc.gov.ng/resources/?doc_publication=myto,https://nerc.gov.ng/wp-content/uploads/2025/02/KEDCO-MYTO-JAN-2025.pdf,DOWNLOADED,NO,YES,2025-01,"DisCo=KEDCO; NERC website publication date=February 13, 2025"
NERC,NERC MYTO Supplementary Order - PHED,2025-01,2025-01,PHED MYTO JAN 2025,PHED-MYTO-JAN-2025.pdf,PDF,https://nerc.gov.ng/resources/?doc_publication=myto,https://nerc.gov.ng/wp-content/uploads/2025/02/PHED-MYTO-JAN-2025.pdf,DOWNLOADED,NO,YES,2025-01,"DisCo=PHED; NERC website publication date=February 13, 2025"
NERC,NERC MYTO Supplementary Order - YEDC,2025-01,2025-01,YEDC MYTO JAN 2025,YEDC-MYTO-JAN-2025.pdf,PDF,https://nerc.gov.ng/resources/?doc_publication=myto,https://nerc.gov.ng/wp-content/uploads/2025/02/YEDC-MYTO-JAN-2025.pdf,DOWNLOADED,NO,YES,2025-01,"DisCo=YEDC; NERC website publication date=February 13, 2025"
NERC,NERC MYTO Supplementary Order - AEDC,2025-02,2025-02,AEDC MYTO FEBRUARY 2025,AEDC_February_2025_003.pdf,PDF,https://nerc.gov.ng/resources/?doc_publication=myto,https://nerc.gov.ng/wp-content/uploads/2025/02/AEDC_February_2025_003.pdf,DOWNLOADED,NO,YES,2025-02,"DisCo=AEDC; NERC website publication date=February 19, 2025"
NERC,NERC MYTO Supplementary Order - APLE,2025-02,2025-02,APLE MYTO FEBRUARY 2025,APLE-MYTO_-FEB-2025_014.pdf,PDF,https://nerc.gov.ng/resources/?doc_publication=myto,https://nerc.gov.ng/wp-content/uploads/2025/02/APLE-MYTO_-FEB-2025_014.pdf,DOWNLOADED,NO,YES,2025-02,"DisCo=APLE; NERC website publication date=February 19, 2025"
NERC,NERC MYTO Supplementary Order - BEDC,2025-02,2025-02,BEDC MYTO FEBRUARY 2025,BEDC_February_2025_004.pdf,PDF,https://nerc.gov.ng/resources/?doc_publication=myto,https://nerc.gov.ng/wp-content/uploads/2025/02/BEDC_February_2025_004.pdf,DOWNLOADED,NO,YES,2025-02,"DisCo=BEDC; NERC website publication date=February 19, 2025"
NERC,NERC MYTO Supplementary Order - EEDC,2025-02,2025-02,EEDC MYTO FEBRUARY 2025,EEDC_February_2025_006.pdf,PDF,https://nerc.gov.ng/resources/?doc_publication=myto,https://nerc.gov.ng/wp-content/uploads/2025/02/EEDC_February_2025_006.pdf,DOWNLOADED,NO,YES,2025-02,"DisCo=EEDC; NERC website publication date=February 19, 2025"
NERC,NERC MYTO Supplementary Order - EKEDP,2025-02,2025-02,EKEDP MYTO FEBRUARY 2025,EKEDP_February_2025_005.pdf,PDF,https://nerc.gov.ng/resources/?doc_publication=myto,https://nerc.gov.ng/wp-content/uploads/2025/02/EKEDP_February_2025_005.pdf,DOWNLOADED,NO,YES,2025-02,"DisCo=EKEDP; NERC website publication date=February 19, 2025"
NERC,NERC MYTO Supplementary Order - IBEDC,2025-02,2025-02,IBEDC MYTO FEBRUARY 2025,IBEDC_February-2025_007.pdf,PDF,https://nerc.gov.ng/resources/?doc_publication=myto,https://nerc.gov.ng/wp-content/uploads/2025/02/IBEDC_February-2025_007.pdf,DOWNLOADED,NO,YES,2025-02,"DisCo=IBEDC; NERC website publication date=February 19, 2025"
NERC,NERC MYTO Supplementary Order - IE,2025-02,2025-02,IE MYTO FEBRUARY 2025,IE_February-2025_008.pdf,PDF,https://nerc.gov.ng/resources/?doc_publication=myto,https://nerc.gov.ng/wp-content/uploads/2025/02/IE_February-2025_008.pdf,DOWNLOADED,NO,YES,2025-02,"DisCo=IE; NERC website publication date=February 19, 2025"
NERC,NERC MYTO Supplementary Order - JED,2025-02,2025-02,JED MYTO FEBRUARY 2025,JED_February-2025_009.pdf,PDF,https://nerc.gov.ng/resources/?doc_publication=myto,https://nerc.gov.ng/wp-content/uploads/2025/02/JED_February-2025_009.pdf,DOWNLOADED,NO,YES,2025-02,"DisCo=JED; NERC website publication date=February 19, 2025"
NERC,NERC MYTO Supplementary Order - KAEDC,2025-02,2025-02,KAEDC MYTO FEBRUARY 2025,KAEDC_February-2025_010.pdf,PDF,https://nerc.gov.ng/resources/?doc_publication=myto,https://nerc.gov.ng/wp-content/uploads/2025/02/KAEDC_February-2025_010.pdf,DOWNLOADED,NO,YES,2025-02,"DisCo=KAEDC; NERC website publication date=February 19, 2025"
NERC,NERC MYTO Supplementary Order - KEDCO,2025-02,2025-02,KEDCO MYTO FEBRUARY 2025,KEDCO_February-2025_011.pdf,PDF,https://nerc.gov.ng/resources/?doc_publication=myto,https://nerc.gov.ng/wp-content/uploads/2025/02/KEDCO_February-2025_011.pdf,DOWNLOADED,NO,YES,2025-02,"DisCo=KEDCO; NERC website publication date=February 19, 2025"
NERC,NERC MYTO Supplementary Order - PHED,2025-02,2025-02,PHED MYTO FEBRUARY 2025,PHED_February-2025_012.pdf,PDF,https://nerc.gov.ng/resources/?doc_publication=myto,https://nerc.gov.ng/wp-content/uploads/2025/02/PHED_February-2025_012.pdf,DOWNLOADED,NO,YES,2025-02,"DisCo=PHED; NERC website publication date=February 19, 2025"
NERC,NERC MYTO Supplementary Order - YEDC,2025-02,2025-02,YEDC MYTO FEBRUARY 2025,YEDC_February-2025_013.pdf,PDF,https://nerc.gov.ng/resources/?doc_publication=myto,https://nerc.gov.ng/wp-content/uploads/2025/02/YEDC_February-2025_013.pdf,DOWNLOADED,NO,YES,2025-02,"DisCo=YEDC; NERC website publication date=February 19, 2025"
NERC,NERC MYTO Supplementary Order - AEDC,2025-04,2025-04,AEDC MYTO APRIL 2025,AEDC-MYTO-APR-2025.pdf,PDF,https://nerc.gov.ng/resources/?doc_publication=myto,https://nerc.gov.ng/wp-content/uploads/2025/04/AEDC-MYTO-APR-2025.pdf,DOWNLOADED,NO,YES,2025-04,"DisCo=AEDC; NERC website publication date=April 30, 2025"
NERC,NERC MYTO Supplementary Order - BEDC,2025-04,2025-04,BEDC MYTO APRIL 2025,BEDC-MYTO-APR-2025.pdf,PDF,https://nerc.gov.ng/resources/?doc_publication=myto,https://nerc.gov.ng/wp-content/uploads/2025/04/BEDC-MYTO-APR-2025.pdf,DOWNLOADED,NO,YES,2025-04,"DisCo=BEDC; NERC website publication date=April 30, 2025"
NERC,NERC MYTO Supplementary Order - EEDC,2025-04,2025-04,EEDC MYTO APRIL 2025,EEDC-MYTO-APR-2025.pdf,PDF,https://nerc.gov.ng/resources/?doc_publication=myto,https://nerc.gov.ng/wp-content/uploads/2025/04/EEDC-MYTO-APR-2025.pdf,DOWNLOADED,NO,YES,2025-04,"DisCo=EEDC; NERC website publication date=April 30, 2025"
NERC,NERC MYTO Supplementary Order - EKEDP,2025-04,2025-04,EKEDP MYTO APRIL 2025,EKEDC-MYTO-APRIL-2025.pdf,PDF,https://nerc.gov.ng/resources/?doc_publication=myto,https://nerc.gov.ng/wp-content/uploads/2025/04/EKEDC-MYTO-APRIL-2025.pdf,DOWNLOADED,NO,YES,2025-04,"DisCo=EKEDP; NERC website publication date=April 30, 2025"
NERC,NERC MYTO Supplementary Order - IBEDC,2025-04,2025-04,IBEDC MYTO APRIL 2025,IBEDC-MYTO-APR-2025.pdf,PDF,https://nerc.gov.ng/resources/?doc_publication=myto,https://nerc.gov.ng/wp-content/uploads/2025/04/IBEDC-MYTO-APR-2025.pdf,DOWNLOADED,NO,YES,2025-04,"DisCo=IBEDC; NERC website publication date=April 30, 2025"
NERC,NERC MYTO Supplementary Order - IE,2025-04,2025-04,IE MYTO APRIL 2025,IE-MYTO-APR-2025.pdf,PDF,https://nerc.gov.ng/resources/?doc_publication=myto,https://nerc.gov.ng/wp-content/uploads/2025/04/IE-MYTO-APR-2025.pdf,DOWNLOADED,NO,YES,2025-04,"DisCo=IE; NERC website publication date=April 30, 2025"
NERC,NERC MYTO Supplementary Order - JED,2025-04,2025-04,JED MYTO APRIL 2025,JED-MYTO-APR-2025.pdf,PDF,https://nerc.gov.ng/resources/?doc_publication=myto,https://nerc.gov.ng/wp-content/uploads/2025/04/JED-MYTO-APR-2025.pdf,DOWNLOADED,NO,YES,2025-04,"DisCo=JED; NERC website publication date=April 30, 2025"
NERC,NERC MYTO Supplementary Order - KAEDC,2025-04,2025-04,KAEDC MYTO APRIL 2025,KAEDC-MYTO-APR-2025.pdf,PDF,https://nerc.gov.ng/resources/?doc_publication=myto,https://nerc.gov.ng/wp-content/uploads/2025/04/KAEDC-MYTO-APR-2025.pdf,DOWNLOADED,NO,YES,2025-04,"DisCo=KAEDC; NERC website publication date=April 30, 2025"
NERC,NERC MYTO Supplementary Order - KEDCO,2025-04,2025-04,KEDCO MYTO APRIL 2025,KEDCO-MYTO-APR-2025.pdf,PDF,https://nerc.gov.ng/resources/?doc_publication=myto,https://nerc.gov.ng/wp-content/uploads/2025/04/KEDCO-MYTO-APR-2025.pdf,DOWNLOADED,NO,YES,2025-04,"DisCo=KEDCO; NERC website publication date=April 30, 2025"
NERC,NERC MYTO Supplementary Order - PHED,2025-04,2025-04,PHED MYTO APRIL 2025,PHED-MYTO-APR-2025.pdf,PDF,https://nerc.gov.ng/resources/?doc_publication=myto,https://nerc.gov.ng/wp-content/uploads/2025/04/PHED-MYTO-APR-2025.pdf,DOWNLOADED,NO,YES,2025-04,"DisCo=PHED; NERC website publication date=April 30, 2025"
NERC,NERC MYTO Supplementary Order - YEDC,2025-04,2025-04,YEDC MYTO APRIL 2025,YEDC-MYTO-APR-2025.pdf,PDF,https://nerc.gov.ng/resources/?doc_publication=myto,https://nerc.gov.ng/wp-content/uploads/2025/04/YEDC-MYTO-APR-2025.pdf,DOWNLOADED,NO,YES,2025-04,"DisCo=YEDC; NERC website publication date=April 30, 2025"
NERC,NERC MYTO Supplementary Order - AEDC,2025-05,2025-05,AEDC MYTO MAY 2025,AEDC_May_2025_045.pdf,PDF,https://nerc.gov.ng/resources/?doc_publication=myto,https://nerc.gov.ng/wp-content/uploads/2025/05/AEDC_May_2025_045.pdf,DOWNLOADED,NO,YES,2025-05,"DisCo=AEDC; NERC website publication date=May 21, 2025"
NERC,NERC MYTO Supplementary Order - BEDC,2025-05,2025-05,BEDC MYTO MAY 2025,BEDC_May_2025_046.pdf,PDF,https://nerc.gov.ng/resources/?doc_publication=myto,https://nerc.gov.ng/wp-content/uploads/2025/05/BEDC_May_2025_046.pdf,DOWNLOADED,NO,YES,2025-05,"DisCo=BEDC; NERC website publication date=May 21, 2025"
NERC,NERC MYTO Supplementary Order - EEDC,2025-05,2025-05,EEDC MYTO MAY 2025,EEDC_May_2025_048.pdf,PDF,https://nerc.gov.ng/resources/?doc_publication=myto,https://nerc.gov.ng/wp-content/uploads/2025/05/EEDC_May_2025_048.pdf,DOWNLOADED,NO,YES,2025-05,"DisCo=EEDC; NERC website publication date=May 21, 2025"
NERC,NERC MYTO Supplementary Order - EKEDP,2025-05,2025-05,EKEDP MYTO MAY 2025,EKEDP_May_2025_047.pdf,PDF,https://nerc.gov.ng/resources/?doc_publication=myto,https://nerc.gov.ng/wp-content/uploads/2025/05/EKEDP_May_2025_047.pdf,DOWNLOADED,NO,YES,2025-05,"DisCo=EKEDP; NERC website publication date=May 21, 2025"
NERC,NERC MYTO Supplementary Order - IBEDC,2025-05,2025-05,IBEDC MYTO MAY 2025,IBEDC_May_2025_049.pdf,PDF,https://nerc.gov.ng/resources/?doc_publication=myto,https://nerc.gov.ng/wp-content/uploads/2025/05/IBEDC_May_2025_049.pdf,DOWNLOADED,NO,YES,2025-05,"DisCo=IBEDC; NERC website publication date=May 21, 2025"
NERC,NERC MYTO Supplementary Order - IE,2025-05,2025-05,IE MYTO MAY 2025,IE_May_2025_050.pdf,PDF,https://nerc.gov.ng/resources/?doc_publication=myto,https://nerc.gov.ng/wp-content/uploads/2025/05/IE_May_2025_050.pdf,DOWNLOADED,NO,YES,2025-05,"DisCo=IE; NERC website publication date=May 21, 2025"
NERC,NERC MYTO Supplementary Order - JED,2025-05,2025-05,JED MYTO MAY 2025,JED_May_2025_051.pdf,PDF,https://nerc.gov.ng/resources/?doc_publication=myto,https://nerc.gov.ng/wp-content/uploads/2025/05/JED_May_2025_051.pdf,DOWNLOADED,NO,YES,2025-05,"DisCo=JED; NERC website publication date=May 21, 2025"
NERC,NERC MYTO Supplementary Order - KAEDC,2025-05,2025-05,KAEDC MYTO MAY 2025,KAEDC_May_2025_052.pdf,PDF,https://nerc.gov.ng/resources/?doc_publication=myto,https://nerc.gov.ng/wp-content/uploads/2025/05/KAEDC_May_2025_052.pdf,DOWNLOADED,NO,YES,2025-05,"DisCo=KAEDC; NERC website publication date=May 21, 2025"
NERC,NERC MYTO Supplementary Order - KEDCO,2025-05,2025-05,KEDCO MYTO MAY 2025,KEDCO_May_2025_053.pdf,PDF,https://nerc.gov.ng/resources/?doc_publication=myto,https://nerc.gov.ng/wp-content/uploads/2025/05/KEDCO_May_2025_053.pdf,DOWNLOADED,NO,YES,2025-05,"DisCo=KEDCO; NERC website publication date=May 21, 2025"
NERC,NERC MYTO Supplementary Order - PHED,2025-05,2025-05,PHEDC MYTO MAY 2025,PHED_May_2025_054.pdf,PDF,https://nerc.gov.ng/resources/?doc_publication=myto,https://nerc.gov.ng/wp-content/uploads/2025/05/PHED_May_2025_054.pdf,DOWNLOADED,NO,YES,2025-05,"DisCo=PHED; NERC website publication date=May 21, 2025"
NERC,NERC MYTO Supplementary Order - YEDC,2025-05,2025-05,YEDC MYTO MAY 2025,YEDC_May_2025_055.pdf,PDF,https://nerc.gov.ng/resources/?doc_publication=myto,https://nerc.gov.ng/wp-content/uploads/2025/05/YEDC_May_2025_055.pdf,DOWNLOADED,NO,YES,2025-05,"DisCo=YEDC; NERC website publication date=May 21, 2025"
NERC,NERC MYTO Supplementary Order - AEDC,2025-06,2025-06,AEDC MYTO JUNE 2025,Abuja-june-2025-1.pdf,PDF,https://nerc.gov.ng/resources/?doc_publication=myto,https://nerc.gov.ng/wp-content/uploads/2025/06/Abuja-june-2025-1.pdf,DOWNLOADED,NO,YES,2025-06,"DisCo=AEDC; NERC website publication date=June 18, 2025"
NERC,NERC MYTO Supplementary Order - BEDC,2025-06,2025-06,BEDC MYTO JUNE 2025,Benin-june-2025.pdf,PDF,https://nerc.gov.ng/resources/?doc_publication=myto,https://nerc.gov.ng/wp-content/uploads/2025/06/Benin-june-2025.pdf,DOWNLOADED,NO,YES,2025-06,"DisCo=BEDC; NERC website publication date=June 18, 2025"
NERC,NERC MYTO Supplementary Order - EEDC,2025-06,2025-06,EEDC MYTO JUNE 2025,Enugu-june-2025.pdf,PDF,https://nerc.gov.ng/resources/?doc_publication=myto,https://nerc.gov.ng/wp-content/uploads/2025/06/Enugu-june-2025.pdf,DOWNLOADED,NO,YES,2025-06,"DisCo=EEDC; NERC website publication date=June 18, 2025"
NERC,NERC MYTO Supplementary Order - EKEDP,2025-06,2025-06,EKEDC MYTO JUNE 2025,Eko-june-2025.pdf,PDF,https://nerc.gov.ng/resources/?doc_publication=myto,https://nerc.gov.ng/wp-content/uploads/2025/06/Eko-june-2025.pdf,DOWNLOADED,NO,YES,2025-06,"DisCo=EKEDP; NERC website publication date=June 18, 2025"
NERC,NERC MYTO Supplementary Order - IBEDC,2025-06,2025-06,IBEDC MYTO JUNE 2025,Ibadan-June-2025.pdf,PDF,https://nerc.gov.ng/resources/?doc_publication=myto,https://nerc.gov.ng/wp-content/uploads/2025/06/Ibadan-June-2025.pdf,DOWNLOADED,NO,YES,2025-06,"DisCo=IBEDC; NERC website publication date=June 18, 2025"
NERC,NERC MYTO Supplementary Order - IE,2025-06,2025-06,IE MYTO JUNE 2025,Ikeja-june-2025.pdf,PDF,https://nerc.gov.ng/resources/?doc_publication=myto,https://nerc.gov.ng/wp-content/uploads/2025/06/Ikeja-june-2025.pdf,DOWNLOADED,NO,YES,2025-06,"DisCo=IE; NERC website publication date=June 18, 2025"
NERC,NERC MYTO Supplementary Order - KAEDC,2025-06,2025-06,KAEDC MYTO JUNE 2025,Kaduna-june-2025.pdf,PDF,https://nerc.gov.ng/resources/?doc_publication=myto,https://nerc.gov.ng/wp-content/uploads/2025/06/Kaduna-june-2025.pdf,DOWNLOADED,NO,YES,2025-06,"DisCo=KAEDC; NERC website publication date=June 18, 2025"
NERC,NERC MYTO Supplementary Order - KEDCO,2025-06,2025-06,KEDCO MYTO JUNE 2025,Kano-june-2025.pdf,PDF,https://nerc.gov.ng/resources/?doc_publication=myto,https://nerc.gov.ng/wp-content/uploads/2025/06/Kano-june-2025.pdf,DOWNLOADED,NO,YES,2025-06,"DisCo=KEDCO; NERC website publication date=June 18, 2025"
NERC,NERC MYTO Supplementary Order - PHED,2025-06,2025-06,PHEDC MYTO JUNE 2025,Portharcourt-june-2025.pdf,PDF,https://nerc.gov.ng/resources/?doc_publication=myto,https://nerc.gov.ng/wp-content/uploads/2025/06/Portharcourt-june-2025.pdf,DOWNLOADED,NO,YES,2025-06,"DisCo=PHED; NERC website publication date=June 18, 2025"
NERC,NERC MYTO Supplementary Order - YEDC,2025-06,2025-06,YEDC MYTO JUNE 2025,Yola-june-2025.pdf,PDF,https://nerc.gov.ng/resources/?doc_publication=myto,https://nerc.gov.ng/wp-content/uploads/2025/06/Yola-june-2025.pdf,DOWNLOADED,NO,YES,2025-06,"DisCo=YEDC; NERC website publication date=June 18, 2025"
NERC,NERC MYTO Supplementary Order - AEDC,2025-07,2025-07,AEDC MYTO JULY 2025,AEDC_July_2025_059.pdf,PDF,https://nerc.gov.ng/resources/?doc_publication=myto,https://nerc.gov.ng/wp-content/uploads/2025/08/AEDC_July_2025_059.pdf,DOWNLOADED,NO,YES,2025-07,"DisCo=AEDC; NERC website publication date=August 28, 2025"
NERC,NERC MYTO Supplementary Order - BEDC,2025-07,2025-07,BEDC MYTO JULY 2025,BEDC_July_2025_060.pdf,PDF,https://nerc.gov.ng/resources/?doc_publication=myto,https://nerc.gov.ng/wp-content/uploads/2025/08/BEDC_July_2025_060.pdf,DOWNLOADED,NO,YES,2025-07,"DisCo=BEDC; NERC website publication date=August 28, 2025"
NERC,NERC MYTO Supplementary Order - EEDC,2025-07,2025-07,EEDC MYTO JULY 2025,EEDC_July_2025_062.pdf,PDF,https://nerc.gov.ng/resources/?doc_publication=myto,https://nerc.gov.ng/wp-content/uploads/2025/08/EEDC_July_2025_062.pdf,DOWNLOADED,NO,YES,2025-07,"DisCo=EEDC; NERC website publication date=August 28, 2025"
NERC,NERC MYTO Supplementary Order - EKEDP,2025-07,2025-07,EKEDP MYTO JULY 2025,EKEDP_July_2025_061.pdf,PDF,https://nerc.gov.ng/resources/?doc_publication=myto,https://nerc.gov.ng/wp-content/uploads/2025/08/EKEDP_July_2025_061.pdf,DOWNLOADED,NO,YES,2025-07,"DisCo=EKEDP; NERC website publication date=August 28, 2025"
NERC,NERC MYTO Supplementary Order - IBEDC,2025-07,2025-07,IBEDC MYTO JULY 2025,IBEDC_July_2025_063.pdf,PDF,https://nerc.gov.ng/resources/?doc_publication=myto,https://nerc.gov.ng/wp-content/uploads/2025/08/IBEDC_July_2025_063.pdf,DOWNLOADED,NO,YES,2025-07,"DisCo=IBEDC; NERC website publication date=August 28, 2025"
NERC,NERC MYTO Supplementary Order - IE,2025-07,2025-07,IE MYTO JULY 2025,IE_July_2025_064.pdf,PDF,https://nerc.gov.ng/resources/?doc_publication=myto,https://nerc.gov.ng/wp-content/uploads/2025/08/IE_July_2025_064.pdf,DOWNLOADED,NO,YES,2025-07,"DisCo=IE; NERC website publication date=August 28, 2025"
NERC,NERC MYTO Supplementary Order - JED,2025-07,2025-07,JED MYTO JULY 2025,JED_July_2025_065.pdf,PDF,https://nerc.gov.ng/resources/?doc_publication=myto,https://nerc.gov.ng/wp-content/uploads/2025/08/JED_July_2025_065.pdf,DOWNLOADED,NO,YES,2025-07,"DisCo=JED; NERC website publication date=August 28, 2025"
NERC,NERC MYTO Supplementary Order - KAEDC,2025-07,2025-07,KAEDC MYTO JULY 2025,KAEDC_July_2025_066.pdf,PDF,https://nerc.gov.ng/resources/?doc_publication=myto,https://nerc.gov.ng/wp-content/uploads/2025/08/KAEDC_July_2025_066.pdf,DOWNLOADED,NO,YES,2025-07,"DisCo=KAEDC; NERC website publication date=August 28, 2025"
NERC,NERC MYTO Supplementary Order - KEDCO,2025-07,2025-07,KEDCO MYTO JULY 2025,KEDCO_July_2025_067.pdf,PDF,https://nerc.gov.ng/resources/?doc_publication=myto,https://nerc.gov.ng/wp-content/uploads/2025/08/KEDCO_July_2025_067.pdf,DOWNLOADED,NO,YES,2025-07,"DisCo=KEDCO; NERC website publication date=August 28, 2025"
NERC,NERC MYTO Supplementary Order - PHED,2025-07,2025-07,PHED MYTO JULY 2025,PHED_July_2025_068.pdf,PDF,https://nerc.gov.ng/resources/?doc_publication=myto,https://nerc.gov.ng/wp-content/uploads/2025/08/PHED_July_2025_068.pdf,DOWNLOADED,NO,YES,2025-07,"DisCo=PHED; NERC website publication date=August 28, 2025"
NERC,NERC MYTO Supplementary Order - YEDC,2025-07,2025-07,YEDC MYTO JULY 2025,YEDC_July_2025_069.pdf,PDF,https://nerc.gov.ng/resources/?doc_publication=myto,https://nerc.gov.ng/wp-content/uploads/2025/08/YEDC_July_2025_069.pdf,DOWNLOADED,NO,YES,2025-07,"DisCo=YEDC; NERC website publication date=August 28, 2025"
NERC,NERC MYTO Supplementary Order - AEDC,2025-08,2025-08,AEDC MYTO AUGUST 2025,AEDC_AUG_2025_MYTO.pdf,PDF,https://nerc.gov.ng/resources/?doc_publication=myto,https://nerc.gov.ng/wp-content/uploads/2025/12/AEDC_AUG_2025_MYTO.pdf,DOWNLOADED,NO,YES,2025-08,"DisCo=AEDC; NERC website publication date=December 7, 2025"
NERC,NERC MYTO Supplementary Order - BEDC,2025-08,2025-08,BEDC MYTO AUGUST 2025,BEDC_AUG_2025_MYTO.pdf,PDF,https://nerc.gov.ng/resources/?doc_publication=myto,https://nerc.gov.ng/wp-content/uploads/2025/12/BEDC_AUG_2025_MYTO.pdf,DOWNLOADED,NO,YES,2025-08,"DisCo=BEDC; NERC website publication date=December 7, 2025"
NERC,NERC MYTO Supplementary Order - EEDC,2025-08,2025-08,EEDC MYTO AUGUST 2025,EEDC_AUG_2025_MYTO.pdf,PDF,https://nerc.gov.ng/resources/?doc_publication=myto,https://nerc.gov.ng/wp-content/uploads/2025/12/EEDC_AUG_2025_MYTO.pdf,DOWNLOADED,NO,YES,2025-08,"DisCo=EEDC; NERC website publication date=December 7, 2025"
NERC,NERC MYTO Supplementary Order - EKEDP,2025-08,2025-08,EKEDP MYTO AUGUST 2025,EKEDP_AUG_2025_MYTO.pdf,PDF,https://nerc.gov.ng/resources/?doc_publication=myto,https://nerc.gov.ng/wp-content/uploads/2025/12/EKEDP_AUG_2025_MYTO.pdf,DOWNLOADED,NO,YES,2025-08,"DisCo=EKEDP; NERC website publication date=December 7, 2025"
NERC,NERC MYTO Supplementary Order - IBEDC,2025-08,2025-08,IBEDC MYTO AUGUST 2025,IBEDC_AUG_2025_MYTO.pdf,PDF,https://nerc.gov.ng/resources/?doc_publication=myto,https://nerc.gov.ng/wp-content/uploads/2025/12/IBEDC_AUG_2025_MYTO.pdf,DOWNLOADED,NO,YES,2025-08,"DisCo=IBEDC; NERC website publication date=December 7, 2025"
NERC,NERC MYTO Supplementary Order - IE,2025-08,2025-08,IE MYTO AUGUST 2025,IE_AUG_2025_MYTO.pdf,PDF,https://nerc.gov.ng/resources/?doc_publication=myto,https://nerc.gov.ng/wp-content/uploads/2025/12/IE_AUG_2025_MYTO.pdf,DOWNLOADED,NO,YES,2025-08,"DisCo=IE; NERC website publication date=December 7, 2025"
NERC,NERC MYTO Supplementary Order - JED,2025-08,2025-08,JED MYTO AUGUST 2025,JED_AUG_2025_MYTO.pdf,PDF,https://nerc.gov.ng/resources/?doc_publication=myto,https://nerc.gov.ng/wp-content/uploads/2025/12/JED_AUG_2025_MYTO.pdf,DOWNLOADED,NO,YES,2025-08,"DisCo=JED; NERC website publication date=December 7, 2025"
NERC,NERC MYTO Supplementary Order - KAEDC,2025-08,2025-08,KAEDC MYTO AUGUST 2025,KAEDC_AUG_2025_MYTO.pdf,PDF,https://nerc.gov.ng/resources/?doc_publication=myto,https://nerc.gov.ng/wp-content/uploads/2025/12/KAEDC_AUG_2025_MYTO.pdf,DOWNLOADED,NO,YES,2025-08,"DisCo=KAEDC; NERC website publication date=December 7, 2025"
NERC,NERC MYTO Supplementary Order - KEDCO,2025-08,2025-08,KEDCO MYTO AUGUST 2025,KEDCO_AUG_2025_MYTO.pdf,PDF,https://nerc.gov.ng/resources/?doc_publication=myto,https://nerc.gov.ng/wp-content/uploads/2025/12/KEDCO_AUG_2025_MYTO.pdf,DOWNLOADED,NO,YES,2025-08,"DisCo=KEDCO; NERC website publication date=December 7, 2025"
NERC,NERC MYTO Supplementary Order - PHED,2025-08,2025-08,PHED MYTO AUGUST 2025,PHED_AUG_2025_MYTO.pdf,PDF,https://nerc.gov.ng/resources/?doc_publication=myto,https://nerc.gov.ng/wp-content/uploads/2025/12/PHED_AUG_2025_MYTO.pdf,DOWNLOADED,NO,YES,2025-08,"DisCo=PHED; NERC website publication date=December 7, 2025"
NERC,NERC MYTO Supplementary Order - YEDC,2025-08,2025-08,YEDC MYTO AUGUST 2025,YEDC_AUG_2025_MYTO.pdf,PDF,https://nerc.gov.ng/resources/?doc_publication=myto,https://nerc.gov.ng/wp-content/uploads/2025/12/YEDC_AUG_2025_MYTO.pdf,DOWNLOADED,NO,YES,2025-08,"DisCo=YEDC; NERC website publication date=December 7, 2025"
NERC,NERC MYTO Supplementary Order - AEDC,2025-09,2025-09,AEDC MYTO SEPTEMBER 2025,AEDC_SEPT_2025_095.pdf,PDF,https://nerc.gov.ng/resources/?doc_publication=myto,https://nerc.gov.ng/wp-content/uploads/2025/12/AEDC_SEPT_2025_095.pdf,DOWNLOADED,NO,YES,2025-09,"DisCo=AEDC; NERC website publication date=December 7, 2025"
NERC,NERC MYTO Supplementary Order - BEDC,2025-09,2025-09,BEDC MYTO SEPTEMBER 2025,BEDC_SEPT_2025_097.pdf,PDF,https://nerc.gov.ng/resources/?doc_publication=myto,https://nerc.gov.ng/wp-content/uploads/2025/12/BEDC_SEPT_2025_097.pdf,DOWNLOADED,NO,YES,2025-09,"DisCo=BEDC; NERC website publication date=December 7, 2025"
NERC,NERC MYTO Supplementary Order - EEDC,2025-09,2025-09,EEDC MYTO SEPTEMBER 2025,EEDC_SEPT_2025_099.pdf,PDF,https://nerc.gov.ng/resources/?doc_publication=myto,https://nerc.gov.ng/wp-content/uploads/2025/12/EEDC_SEPT_2025_099.pdf,DOWNLOADED,NO,YES,2025-09,"DisCo=EEDC; NERC website publication date=December 7, 2025"
NERC,NERC MYTO Supplementary Order - EKEDP,2025-09,2025-09,EKEDP MYTO SEPTEMBER 2025,EKEDP_SEPT_2025_098.pdf,PDF,https://nerc.gov.ng/resources/?doc_publication=myto,https://nerc.gov.ng/wp-content/uploads/2025/12/EKEDP_SEPT_2025_098.pdf,DOWNLOADED,NO,YES,2025-09,"DisCo=EKEDP; NERC website publication date=December 7, 2025"
NERC,NERC MYTO Supplementary Order - IBEDC,2025-09,2025-09,IBEDC MYTO SEPTEMBER 2025,IBEDC_SEPT_2025_100.pdf,PDF,https://nerc.gov.ng/resources/?doc_publication=myto,https://nerc.gov.ng/wp-content/uploads/2025/12/IBEDC_SEPT_2025_100.pdf,DOWNLOADED,NO,YES,2025-09,"DisCo=IBEDC; NERC website publication date=December 7, 2025"
NERC,NERC MYTO Supplementary Order - IE,2025-09,2025-09,IE MYTO SEPTEMBER 2025,IE_SEPT_2025_101.pdf,PDF,https://nerc.gov.ng/resources/?doc_publication=myto,https://nerc.gov.ng/wp-content/uploads/2025/12/IE_SEPT_2025_101.pdf,DOWNLOADED,NO,YES,2025-09,"DisCo=IE; NERC website publication date=December 7, 2025"
NERC,NERC MYTO Supplementary Order - JED,2025-09,2025-09,JED MYTO SEPTEMBER 2025,JED_SEPT_2025_102.pdf,PDF,https://nerc.gov.ng/resources/?doc_publication=myto,https://nerc.gov.ng/wp-content/uploads/2025/12/JED_SEPT_2025_102.pdf,DOWNLOADED,NO,YES,2025-09,"DisCo=JED; NERC website publication date=December 7, 2025"
NERC,NERC MYTO Supplementary Order - KAEDC,2025-09,2025-09,KAEDC MYTO SEPTEMBER 2025,KAEDC_SEPT_2025_103.pdf,PDF,https://nerc.gov.ng/resources/?doc_publication=myto,https://nerc.gov.ng/wp-content/uploads/2025/12/KAEDC_SEPT_2025_103.pdf,DOWNLOADED,NO,YES,2025-09,"DisCo=KAEDC; NERC website publication date=December 7, 2025"
NERC,NERC MYTO Supplementary Order - KEDCO,2025-09,2025-09,KEDCO MYTO SEPTEMBER 2025,KEDCO_SEPT_2025_104.pdf,PDF,https://nerc.gov.ng/resources/?doc_publication=myto,https://nerc.gov.ng/wp-content/uploads/2025/12/KEDCO_SEPT_2025_104.pdf,DOWNLOADED,NO,YES,2025-09,"DisCo=KEDCO; NERC website publication date=December 7, 2025"
NERC,NERC MYTO Supplementary Order - PHED,2025-09,2025-09,PHED MYTO SEPTEMBER 2025,PHED__SEPT_2025_105.pdf,PDF,https://nerc.gov.ng/resources/?doc_publication=myto,https://nerc.gov.ng/wp-content/uploads/2025/12/PHED__SEPT_2025_105.pdf,DOWNLOADED,NO,YES,2025-09,"DisCo=PHED; NERC website publication date=December 7, 2025"
NERC,NERC MYTO Supplementary Order - YEDC,2025-09,2025-09,YEDC MYTO SEPTEMBER 2025,YEDC_SEPT_2025_106.pdf,PDF,https://nerc.gov.ng/resources/?doc_publication=myto,https://nerc.gov.ng/wp-content/uploads/2025/12/YEDC_SEPT_2025_106.pdf,DOWNLOADED,NO,YES,2025-09,"DisCo=YEDC; NERC website publication date=December 7, 2025"
NERC,NERC MYTO Supplementary Order - AEDC,2025-10,2025-10,AEDC MYTO OCTOBER 2025,AEDC_OCT_2025_108.pdf,PDF,https://nerc.gov.ng/resources/?doc_publication=myto,https://nerc.gov.ng/wp-content/uploads/2025/12/AEDC_OCT_2025_108.pdf,DOWNLOADED,NO,YES,2025-10,"DisCo=AEDC; NERC website publication date=December 7, 2025"
NERC,NERC MYTO Supplementary Order - BEDC,2025-10,2025-10,BEDC MYTO OCTOBER 2025,BEDC_OCT_2025_110.pdf,PDF,https://nerc.gov.ng/resources/?doc_publication=myto,https://nerc.gov.ng/wp-content/uploads/2025/12/BEDC_OCT_2025_110.pdf,DOWNLOADED,NO,YES,2025-10,"DisCo=BEDC; NERC website publication date=December 7, 2025"
NERC,NERC MYTO Supplementary Order - EEDC,2025-10,2025-10,EEDC MYTO OCTOBER 2025,EEDC_OCT_2025_112.pdf,PDF,https://nerc.gov.ng/resources/?doc_publication=myto,https://nerc.gov.ng/wp-content/uploads/2025/12/EEDC_OCT_2025_112.pdf,DOWNLOADED,NO,YES,2025-10,"DisCo=EEDC; NERC website publication date=December 7, 2025"
NERC,NERC MYTO Supplementary Order - EKEDP,2025-10,2025-10,EKEDP MYTO OCTOBER 2025,EKEDP_OCT_2025_111.pdf,PDF,https://nerc.gov.ng/resources/?doc_publication=myto,https://nerc.gov.ng/wp-content/uploads/2025/12/EKEDP_OCT_2025_111.pdf,DOWNLOADED,NO,YES,2025-10,"DisCo=EKEDP; NERC website publication date=December 7, 2025"
NERC,NERC MYTO Supplementary Order - IBEDC,2025-10,2025-10,IBEDC MYTO OCTOBER 2025,IBEDC_OCT_2025_113.pdf,PDF,https://nerc.gov.ng/resources/?doc_publication=myto,https://nerc.gov.ng/wp-content/uploads/2025/12/IBEDC_OCT_2025_113.pdf,DOWNLOADED,NO,YES,2025-10,"DisCo=IBEDC; NERC website publication date=December 7, 2025"
NERC,NERC MYTO Supplementary Order - IE,2025-10,2025-10,IE MYTO OCTOBER 2025,IE_OCT_2025_114.pdf,PDF,https://nerc.gov.ng/resources/?doc_publication=myto,https://nerc.gov.ng/wp-content/uploads/2025/12/IE_OCT_2025_114.pdf,DOWNLOADED,NO,YES,2025-10,"DisCo=IE; NERC website publication date=December 7, 2025"
NERC,NERC MYTO Supplementary Order - JED,2025-10,2025-10,JED MYTO OCTOBER 2025,JED_OCT_2025_115.pdf,PDF,https://nerc.gov.ng/resources/?doc_publication=myto,https://nerc.gov.ng/wp-content/uploads/2025/12/JED_OCT_2025_115.pdf,DOWNLOADED,NO,YES,2025-10,"DisCo=JED; NERC website publication date=December 7, 2025"
NERC,NERC MYTO Supplementary Order - KAEDC,2025-10,2025-10,KAEDC MYTO OCTOBER 2025,KAEDC_OCT_2025_116.pdf,PDF,https://nerc.gov.ng/resources/?doc_publication=myto,https://nerc.gov.ng/wp-content/uploads/2025/12/KAEDC_OCT_2025_116.pdf,DOWNLOADED,NO,YES,2025-10,"DisCo=KAEDC; NERC website publication date=December 7, 2025"
NERC,NERC MYTO Supplementary Order - KEDCO,2025-10,2025-10,KEDCO MYTO OCTOBER 2025,KEDCO_OCT_2025_117.pdf,PDF,https://nerc.gov.ng/resources/?doc_publication=myto,https://nerc.gov.ng/wp-content/uploads/2025/12/KEDCO_OCT_2025_117.pdf,DOWNLOADED,NO,YES,2025-10,"DisCo=KEDCO; NERC website publication date=December 7, 2025"
NERC,NERC MYTO Supplementary Order - PHED,2025-10,2025-10,PHED MYTO OCTOBER 2025,PHED_OCT_2025_118.pdf,PDF,https://nerc.gov.ng/resources/?doc_publication=myto,https://nerc.gov.ng/wp-content/uploads/2025/12/PHED_OCT_2025_118.pdf,DOWNLOADED,NO,YES,2025-10,"DisCo=PHED; NERC website publication date=December 7, 2025"
NERC,NERC MYTO Supplementary Order - YEDC,2025-10,2025-10,YEDC MYTO OCTOBER 2025,YEDC_OCT_2025_119.pdf,PDF,https://nerc.gov.ng/resources/?doc_publication=myto,https://nerc.gov.ng/wp-content/uploads/2025/12/YEDC_OCT_2025_119.pdf,DOWNLOADED,NO,YES,2025-10,"DisCo=YEDC; NERC website publication date=December 7, 2025"
NERC,NERC MYTO Supplementary Order - AEDC,2025-11,2025-11,AEDC MYTO NOVEMBER 2025,AEDC_NOV_2025_122.pdf,PDF,https://nerc.gov.ng/resources/?doc_publication=myto,https://nerc.gov.ng/wp-content/uploads/2025/12/AEDC_NOV_2025_122.pdf,DOWNLOADED,NO,YES,2025-11,"DisCo=AEDC; NERC website publication date=December 7, 2025"
NERC,NERC MYTO Supplementary Order - BEDC,2025-11,2025-11,BEDC MYTO NOVEMBER 2025,BEDC_NOV_2025_124.pdf,PDF,https://nerc.gov.ng/resources/?doc_publication=myto,https://nerc.gov.ng/wp-content/uploads/2025/12/BEDC_NOV_2025_124.pdf,DOWNLOADED,NO,YES,2025-11,"DisCo=BEDC; NERC website publication date=December 7, 2025"
NERC,NERC MYTO Supplementary Order - EEDC,2025-11,2025-11,EEDC MYTO NOVEMBER 2025,EEDC_NOV_2025_126.pdf,PDF,https://nerc.gov.ng/resources/?doc_publication=myto,https://nerc.gov.ng/wp-content/uploads/2025/12/EEDC_NOV_2025_126.pdf,DOWNLOADED,NO,YES,2025-11,"DisCo=EEDC; NERC website publication date=December 7, 2025"
NERC,NERC MYTO Supplementary Order - EKEDP,2025-11,2025-11,EKEDP MYTO NOVEMBER 2025,EKEDP_NOV_2025_125.pdf,PDF,https://nerc.gov.ng/resources/?doc_publication=myto,https://nerc.gov.ng/wp-content/uploads/2025/12/EKEDP_NOV_2025_125.pdf,DOWNLOADED,NO,YES,2025-11,"DisCo=EKEDP; NERC website publication date=December 7, 2025"
NERC,NERC MYTO Supplementary Order - IBEDC,2025-11,2025-11,IBEDC MYTO NOVEMBER 2025,IBEDC_NOV_2025_127.pdf,PDF,https://nerc.gov.ng/resources/?doc_publication=myto,https://nerc.gov.ng/wp-content/uploads/2025/12/IBEDC_NOV_2025_127.pdf,DOWNLOADED,NO,YES,2025-11,"DisCo=IBEDC; NERC website publication date=December 7, 2025"
NERC,NERC MYTO Supplementary Order - IE,2025-11,2025-11,IE MYTO NOVEMBER 2025,IE_NOV_2025_128.pdf,PDF,https://nerc.gov.ng/resources/?doc_publication=myto,https://nerc.gov.ng/wp-content/uploads/2025/12/IE_NOV_2025_128.pdf,DOWNLOADED,NO,YES,2025-11,"DisCo=IE; NERC website publication date=December 7, 2025"
NERC,NERC MYTO Supplementary Order - JED,2025-11,2025-11,JED MYTO NOVEMBER 2025,JED_NOV_2025_129.pdf,PDF,https://nerc.gov.ng/resources/?doc_publication=myto,https://nerc.gov.ng/wp-content/uploads/2025/12/JED_NOV_2025_129.pdf,DOWNLOADED,NO,YES,2025-11,"DisCo=JED; NERC website publication date=December 7, 2025"
NERC,NERC MYTO Supplementary Order - KAEDC,2025-11,2025-11,KAEDC MYTO NOVEMBER 2025,KAEDC_NOV_2025_130.pdf,PDF,https://nerc.gov.ng/resources/?doc_publication=myto,https://nerc.gov.ng/wp-content/uploads/2025/12/KAEDC_NOV_2025_130.pdf,DOWNLOADED,NO,YES,2025-11,"DisCo=KAEDC; NERC website publication date=December 7, 2025"
NERC,NERC MYTO Supplementary Order - KEDCO,2025-11,2025-11,KEDCO MYTO NOVEMBER 2025,KEDCO_NOV_2025_131.pdf,PDF,https://nerc.gov.ng/resources/?doc_publication=myto,https://nerc.gov.ng/wp-content/uploads/2025/12/KEDCO_NOV_2025_131.pdf,DOWNLOADED,NO,YES,2025-11,"DisCo=KEDCO; NERC website publication date=December 7, 2025"
NERC,NERC MYTO Supplementary Order - PHED,2025-11,2025-11,PHED MYTO NOVEMBER 2025,PHED_NOV_2025_132.pdf,PDF,https://nerc.gov.ng/resources/?doc_publication=myto,https://nerc.gov.ng/wp-content/uploads/2025/12/PHED_NOV_2025_132.pdf,DOWNLOADED,NO,YES,2025-11,"DisCo=PHED; NERC website publication date=December 7, 2025"
NERC,NERC MYTO Supplementary Order - YEDC,2025-11,2025-11,YEDC MYTO NOVEMBER 2025,YEDC_NOV_2025_133.pdf,PDF,https://nerc.gov.ng/resources/?doc_publication=myto,https://nerc.gov.ng/wp-content/uploads/2025/12/YEDC_NOV_2025_133.pdf,DOWNLOADED,NO,YES,2025-11,"DisCo=YEDC; NERC website publication date=December 7, 2025"
NERC,NERC MYTO Supplementary Order - AEDC,2025-12,2025-12,AEDC MYTO DECEMBER 2025,AEDC_MYTO_December_2025.pdf,PDF,https://nerc.gov.ng/resources/?doc_publication=myto,https://nerc.gov.ng/wp-content/uploads/2026/04/AEDC_MYTO_December_2025.pdf,DOWNLOADED,NO,YES,2025-12,"DisCo=AEDC; NERC website publication date=December 1, 2025"
NERC,NERC MYTO Supplementary Order - BEDC,2025-12,2025-12,BEDC MYTO DECEMBER 2025,BEDC_MYTO_December_2025.pdf,PDF,https://nerc.gov.ng/resources/?doc_publication=myto,https://nerc.gov.ng/wp-content/uploads/2026/04/BEDC_MYTO_December_2025.pdf,DOWNLOADED,NO,YES,2025-12,"DisCo=BEDC; NERC website publication date=December 1, 2025"
NERC,NERC MYTO Supplementary Order - EEDC,2025-12,2025-12,EEDC MYTO DECEMBER 2025,EEDC_MYTO_December_2025.pdf,PDF,https://nerc.gov.ng/resources/?doc_publication=myto,https://nerc.gov.ng/wp-content/uploads/2026/04/EEDC_MYTO_December_2025.pdf,DOWNLOADED,NO,YES,2025-12,"DisCo=EEDC; NERC website publication date=December 1, 2025"
NERC,NERC MYTO Supplementary Order - IBEDC,2025-12,2025-12,IBEDC MYTO DECEMBER 2025,IBEDC_MYTO_December_2025.pdf,PDF,https://nerc.gov.ng/resources/?doc_publication=myto,https://nerc.gov.ng/wp-content/uploads/2026/04/IBEDC_MYTO_December_2025.pdf,DOWNLOADED,NO,YES,2025-12,"DisCo=IBEDC; NERC website publication date=December 1, 2025"
NERC,NERC MYTO Supplementary Order - IE,2025-12,2025-12,IE MYTO DECEMBER 2025,IE_MYTO_December_2025.pdf,PDF,https://nerc.gov.ng/resources/?doc_publication=myto,https://nerc.gov.ng/wp-content/uploads/2026/04/IE_MYTO_December_2025.pdf,DOWNLOADED,NO,YES,2025-12,"DisCo=IE; NERC website publication date=December 1, 2025"
NERC,NERC MYTO Supplementary Order - KAEDC,2025-12,2025-12,KAEDC MYTO DECEMBER 2025,KAEDC_MYTO_December_2025.pdf,PDF,https://nerc.gov.ng/resources/?doc_publication=myto,https://nerc.gov.ng/wp-content/uploads/2026/04/KAEDC_MYTO_December_2025.pdf,DOWNLOADED,NO,YES,2025-12,"DisCo=KAEDC; NERC website publication date=December 1, 2025"
NERC,NERC MYTO Supplementary Order - KEDCO,2025-12,2025-12,KEDCO MYTO DECECEMBER 2025,KEDCO_MYTO_December_2025.pdf,PDF,https://nerc.gov.ng/resources/?doc_publication=myto,https://nerc.gov.ng/wp-content/uploads/2026/04/KEDCO_MYTO_December_2025.pdf,DOWNLOADED,NO,YES,2025-12,"DisCo=KEDCO; NERC website publication date=December 1, 2025"
NERC,NERC MYTO Supplementary Order - YEDC,2025-12,2025-12,YEDC MYTO DECEMBER 2025,YEDC_MYTO_December_2025.pdf,PDF,https://nerc.gov.ng/resources/?doc_publication=myto,https://nerc.gov.ng/wp-content/uploads/2026/04/YEDC_MYTO_December_2025.pdf,DOWNLOADED,NO,YES,2025-12,"DisCo=YEDC; NERC website publication date=December 1, 2025"
NERC,NERC MYTO Supplementary Order - AEDC,2026-01,2026-01,AEDC MYTO JANUARY 2026,AEDC_MYTO_JAN_2026.pdf,PDF,https://nerc.gov.ng/resources/?doc_publication=myto,https://nerc.gov.ng/wp-content/uploads/2026/04/AEDC_MYTO_JAN_2026.pdf,DOWNLOADED,NO,YES,2026-01,"DisCo=AEDC; NERC website publication date=January 1, 2026"
NERC,NERC MYTO Supplementary Order - BEDC,2026-01,2026-01,BEDC MYTO JANUARY 2026,BEDC_MYTO_JAN_2026.pdf,PDF,https://nerc.gov.ng/resources/?doc_publication=myto,https://nerc.gov.ng/wp-content/uploads/2026/04/BEDC_MYTO_JAN_2026.pdf,DOWNLOADED,NO,YES,2026-01,"DisCo=BEDC; NERC website publication date=January 1, 2026"
NERC,NERC MYTO Supplementary Order - EEDC,2026-01,2026-01,EEDC MYTO JANUARY 2026,EEDC_MYTO_JAN_2026.pdf,PDF,https://nerc.gov.ng/resources/?doc_publication=myto,https://nerc.gov.ng/wp-content/uploads/2026/04/EEDC_MYTO_JAN_2026.pdf,DOWNLOADED,NO,YES,2026-01,"DisCo=EEDC; NERC website publication date=January 1, 2026"
NERC,NERC MYTO Supplementary Order - EKEDP,2026-01,2026-01,EKEDP MYTO JANUARY 2026,EKEDP_MYTO_JAN_2026.pdf,PDF,https://nerc.gov.ng/resources/?doc_publication=myto,https://nerc.gov.ng/wp-content/uploads/2026/04/EKEDP_MYTO_JAN_2026.pdf,DOWNLOADED,NO,YES,2026-01,"DisCo=EKEDP; NERC website publication date=January 1, 2026"
NERC,NERC MYTO Supplementary Order - IBEDC,2026-01,2026-01,IBEDC MYTO JANUARY 2026,IBEDC_MYTO_JAN_2026.pdf,PDF,https://nerc.gov.ng/resources/?doc_publication=myto,https://nerc.gov.ng/wp-content/uploads/2026/04/IBEDC_MYTO_JAN_2026.pdf,DOWNLOADED,NO,YES,2026-01,"DisCo=IBEDC; NERC website publication date=January 1, 2026"
NERC,NERC MYTO Supplementary Order - IE,2026-01,2026-01,IE MYTO JANUARY 2026,IE_MYTO_JAN_2026.pdf,PDF,https://nerc.gov.ng/resources/?doc_publication=myto,https://nerc.gov.ng/wp-content/uploads/2026/04/IE_MYTO_JAN_2026.pdf,DOWNLOADED,NO,YES,2026-01,"DisCo=IE; NERC website publication date=January 1, 2026"
NERC,NERC MYTO Supplementary Order - JED,2026-01,2026-01,JED MYTO JANUARY 2026,JED_MYTO_JAN_2026.pdf,PDF,https://nerc.gov.ng/resources/?doc_publication=myto,https://nerc.gov.ng/wp-content/uploads/2026/04/JED_MYTO_JAN_2026.pdf,DOWNLOADED,NO,YES,2026-01,"DisCo=JED; NERC website publication date=January 1, 2026"
NERC,NERC MYTO Supplementary Order - KAEDC,2026-01,2026-01,KAEDC MYTO JANUARY 2026,KAEDC_MYTO_JAN_2026.pdf,PDF,https://nerc.gov.ng/resources/?doc_publication=myto,https://nerc.gov.ng/wp-content/uploads/2026/04/KAEDC_MYTO_JAN_2026.pdf,DOWNLOADED,NO,YES,2026-01,"DisCo=KAEDC; NERC website publication date=January 1, 2026"
NERC,NERC MYTO Supplementary Order - KEDCO,2026-01,2026-01,KEDCO MYTO JANUARY 2026,KEDCO_MYTO_JAN_2026.pdf,PDF,https://nerc.gov.ng/resources/?doc_publication=myto,https://nerc.gov.ng/wp-content/uploads/2026/04/KEDCO_MYTO_JAN_2026.pdf,DOWNLOADED,NO,YES,2026-01,"DisCo=KEDCO; NERC website publication date=January 1, 2026"
NERC,NERC MYTO Supplementary Order - PHED,2026-01,2026-01,PHED MYTO JANUARY 2026,PHED_MYTO_JAN_2026.pdf,PDF,https://nerc.gov.ng/resources/?doc_publication=myto,https://nerc.gov.ng/wp-content/uploads/2026/04/PHED_MYTO_JAN_2026.pdf,DOWNLOADED,NO,YES,2026-01,"DisCo=PHED; NERC website publication date=January 1, 2026"
NERC,NERC MYTO Supplementary Order - YEDC,2026-01,2026-01,YEDC MYTO JANUARY 2026,YEDC_MYTO_JAN_2026.pdf,PDF,https://nerc.gov.ng/resources/?doc_publication=myto,https://nerc.gov.ng/wp-content/uploads/2026/04/YEDC_MYTO_JAN_2026.pdf,DOWNLOADED,NO,YES,2026-01,"DisCo=YEDC; NERC website publication date=January 1, 2026"
NERC,NERC MYTO Supplementary Order - AEDC,2026-02,2026-02,AEDC MYTO FEBRUARY 2026,AEDC_MYTO_FEB_2026.pdf,PDF,https://nerc.gov.ng/resources/?doc_publication=myto,https://nerc.gov.ng/wp-content/uploads/2026/04/AEDC_MYTO_FEB_2026.pdf,DOWNLOADED,NO,YES,2026-02,"DisCo=AEDC; NERC website publication date=February 1, 2026"
NERC,NERC MYTO Supplementary Order - BEDC,2026-02,2026-02,BEDC MYTO FEBRUARY 2026,BEDC_MYTO_FEB_2026.pdf,PDF,https://nerc.gov.ng/resources/?doc_publication=myto,https://nerc.gov.ng/wp-content/uploads/2026/04/BEDC_MYTO_FEB_2026.pdf,DOWNLOADED,NO,YES,2026-02,"DisCo=BEDC; NERC website publication date=February 1, 2026"
NERC,NERC MYTO Supplementary Order - EEDC,2026-02,2026-02,EEDC MYTO FEBRUARY 2026,EEDC_MYTO_FEB_2026.pdf,PDF,https://nerc.gov.ng/resources/?doc_publication=myto,https://nerc.gov.ng/wp-content/uploads/2026/04/EEDC_MYTO_FEB_2026.pdf,DOWNLOADED,NO,YES,2026-02,"DisCo=EEDC; NERC website publication date=February 1, 2026"
NERC,NERC MYTO Supplementary Order - EKEDP,2026-02,2026-02,EKEDP MYTO FEBRUARY 2026,EKEDP_MYTO_FEB_2026.pdf,PDF,https://nerc.gov.ng/resources/?doc_publication=myto,https://nerc.gov.ng/wp-content/uploads/2026/04/EKEDP_MYTO_FEB_2026.pdf,DOWNLOADED,NO,YES,2026-02,"DisCo=EKEDP; NERC website publication date=February 1, 2026"
NERC,NERC MYTO Supplementary Order - IBEDC,2026-02,2026-02,IBEDC MYTO FEBRUARY 2026,IBEDC_MYTO_FEB_2026.pdf,PDF,https://nerc.gov.ng/resources/?doc_publication=myto,https://nerc.gov.ng/wp-content/uploads/2026/04/IBEDC_MYTO_FEB_2026.pdf,DOWNLOADED,NO,YES,2026-02,"DisCo=IBEDC; NERC website publication date=February 1, 2026"
NERC,NERC MYTO Supplementary Order - IE,2026-02,2026-02,IE MYTO FEBRUARY 2026,IE_MYTO_FEB_2026.pdf,PDF,https://nerc.gov.ng/resources/?doc_publication=myto,https://nerc.gov.ng/wp-content/uploads/2026/04/IE_MYTO_FEB_2026.pdf,DOWNLOADED,NO,YES,2026-02,"DisCo=IE; NERC website publication date=February 1, 2026"
NERC,NERC MYTO Supplementary Order - JED,2026-02,2026-02,JED MYTO FEBRUARY 2026,JED_MYTO_FEB_2026.pdf,PDF,https://nerc.gov.ng/resources/?doc_publication=myto,https://nerc.gov.ng/wp-content/uploads/2026/04/JED_MYTO_FEB_2026.pdf,DOWNLOADED,NO,YES,2026-02,"DisCo=JED; NERC website publication date=February 1, 2026"
NERC,NERC MYTO Supplementary Order - KAEDC,2026-02,2026-02,KAEDC MYTO FEBRUARY 2026,KAEDC_MYTO_FEB_2026.pdf,PDF,https://nerc.gov.ng/resources/?doc_publication=myto,https://nerc.gov.ng/wp-content/uploads/2026/04/KAEDC_MYTO_FEB_2026.pdf,DOWNLOADED,NO,YES,2026-02,"DisCo=KAEDC; NERC website publication date=February 1, 2026"
NERC,NERC MYTO Supplementary Order - KEDCO,2026-02,2026-02,KEDCO MYTO FEBRUARY 2026,KEDCO_MYTO_FEB_2026.pdf,PDF,https://nerc.gov.ng/resources/?doc_publication=myto,https://nerc.gov.ng/wp-content/uploads/2026/04/KEDCO_MYTO_FEB_2026.pdf,DOWNLOADED,NO,YES,2026-02,"DisCo=KEDCO; NERC website publication date=February 1, 2026"
NERC,NERC MYTO Supplementary Order - PHED,2026-02,2026-02,PHED MYTO FEBRUARY 2026,PHED_MYTO_FEB_2026.pdf,PDF,https://nerc.gov.ng/resources/?doc_publication=myto,https://nerc.gov.ng/wp-content/uploads/2026/04/PHED_MYTO_FEB_2026.pdf,DOWNLOADED,NO,YES,2026-02,"DisCo=PHED; NERC website publication date=February 1, 2026"
NERC,NERC MYTO Supplementary Order - YEDC,2026-02,2026-02,YEDC MYTO FEBRURAY 2026,YEDC_MYTO_FEB_2026.pdf,PDF,https://nerc.gov.ng/resources/?doc_publication=myto,https://nerc.gov.ng/wp-content/uploads/2026/04/YEDC_MYTO_FEB_2026.pdf,DOWNLOADED,NO,YES,2026-02,"DisCo=YEDC; NERC website publication date=February 1, 2026"
NERC,NERC MYTO Supplementary Order - AEDC,2026-03,2026-03,AEDC MYTO MARCH 2026,AEDC_MYTO_MAR_2026.pdf,PDF,https://nerc.gov.ng/resources/?doc_publication=myto,https://nerc.gov.ng/wp-content/uploads/2026/04/AEDC_MYTO_MAR_2026.pdf,DOWNLOADED,NO,YES,2026-03,"DisCo=AEDC; NERC website publication date=March 1, 2026"
NERC,NERC MYTO Supplementary Order - BEDC,2026-03,2026-03,BEDC MYTO MARCH 2026,BEDC_MYTO_MAR_2026.pdf,PDF,https://nerc.gov.ng/resources/?doc_publication=myto,https://nerc.gov.ng/wp-content/uploads/2026/04/BEDC_MYTO_MAR_2026.pdf,DOWNLOADED,NO,YES,2026-03,"DisCo=BEDC; NERC website publication date=March 1, 2026"
NERC,NERC MYTO Supplementary Order - EEDC,2026-03,2026-03,EEDC MYTO MARCH 2026,EEDC_MYTO_MAR_2026.pdf,PDF,https://nerc.gov.ng/resources/?doc_publication=myto,https://nerc.gov.ng/wp-content/uploads/2026/04/EEDC_MYTO_MAR_2026.pdf,DOWNLOADED,NO,YES,2026-03,"DisCo=EEDC; NERC website publication date=March 1, 2026"
NERC,NERC MYTO Supplementary Order - EKEDP,2026-03,2026-03,EKEDP MYTO MARCH 2026,EKEDP_MYTO_MAR_2026.pdf,PDF,https://nerc.gov.ng/resources/?doc_publication=myto,https://nerc.gov.ng/wp-content/uploads/2026/04/EKEDP_MYTO_MAR_2026.pdf,DOWNLOADED,NO,YES,2026-03,"DisCo=EKEDP; NERC website publication date=March 1, 2026"
NERC,NERC MYTO Supplementary Order - IBEDC,2026-03,2026-03,IBEDC MYTO MARCH 2026,IBEDC_MYTO_MAR_2026.pdf,PDF,https://nerc.gov.ng/resources/?doc_publication=myto,https://nerc.gov.ng/wp-content/uploads/2026/04/IBEDC_MYTO_MAR_2026.pdf,DOWNLOADED,NO,YES,2026-03,"DisCo=IBEDC; NERC website publication date=March 1, 2026"
NERC,NERC MYTO Supplementary Order - IE,2026-03,2026-03,IE MYTO MARCH 2026,IE_MYTO_MAR_2026.pdf,PDF,https://nerc.gov.ng/resources/?doc_publication=myto,https://nerc.gov.ng/wp-content/uploads/2026/04/IE_MYTO_MAR_2026.pdf,DOWNLOADED,NO,YES,2026-03,"DisCo=IE; NERC website publication date=March 1, 2026"
NERC,NERC MYTO Supplementary Order - JED,2026-03,2026-03,JED MYTO MARCH 2026,JED_MYTO_MAR_2026.pdf,PDF,https://nerc.gov.ng/resources/?doc_publication=myto,https://nerc.gov.ng/wp-content/uploads/2026/04/JED_MYTO_MAR_2026.pdf,DOWNLOADED,NO,YES,2026-03,"DisCo=JED; NERC website publication date=March 1, 2026"
NERC,NERC MYTO Supplementary Order - KAEDC,2026-03,2026-03,KAEDC MYTO MARCH 2026,KAEDC_MYTO_MAR_2026.pdf,PDF,https://nerc.gov.ng/resources/?doc_publication=myto,https://nerc.gov.ng/wp-content/uploads/2026/04/KAEDC_MYTO_MAR_2026.pdf,DOWNLOADED,NO,YES,2026-03,"DisCo=KAEDC; NERC website publication date=March 1, 2026"
NERC,NERC MYTO Supplementary Order - KEDCO,2026-03,2026-03,KEDCO MYTO MARCH 2026,KEDCO_MYTO_MAR_2026.pdf,PDF,https://nerc.gov.ng/resources/?doc_publication=myto,https://nerc.gov.ng/wp-content/uploads/2026/04/KEDCO_MYTO_MAR_2026.pdf,DOWNLOADED,NO,YES,2026-03,"DisCo=KEDCO; NERC website publication date=March 1, 2026"
NERC,NERC MYTO Supplementary Order - PHED,2026-03,2026-03,PHED MYTO MARCH 2026,PHED_MYTO_MAR_2026.pdf,PDF,https://nerc.gov.ng/resources/?doc_publication=myto,https://nerc.gov.ng/wp-content/uploads/2026/04/PHED_MYTO_MAR_2026.pdf,DOWNLOADED,NO,YES,2026-03,"DisCo=PHED; NERC website publication date=March 1, 2026"
NERC,NERC MYTO Supplementary Order - YEDC,2026-03,2026-03,YEDC MYTO MARCH 2026,YEDC_MYTO_MAR_2026.pdf,PDF,https://nerc.gov.ng/resources/?doc_publication=myto,https://nerc.gov.ng/wp-content/uploads/2026/04/YEDC_MYTO_MAR_2026.pdf,DOWNLOADED,NO,YES,2026-03,"DisCo=YEDC; NERC website publication date=March 1, 2026"
NERC,NERC MYTO Supplementary Order - AEDC,2026-04,2026-04,AEDC MYTO APRIL 2026,AEDC_MYTO_APR_2026.pdf,PDF,https://nerc.gov.ng/resources/?doc_publication=myto,https://nerc.gov.ng/wp-content/uploads/2026/04/AEDC_MYTO_APR_2026.pdf,DOWNLOADED,NO,YES,2026-04,"DisCo=AEDC; NERC website publication date=April 1, 2026"
NERC,NERC MYTO Supplementary Order - BEDC,2026-04,2026-04,BEDC MYTO APRIL 2026,BEDC_MYTO_APR_2026.pdf,PDF,https://nerc.gov.ng/resources/?doc_publication=myto,https://nerc.gov.ng/wp-content/uploads/2026/04/BEDC_MYTO_APR_2026.pdf,DOWNLOADED,NO,YES,2026-04,"DisCo=BEDC; NERC website publication date=April 1, 2026"
NERC,NERC MYTO Supplementary Order - EEDC,2026-04,2026-04,EEDC MYTO APRIL 2026,EEDC_MYTO_APR_2026.pdf,PDF,https://nerc.gov.ng/resources/?doc_publication=myto,https://nerc.gov.ng/wp-content/uploads/2026/04/EEDC_MYTO_APR_2026.pdf,DOWNLOADED,NO,YES,2026-04,"DisCo=EEDC; NERC website publication date=April 1, 2026"
NERC,NERC MYTO Supplementary Order - EKEDP,2026-04,2026-04,EKEDP MYTO APRIL 2026,EKEDP_MYTO_APR_2026.pdf,PDF,https://nerc.gov.ng/resources/?doc_publication=myto,https://nerc.gov.ng/wp-content/uploads/2026/04/EKEDP_MYTO_APR_2026.pdf,DOWNLOADED,NO,YES,2026-04,"DisCo=EKEDP; NERC website publication date=April 1, 2026"
NERC,NERC MYTO Supplementary Order - IBEDC,2026-04,2026-04,IBEDC MYTO APRIL 2026,IBEDC_MYTO_APR_2026.pdf,PDF,https://nerc.gov.ng/resources/?doc_publication=myto,https://nerc.gov.ng/wp-content/uploads/2026/04/IBEDC_MYTO_APR_2026.pdf,DOWNLOADED,NO,YES,2026-04,"DisCo=IBEDC; NERC website publication date=April 1, 2026"
NERC,NERC MYTO Supplementary Order - IE,2026-04,2026-04,IE MYTO APRIL 2026,IE_MYTO_APR_2026.pdf,PDF,https://nerc.gov.ng/resources/?doc_publication=myto,https://nerc.gov.ng/wp-content/uploads/2026/04/IE_MYTO_APR_2026.pdf,DOWNLOADED,NO,YES,2026-04,"DisCo=IE; NERC website publication date=April 1, 2026"
NERC,NERC MYTO Supplementary Order - JED,2026-04,2026-04,JED MYTO APRIL 2026,JED_MYTO_APR_2026.pdf,PDF,https://nerc.gov.ng/resources/?doc_publication=myto,https://nerc.gov.ng/wp-content/uploads/2026/04/JED_MYTO_APR_2026.pdf,DOWNLOADED,NO,YES,2026-04,"DisCo=JED; NERC website publication date=April 1, 2026"
NERC,NERC MYTO Supplementary Order - KAEDC,2026-04,2026-04,KAEDC MYTO APRIL 2026,KAEDC_MYTO_APR_2026.pdf,PDF,https://nerc.gov.ng/resources/?doc_publication=myto,https://nerc.gov.ng/wp-content/uploads/2026/04/KAEDC_MYTO_APR_2026.pdf,DOWNLOADED,NO,YES,2026-04,"DisCo=KAEDC; NERC website publication date=April 1, 2026"
NERC,NERC MYTO Supplementary Order - KEDCO,2026-04,2026-04,KEDCO MYTO APRIL 2026,KEDCO_MYTO_APR_2026.pdf,PDF,https://nerc.gov.ng/resources/?doc_publication=myto,https://nerc.gov.ng/wp-content/uploads/2026/04/KEDCO_MYTO_APR_2026.pdf,DOWNLOADED,NO,YES,2026-04,"DisCo=KEDCO; NERC website publication date=April 1, 2026"
NERC,NERC MYTO Supplementary Order - PHED,2026-04,2026-04,PHED MYTO APRIL 2026,PHED_MYTO_APR_2026.pdf,PDF,https://nerc.gov.ng/resources/?doc_publication=myto,https://nerc.gov.ng/wp-content/uploads/2026/04/PHED_MYTO_APR_2026.pdf,DOWNLOADED,NO,YES,2026-04,"DisCo=PHED; NERC website publication date=April 1, 2026"
NERC,NERC MYTO Supplementary Order - YEDC,2026-04,2026-04,YEDC MYTO APRIL 2026,YEDC_MYTO_APR_2026.pdf,PDF,https://nerc.gov.ng/resources/?doc_publication=myto,https://nerc.gov.ng/wp-content/uploads/2026/04/YEDC_MYTO_APR_2026.pdf,DOWNLOADED,NO,YES,2026-04,"DisCo=YEDC; NERC website publication date=April 1, 2026"
NERC,NERC MYTO Supplementary Order - AEDC,2026-05,2026-05,AEDC MYTO MAY 2026,AEDC_MYTO_MAY_2026.pdf,PDF,https://nerc.gov.ng/resources/?doc_publication=myto,https://nerc.gov.ng/wp-content/uploads/2026/05/AEDC_MYTO_MAY_2026.pdf,DOWNLOADED,NO,YES,2026-05,"DisCo=AEDC; NERC website publication date=May 13, 2026"
NERC,NERC MYTO Supplementary Order - BEDC,2026-05,2026-05,BEDC MYTO MAY 2026,BEDC_MYTO_MAY_2026.pdf,PDF,https://nerc.gov.ng/resources/?doc_publication=myto,https://nerc.gov.ng/wp-content/uploads/2026/05/BEDC_MYTO_MAY_2026.pdf,DOWNLOADED,NO,YES,2026-05,"DisCo=BEDC; NERC website publication date=May 13, 2026"
NERC,NERC MYTO Supplementary Order - EEDC,2026-05,2026-05,EEDC MYTO MAY 2026,EEDC_MYTO_MAY_2026.pdf,PDF,https://nerc.gov.ng/resources/?doc_publication=myto,https://nerc.gov.ng/wp-content/uploads/2026/05/EEDC_MYTO_MAY_2026.pdf,DOWNLOADED,NO,YES,2026-05,"DisCo=EEDC; NERC website publication date=May 13, 2026"
NERC,NERC MYTO Supplementary Order - EKEDP,2026-05,2026-05,EKEDP MYTO MAY 2026,EKEDP_MYTO_MAY_2026.pdf,PDF,https://nerc.gov.ng/resources/?doc_publication=myto,https://nerc.gov.ng/wp-content/uploads/2026/05/EKEDP_MYTO_MAY_2026.pdf,DOWNLOADED,NO,YES,2026-05,"DisCo=EKEDP; NERC website publication date=May 13, 2026"
NERC,NERC MYTO Supplementary Order - IBEDC,2026-05,2026-05,IBEDC MYTO MAY 2026,IBEDC_MYTO_MAY_2026.pdf,PDF,https://nerc.gov.ng/resources/?doc_publication=myto,https://nerc.gov.ng/wp-content/uploads/2026/05/IBEDC_MYTO_MAY_2026.pdf,DOWNLOADED,NO,YES,2026-05,"DisCo=IBEDC; NERC website publication date=May 13, 2026"
NERC,NERC MYTO Supplementary Order - IE,2026-05,2026-05,IE MYTO MAY 2026,IE_MYTO_MAY_2026.pdf,PDF,https://nerc.gov.ng/resources/?doc_publication=myto,https://nerc.gov.ng/wp-content/uploads/2026/05/IE_MYTO_MAY_2026.pdf,DOWNLOADED,NO,YES,2026-05,"DisCo=IE; NERC website publication date=May 13, 2026"
NERC,NERC MYTO Supplementary Order - JED,2026-05,2026-05,JED MYTO MAY 2026,JED_MYTO_MAY_2026.pdf,PDF,https://nerc.gov.ng/resources/?doc_publication=myto,https://nerc.gov.ng/wp-content/uploads/2026/05/JED_MYTO_MAY_2026.pdf,DOWNLOADED,NO,YES,2026-05,"DisCo=JED; NERC website publication date=May 13, 2026"
NERC,NERC MYTO Supplementary Order - KAEDC,2026-05,2026-05,KAEDC MYTO MAY 2026,KAEDC_MYTO_MAY_2026.pdf,PDF,https://nerc.gov.ng/resources/?doc_publication=myto,https://nerc.gov.ng/wp-content/uploads/2026/05/KAEDC_MYTO_MAY_2026.pdf,DOWNLOADED,NO,YES,2026-05,"DisCo=KAEDC; NERC website publication date=May 13, 2026"
NERC,NERC MYTO Supplementary Order - KEDCO,2026-05,2026-05,KEDCO MYTO MAY 2026,KEDCO_MYTO_MAY_2026.pdf,PDF,https://nerc.gov.ng/resources/?doc_publication=myto,https://nerc.gov.ng/wp-content/uploads/2026/05/KEDCO_MYTO_MAY_2026.pdf,DOWNLOADED,NO,YES,2026-05,"DisCo=KEDCO; NERC website publication date=May 13, 2026"
NERC,NERC MYTO Supplementary Order - PHED,2026-05,2026-05,PHED MYTO MAY 2026,PHED_MYTO_MAY_2026.pdf,PDF,https://nerc.gov.ng/resources/?doc_publication=myto,https://nerc.gov.ng/wp-content/uploads/2026/05/PHED_MYTO_MAY_2026.pdf,DOWNLOADED,NO,YES,2026-05,"DisCo=PHED; NERC website publication date=May 13, 2026"
NERC,NERC MYTO Supplementary Order - YEDC,2026-05,2026-05,YEDC MYTO MAY 2026,YEDC_MYTO_MAY_2026.pdf,PDF,https://nerc.gov.ng/resources/?doc_publication=myto,https://nerc.gov.ng/wp-content/uploads/2026/05/YEDC_MYTO_MAY_2026.pdf,DOWNLOADED,NO,YES,2026-05,"DisCo=YEDC; NERC website publication date=May 13, 2026"
CBN,CBN NFEM Daily Exchange Rate (NGN/US$),2024-12,2026-09,Nigerian Foreign Exchange Market (NFEM) Rates,PROVENANCE_READ_ME.txt,TXT,https://www.cbn.gov.ng/rates/ExchRateByCurrency.html,,GENERATED_BY_EXTRACTION,NO,NO,NOT_APPLICABLE,Provenance documentation written by this acquisition step
CBN,CBN NFEM Daily Exchange Rate (NGN/US$),2024-12,2026-09,Nigerian Foreign Exchange Market (NFEM) Rates,cbn_ExchRateByCurrency_page_snapshot_20260913T120305Z.html,HTML,https://www.cbn.gov.ng/rates/ExchRateByCurrency.html,https://www.cbn.gov.ng/rates/ExchRateByCurrency.html,DOWNLOADED,NO,NO,NOT_APPLICABLE,Raw HTML snapshot of the official CBN exchange-rate page
CBN,CBN NFEM Daily Exchange Rate (NGN/US$),2024-12,2026-09,Nigerian Foreign Exchange Market (NFEM) Rates,cbn_api_GetAllNFEM_Rates_snapshot_20260913T120305Z.json,JSON,https://www.cbn.gov.ng/rates/ExchRateByCurrency.html,https://www.cbn.gov.ng/api/GetAllNFEM_Rates,DOWNLOADED,NO,NO,NOT_APPLICABLE,Unmodified raw JSON from official CBN endpoint - PRIMARY SOURCE OF RECORD; full series 2024-12-02 to 2026-09-11
CBN,CBN NFEM Daily Exchange Rate (NGN/US$),2025-01,2026-05,Nigerian Foreign Exchange Market (NFEM) Rates,cbn_nfem_rates_2025-01-01_to_2026-05-31_EXTRACTED-FROM-CBN-WEBPAGE.csv,CSV,https://www.cbn.gov.ng/rates/ExchRateByCurrency.html,https://www.cbn.gov.ng/api/GetAllNFEM_Rates,GENERATED_BY_EXTRACTION,NO,NO,2025-01;2025-02;2025-03;2025-04;2025-05;2025-06;2025-07;2025-08;2025-09;2025-10;2025-11;2025-12;2026-01;2026-02;2026-03;2026-04;2026-05,"DIRECT EXTRACTION FROM OFFICIAL CBN WEBPAGE - NOT AN ORIGINAL CBN DOWNLOADABLE FILE. Values verbatim; no rounding, interpolation, date-filling or aggregation"
CBN,CBN NFEM Daily Exchange Rate (NGN/US$),2024-12,2026-09,Nigerian Foreign Exchange Market (NFEM) Rates,cbn_rates_script1_20260913T120305Z.js,JS,https://www.cbn.gov.ng/rates/ExchRateByCurrency.html,https://www.cbn.gov.ng/rates/script1.js,DOWNLOADED,NO,NO,NOT_APPLICABLE,Page script retained as evidence of JSON-field to column mapping
