source_organisation,dataset,release_or_sample,period,container_type,spreadsheet_present,pdf_present,sheet_name,rows_estimate,columns_estimate,header_row_estimate,geography_field,date_or_period_field,measure_fields,layout_type,structural_notes
NBS,NBS Selected Food Price Watch,SELECTED_FOOD_PRICES_AUG_SEPT_2025.zip :: selected food table september-25.xlsx,2025-09,ZIP,YES,YES,Selected Food Sept 2025,43,9,1,Highest,,MoM | YoY,WIDE,3 date-like column headers (period values stored as columns)
NBS,NBS Selected Food Price Watch,SELECTED_FOOD_PRICES_AUG_SEPT_2025.zip :: selected food table september-25.xlsx,2025-09,ZIP,YES,YES,Zone All item,43,7,1,,,,UNKNOWN,
NBS,NBS Selected Food Price Watch,SELECTED_FOOD_PRICES_AUG_SEPT_2025.zip :: selected food table August-25.xlsx,2025-08,ZIP,YES,YES,Selected Food August 2025,43,12,1,Highest,,MoM | YoY,WIDE,3 date-like column headers (period values stored as columns)
NBS,NBS Selected Food Price Watch,SELECTED_FOOD_PRICES_AUG_SEPT_2025.zip :: selected food table August-25.xlsx,2025-08,ZIP,YES,YES,Zone All item,43,7,1,,,,UNKNOWN,
NBS,NBS Selected Food Price Watch,Selected_Food Report_Oct25.zip :: selected food table October25.xlsx,2025-10,ZIP,YES,YES,Selected Food October 2025,43,11,1,Highest,,MoM | YoY,WIDE,3 date-like column headers (period values stored as columns)
NBS,NBS Selected Food Price Watch,Selected_Food Report_Oct25.zip :: selected food table October25.xlsx,2025-10,ZIP,YES,YES,Zone All item,43,7,1,,,,UNKNOWN,
NBS,NBS Selected Food Price Watch,Selected_Food_Report_Apr25.pdf,2025-04,PDF,NO,YES,,,,,,,,UNKNOWN,Report PDF only - no spreadsheet in this release. 
NBS,NBS Selected Food Price Watch,Selected_Food_Report_April_2026.zip :: selected food table Apr26.xlsx,2026-04,ZIP,YES,YES,Selected Food April 2026,43,11,1,Highest,,MoM | YoY,WIDE,3 date-like column headers (period values stored as columns)
NBS,NBS Selected Food Price Watch,Selected_Food_Report_April_2026.zip :: selected food table Apr26.xlsx,2026-04,ZIP,YES,YES,Zone All item,43,7,1,,,,UNKNOWN,
NBS,NBS Selected Food Price Watch,Selected_Food_Report_Dec_25.zip :: selected food table Dec25.xlsx,2025-12,ZIP,YES,YES,Selected Food December 2025,43,11,1,Highest,,MoM | YoY,WIDE,3 date-like column headers (period values stored as columns)
NBS,NBS Selected Food Price Watch,Selected_Food_Report_Dec_25.zip :: selected food table Dec25.xlsx,2025-12,ZIP,YES,YES,Zone All item,43,7,1,,,,UNKNOWN,
NBS,NBS Selected Food Price Watch,Selected_Food_Report_Feb_2026.zip :: selected food table Feb 26.xlsx,2026-02,ZIP,YES,YES,Selected Food February 2026,43,11,1,Highest,,MoM | YoY,WIDE,3 date-like column headers (period values stored as columns)
NBS,NBS Selected Food Price Watch,Selected_Food_Report_Feb_2026.zip :: selected food table Feb 26.xlsx,2026-02,ZIP,YES,YES,Zone All item,43,7,1,,,,UNKNOWN,
NBS,NBS Selected Food Price Watch,Selected_Food_Report_Jan25.pdf,2025-01,PDF,NO,YES,,,,,,,,UNKNOWN,Report PDF only - no spreadsheet in this release. 
NBS,NBS Selected Food Price Watch,Selected_Food_Report_Jan26.zip :: selected food table Jan26.xlsx,2026-01,ZIP,YES,YES,Selected Food January 2026,43,11,1,Highest,,MoM | YoY,WIDE,3 date-like column headers (period values stored as columns)
NBS,NBS Selected Food Price Watch,Selected_Food_Report_Jan26.zip :: selected food table Jan26.xlsx,2026-01,ZIP,YES,YES,Zone All item,43,7,1,,,,UNKNOWN,
NBS,NBS Selected Food Price Watch,Selected_Food_Report_July_2025.zip :: selected_food_table_July-25.xlsx,2025-07,ZIP,YES,YES,Selected Food July 2025,43,12,1,Highest,,MoM | YoY,WIDE,3 date-like column headers (period values stored as columns)
NBS,NBS Selected Food Price Watch,Selected_Food_Report_July_2025.zip :: selected_food_table_July-25.xlsx,2025-07,ZIP,YES,YES,Zone All item,43,7,1,,,,UNKNOWN,
NBS,NBS Selected Food Price Watch,Selected_Food_Report_June_2025.zip :: selected_food_table_June-25.xlsx,2025-06,ZIP,YES,YES,Selected Food June 2025,43,12,1,Highest,,MoM | YoY,WIDE,3 date-like column headers (period values stored as columns)
NBS,NBS Selected Food Price Watch,Selected_Food_Report_June_2025.zip :: selected_food_table_June-25.xlsx,2025-06,ZIP,YES,YES,Zone All item,43,7,1,,,,UNKNOWN,
NBS,NBS Selected Food Price Watch,Selected_Food_Report_Mar_2026.zip :: selected food table Mar26.xlsx,2026-03,ZIP,YES,YES,Selected Food March 2026,43,11,1,Highest,,MoM | YoY,WIDE,3 date-like column headers (period values stored as columns)
NBS,NBS Selected Food Price Watch,Selected_Food_Report_Mar_2026.zip :: selected food table Mar26.xlsx,2026-03,ZIP,YES,YES,Zone All item,43,7,1,,,,UNKNOWN,
NBS,NBS Selected Food Price Watch,Selected_Food_Report_May 26.zip :: selected food table May 26.xlsx,2026-05,ZIP,YES,YES,Selected Food May 2026,43,11,1,Highest,,MoM | YoY,WIDE,3 date-like column headers (period values stored as columns)
NBS,NBS Selected Food Price Watch,Selected_Food_Report_May 26.zip :: selected food table May 26.xlsx,2026-05,ZIP,YES,YES,Zone All item,43,7,1,,,,UNKNOWN,
NBS,NBS Selected Food Price Watch,Selected_Food_Report_May_2025.zip :: selected_food_table_May-25.xlsx,2025-05,ZIP,YES,YES,Selected Food May 2025,43,12,1,Highest,,MoM | YoY,WIDE,3 date-like column headers (period values stored as columns)
NBS,NBS Selected Food Price Watch,Selected_Food_Report_May_2025.zip :: selected_food_table_May-25.xlsx,2025-05,ZIP,YES,YES,Zone All item,43,7,1,,,,UNKNOWN,
NBS,NBS Selected Food Price Watch,Selected_Food_Report_Nov_25.zip :: selected food table Nov25.xlsx,2025-11,ZIP,YES,YES,Selected Food November 2025,43,11,1,Highest,,MoM | YoY,WIDE,3 date-like column headers (period values stored as columns)
NBS,NBS Selected Food Price Watch,Selected_Food_Report_Nov_25.zip :: selected food table Nov25.xlsx,2025-11,ZIP,YES,YES,Zone All item,43,7,1,,,,UNKNOWN,
NBS,NBS Selected Food Price Watch,Selected_food_table_Jan25.xlsx :: Selected_food_table_Jan25.xlsx,2025-01,XLSX,YES,NO,Selected Food Jan 2025,43,11,1,Highest,,MoM | YoY,WIDE,3 date-like column headers (period values stored as columns)
NBS,NBS Selected Food Price Watch,Selected_food_table_Jan25.xlsx :: Selected_food_table_Jan25.xlsx,2025-01,XLSX,YES,NO,Zone All item,43,7,1,,,,UNKNOWN,
NBS,NBS Selected Food Price Watch,selected_food_table_Apr25.xlsx :: selected_food_table_Apr25.xlsx,2025-04,XLSX,YES,NO,Selected Food Dec 2024,43,12,1,Highest,,MoM | YoY,WIDE,3 date-like column headers (period values stored as columns)
NBS,NBS Selected Food Price Watch,selected_food_table_Apr25.xlsx :: selected_food_table_Apr25.xlsx,2025-04,XLSX,YES,NO,Zone All item,43,7,1,,,,UNKNOWN,
NBS,NBS Selected Food Price Watch,selected_food_table_Feb_25.xlsx :: selected_food_table_Feb_25.xlsx,2025-02,XLSX,YES,NO,Selected Food Feb. 2025,43,8,1,Highest,,MoM | YoY,WIDE,3 date-like column headers (period values stored as columns)
NBS,NBS Selected Food Price Watch,selected_food_table_Feb_25.xlsx :: selected_food_table_Feb_25.xlsx,2025-02,XLSX,YES,NO,Zone All item,43,7,1,,,,UNKNOWN,
NBS,NBS Selected Food Price Watch,selected_food_table_Mar_25.xlsx :: selected_food_table_Mar_25.xlsx,2025-03,XLSX,YES,NO,Selected Food Dec 2024,43,8,1,Highest,,MoM | YoY,WIDE,3 date-like column headers (period values stored as columns)
NBS,NBS Selected Food Price Watch,selected_food_table_Mar_25.xlsx :: selected_food_table_Mar_25.xlsx,2025-03,XLSX,YES,NO,Zone All item,43,7,1,,,,UNKNOWN,
NBS,NBS PMS (Petrol) Price Watch,Fuel_Report_April_2025.xlsx :: Fuel_Report_April_2025.xlsx,2025-04,XLSX,YES,NO,Fuel April 2025,41,10,1,State,,Average Price,WIDE,"embedded national/zone/total rows inside the data block (e.g. ""AVERAGE | 701.2444250944251 | 1261.6457672081458 | 1239""); 3 date-like column headers (period values stored as columns)"
NBS,NBS PMS (Petrol) Price Watch,Fuel_Report_May_2025.xlsx :: Fuel_Report_May_2025.xlsx,2025-05,XLSX,YES,NO,Fuel May 2025,41,10,1,State,,Average Price,WIDE,"embedded national/zone/total rows inside the data block (e.g. ""AVERAGE | 769.6170309432758 | 1239.3271114285071 | 1027""); 3 date-like column headers (period values stored as columns)"
NBS,NBS PMS (Petrol) Price Watch,PMS Report March 2025.xlsx :: PMS Report March 2025.xlsx,2025-03,XLSX,YES,NO,Fuel March 2025,41,10,1,State,,Average Price,WIDE,"embedded national/zone/total rows inside the data block (e.g. ""AVERAGE | 696.787226749711 | 1245.80113436542 | 1261.64""); 3 date-like column headers (period values stored as columns)"
NBS,NBS PMS (Petrol) Price Watch,PMS Report OCTOBER 2025.zip :: PMS_OCT_2025.xlsx,2025-10,ZIP,YES,YES,PMS_OCT_2025,55,8,15,State,,Average Price,WIDE,"2 title/metadata row(s) above the header: ""PREMIUM MOTOR SPIRIT AVERAGE PRICE PER LITRE AUGUST 2025 REPORT""; embedded national/zone/total rows inside the data block (e.g. ""AVERAGE | 1184.8254225255844 | 970.5879660649986 | 1052""); 3 date-like column headers (period values stored as columns)"
NBS,NBS PMS (Petrol) Price Watch,PMS_APRIL_2026.zip :: Fuel APRIL 2026.xlsx,2026-04,ZIP,YES,YES,Fuel APRIL 2026,42,10,2,State,,Average Price,WIDE,"1 title/metadata row(s) above the header: ""PREMIUM MOTOR SPIRIT AVERAGE PRICE PER LITRE APRIL 2026 REPORT""; embedded national/zone/total rows inside the data block (e.g. ""AVERAGE | 1239.32711142851 | 1288.54210053312 | 1532.92""); 3 date-like column headers (period values stored as columns)"
NBS,NBS PMS (Petrol) Price Watch,PMS_DECEMBER_2025.zip :: PMS_DECEMBER_2025.xlsx,2025-12,ZIP,YES,YES,Fuel December 2025,55,10,15,State,,Average Price,WIDE,"2 title/metadata row(s) above the header: ""PREMIUM MOTOR SPIRIT AVERAGE PRICE PER LITRE DECEMBER 2025 REPORT""; embedded national/zone/total rows inside the data block (e.g. ""AVERAGE | 1189.1212378095613 | 1061.3500169049423 | 104""); 3 date-like column headers (period values stored as columns)"
NBS,NBS PMS (Petrol) Price Watch,PMS_FEB_2025.xlsx :: PMS_FEB_2025.xlsx,2025-02,XLSX,YES,NO,Fuel February 2025,41,10,1,State,,Average Price,WIDE,"embedded national/zone/total rows inside the data block (e.g. ""AVERAGE | 679.36448345666 | 1258.3446139544 | 1245.8011""); 3 date-like column headers (period values stored as columns)"
NBS,NBS PMS (Petrol) Price Watch,PMS_Jan_2025.xlsx :: PMS_Jan_2025.xlsx,2025-01,XLSX,YES,NO,Fuel January 2025,41,11,1,State,,Average Price,WIDE,"embedded national/zone/total rows inside the data block (e.g. ""AVERAGE | 668.296550683408 | 1189.12123780956 | 1258.34""); 3 date-like column headers (period values stored as columns)"
NBS,NBS PMS (Petrol) Price Watch,PMS_REPORT_NOV_2025.zip :: Fuel_NOV_2025.xlsx,2025-11,ZIP,YES,YES,Fuel November 2025,55,10,15,State,,Average Price,WIDE,"2 title/metadata row(s) above the header: ""PREMIUM MOTOR SPIRIT AVERAGE PRICE PER LITRE NOVEMBER 2025 REPORT""; embedded national/zone/total rows inside the data block (e.g. ""AVERAGE | 1214.1674524908103 | 1052.311547273941 | 1061""); 3 date-like column headers (period values stored as columns)"
NBS,NBS PMS (Petrol) Price Watch,PMS_Report_AUG_SEPT_2025.zip :: PMS_SEPTEMBER_2025.xlsx,2025-09,ZIP,YES,YES,PMS SEPTEMBER 2025,42,10,2,State,,Average Price,WIDE,"1 title/metadata row(s) above the header: ""PREMIUM MOTOR SPIRIT AVERAGE PRICE PER LITRE SEPTEMBER 2025 REPORT""; embedded national/zone/total rows inside the data block (e.g. ""AVERAGE | 1030.4633875725708 | 988.2533804986764 | 970.""); 3 date-like column headers (period values stored as columns)"
NBS,NBS PMS (Petrol) Price Watch,PMS_Report_AUG_SEPT_2025.zip :: PMS AUGUST 2025.xlsx,2025-08,ZIP,YES,YES,PMS AUGUST 2025,42,10,2,State,,Average Price,WIDE,"1 title/metadata row(s) above the header: ""PREMIUM MOTOR SPIRIT AVERAGE PRICE PER LITRE AUGUST 2025 REPORT""; embedded national/zone/total rows inside the data block (e.g. ""AVERAGE | 830.4550088742387 | 1024.9930062617211 | 988.""); 3 date-like column headers (period values stored as columns)"
NBS,NBS PMS (Petrol) Price Watch,PMS_Report_April_2025.pdf,2025-04,PDF,NO,YES,,,,,,,,UNKNOWN,Report PDF only - no spreadsheet in this release. 
NBS,NBS PMS (Petrol) Price Watch,PMS_Report_FEBRUARY_2026.zip :: PMS_FEBRUARY_ 2026.xlsx,2026-02,ZIP,YES,YES,Fuel FEBRUARY 2026,42,10,2,State,,Average Price,WIDE,"1 title/metadata row(s) above the header: ""PREMIUM MOTOR SPIRIT AVERAGE PRICE PER LITRE FEBRUARY 2026 REPORT""; embedded national/zone/total rows inside the data block (e.g. ""AVERAGE | 1245.8011343654223 | 1034.7558449707458 | 105""); 3 date-like column headers (period values stored as columns)"
NBS,NBS PMS (Petrol) Price Watch,PMS_Report_FEB_2025.pdf,2025-02,PDF,NO,YES,,,,,,,,UNKNOWN,Report PDF only - no spreadsheet in this release. 
NBS,NBS PMS (Petrol) Price Watch,PMS_Report_JANUARY_2026.zip :: PMS_JANUARY_2025.xlsx,2025-01,ZIP,YES,YES,Sheet1,62,8,2,State,,,WIDE,"1 title/metadata row(s) above the header: ""PREMIUM MOTOR SPIRIT AVERAGE PRICE PER LITRE JANUARY 2025 REPORT""; embedded national/zone/total rows inside the data block (e.g. ""AVERAGE | 1258.344613954397 | 1048.6271376644258 | 1034""); 3 date-like column headers (period values stored as columns)"
NBS,NBS PMS (Petrol) Price Watch,PMS_Report_JAN_2025.pdf,2025-01,PDF,NO,YES,,,,,,,,UNKNOWN,Report PDF only - no spreadsheet in this release. 
NBS,NBS PMS (Petrol) Price Watch,PMS_Report_JULY_2025.zip :: Fuel_Report_July_2025.xlsx,2025-07,ZIP,YES,YES,Fuel JULY 2025,41,10,1,State,,Average Price,WIDE,"embedded national/zone/total rows inside the data block (e.g. ""AVERAGE | 770.5418841255301 | 1037.6594291327074 | 1024""); 3 date-like column headers (period values stored as columns)"
NBS,NBS PMS (Petrol) Price Watch,PMS_Report_JUNE_2025.pdf,2025-06,PDF,NO,YES,,,,,,,,UNKNOWN,Report PDF only - no spreadsheet in this release. 
NBS,NBS PMS (Petrol) Price Watch,PMS_Report_June_2025.xlsx :: PMS_Report_June_2025.xlsx,2025-06,XLSX,YES,NO,Fuel June 2025,41,10,1,State,,Average Price,WIDE,"embedded national/zone/total rows inside the data block (e.g. ""AVERAGE | 750.1722751296668 | 1027.7573777589457 | 1037""); 3 date-like column headers (period values stored as columns)"
NBS,NBS PMS (Petrol) Price Watch,PMS_Report_MARCH_2026.zip :: PMS_March_ 2026.xlsx,2026-03,ZIP,YES,YES,Fuel MARCH 2026,55,10,15,State,,Average Price,WIDE,"2 title/metadata row(s) above the header: ""PREMIUM MOTOR SPIRIT AVERAGE PRICE PER LITRE MARCH 2026 REPORT""; embedded national/zone/total rows inside the data block (e.g. ""AVERAGE | 1261.6457672081458 | 1051.4722455965084 | 128""); 3 date-like column headers (period values stored as columns)"
NBS,NBS PMS (Petrol) Price Watch,PMS_Report_MAY_2025.pdf,2025-05,PDF,NO,YES,,,,,,,,UNKNOWN,Report PDF only - no spreadsheet in this release. 
NBS,NBS PMS (Petrol) Price Watch,PMS_Report_MAY_2026.zip :: Fuel_MAY_2026.xlsx,2026-05,ZIP,YES,YES,Fuel MAY 2026,43,10,3,State,,Average Price,WIDE,"1 title/metadata row(s) above the header: ""PREMIUM MOTOR SPIRIT AVERAGE PRICE PER LITRE MAY 2026 REPORT""; embedded national/zone/total rows inside the data block (e.g. ""AVERAGE | 1027.7573777589457 | 1532.9262169189903 | 159""); 3 date-like column headers (period values stored as columns)"
NBS,NBS PMS (Petrol) Price Watch,PMS_Report_March_2025.pdf,2025-03,PDF,NO,YES,,,,,,,,UNKNOWN,Report PDF only - no spreadsheet in this release. 
NBS,NBS AGO (Diesel) Price Watch,AGO_APRIL_2026.zip :: Diesel APRIL 2026.xlsx,2026-04,ZIP,YES,YES,DIESEL APRIL 2026,46,17,2,(unnamed column 1),,YoY | MoM,WIDE,"1 title/metadata row(s) above the header: ""AUTOMOTIVE GAS OIL (DIESEL) APRIL 2026 REPORT""; embedded national/zone/total rows inside the data block (e.g. ""NATIONAL | 1722.4533100275403 | 1648.0826397050034 | 24""); 3 date-like column headers (period values stored as columns)"
NBS,NBS AGO (Diesel) Price Watch,AGO_DECEMBER_2025.zip :: DIESEL_DECEMBER_2025.xlsx,2025-12,ZIP,YES,YES,DIESEL DECEMBER 2025,60,9,16,(unnamed column 1),,YoY | MoM,WIDE,"2 title/metadata row(s) above the header: ""AUTOMOTIVE GAS OIL (DIESEL) DECEMBER 2025 REPORT""; embedded national/zone/total rows inside the data block (e.g. ""NATIONAL | 1447.6150560804215 | 1409.6113055655057 | 14""); 3 date-like column headers (period values stored as columns)"
NBS,NBS AGO (Diesel) Price Watch,AGO_FEB_2025.xlsx :: AGO_FEB_2025.xlsx,2025-02,XLSX,YES,NO,DIESEL FEBRUARY 2025,45,17,1,(unnamed column 1),,YoY | MoM,WIDE,"embedded national/zone/total rows inside the data block (e.g. ""NATIONAL | 1257.06107891744 | 1501.57501532351 | 1501.0""); 3 date-like column headers (period values stored as columns)"
NBS,NBS AGO (Diesel) Price Watch,AGO_JAN_2025.xlsx :: AGO_JAN_2025.xlsx,2025-01,XLSX,YES,NO,DIESEL JANUARY 2025 ,45,17,1,(unnamed column 1),,YoY | MoM,WIDE,"embedded national/zone/total rows inside the data block (e.g. ""NATIONAL | 1153.00598886216 | 1447.61505608042 | 1501.5""); 3 date-like column headers (period values stored as columns)"
NBS,NBS AGO (Diesel) Price Watch,AGO_REPORT_NOV_2025.zip :: DIESEL_NOV_2025.xlsx,2025-11,ZIP,YES,YES,Sheet1,60,10,16,(unnamed column 1),,YoY | MoM,WIDE,"2 title/metadata row(s) above the header: ""AUTOMOTIVE GAS OIL (DIESEL) NOVEMBER 2025 REPORT""; embedded national/zone/total rows inside the data block (e.g. ""NATIONAL | 1446.8322746796844 | 1398.5749435864798 | 14""); 3 date-like column headers (period values stored as columns)"
NBS,NBS AGO (Diesel) Price Watch,AGO_Report_AUGUST_SEPTEMBER_2025.zip :: DIESEL_SEPTEMBER_2025.xlsx,2025-09,ZIP,YES,YES,Sheet1,60,10,16,(unnamed column 1),,YoY | MoM,WIDE,"2 title/metadata row(s) above the header: ""AUTOMOTIVE GAS OIL (DIESEL) SEPTEMBER 2025 REPORT""; embedded national/zone/total rows inside the data block (e.g. ""NATIONAL | 1418.8311287186523 | 1551.8810880224912 | 12""); 3 date-like column headers (period values stored as columns)"
NBS,NBS AGO (Diesel) Price Watch,AGO_Report_AUGUST_SEPTEMBER_2025.zip :: DIESEL_AUGUST_2025.xlsx,2025-08,ZIP,YES,YES,Sheet1,47,10,3,(unnamed column 1),,YoY | MoM,WIDE,"1 title/metadata row(s) above the header: ""AUTOMOTIVE GAS OIL (DIESEL) AUGUST 2025 REPORT""; embedded national/zone/total rows inside the data block (e.g. ""NATIONAL | 1406.0513496505741 | 1789.450569514204 | 155""); 3 date-like column headers (period values stored as columns)"
NBS,NBS AGO (Diesel) Price Watch,AGO_Report_April_2025.pdf,2025-04,PDF,NO,YES,,,,,,,,UNKNOWN,Report PDF only - no spreadsheet in this release. 
NBS,NBS AGO (Diesel) Price Watch,AGO_Report_FEBRUARY_2025.pdf,2025-02,PDF,NO,YES,,,,,,,,UNKNOWN,Report PDF only - no spreadsheet in this release. 
NBS,NBS AGO (Diesel) Price Watch,AGO_Report_FEBRUARY_2026.zip :: AGO_FEBRUARY_2026.xlsx,2026-02,ZIP,YES,YES,Sheet1,46,15,2,(unnamed column 1),,YoY | MoM,WIDE,"1 title/metadata row(s) above the header: ""AUTOMOTIVE GAS OIL (DIESEL) FEBRUARY 2026 REPORT""; embedded national/zone/total rows inside the data block (e.g. ""NATIONAL | 1501.0543078787641 | 1361.5712221485276 | 14""); 3 date-like column headers (period values stored as columns)"
NBS,NBS AGO (Diesel) Price Watch,AGO_Report_JANUARY_2025.pdf,2025-01,PDF,NO,YES,,,,,,,,UNKNOWN,Report PDF only - no spreadsheet in this release. 
NBS,NBS AGO (Diesel) Price Watch,AGO_Report_JANUARY_2026.zip :: AGO JANUARY 2026.xlsx,2026-01,ZIP,YES,YES,DIESEL JANUARY 2026,46,17,2,(unnamed column 1),,YoY | MoM,WIDE,"1 title/metadata row(s) above the header: ""AUTOMOTIVE GAS OIL (DIESEL) JANUARY 2026 REPORT""; embedded national/zone/total rows inside the data block (e.g. ""NATIONAL | 1501.575015323509 | 1401.629582908583 | 1361""); 3 date-like column headers (period values stored as columns)"
NBS,NBS AGO (Diesel) Price Watch,AGO_Report_JULY_2025.zip :: Diesel_Report_July_2025.xlsx,2025-07,ZIP,YES,YES,DIESEL JULY 2025,45,17,1,(unnamed column 1),,YoY | MoM,WIDE,"embedded national/zone/total rows inside the data block (e.g. ""NATIONAL | 1379.4774585027117 | 1813.808721571157 | 178""); 3 date-like column headers (period values stored as columns)"
NBS,NBS AGO (Diesel) Price Watch,AGO_Report_JUNE_2025.pdf,2025-06,PDF,NO,YES,,,,,,,,UNKNOWN,Report PDF only - no spreadsheet in this release. 
NBS,NBS AGO (Diesel) Price Watch,AGO_Report_MARCH_2025.pdf,2025-03,PDF,NO,YES,,,,,,,,UNKNOWN,Report PDF only - no spreadsheet in this release. 
NBS,NBS AGO (Diesel) Price Watch,AGO_Report_MAY_2025.pdf,2025-05,PDF,NO,YES,,,,,,,,UNKNOWN,Report PDF only - no spreadsheet in this release. 
NBS,NBS AGO (Diesel) Price Watch,AGO_Report_MAY_2026.zip :: DIESEL_MAY_2026.xlsx,2026-05,ZIP,YES,YES,DIESEL MAY 2026,47,11,3,(unnamed column 1),,YoY | MoM,WIDE,"1 title/metadata row(s) above the header: ""AUTOMOTIVE GAS OIL (DIESEL) MAY 2026 REPORT""; embedded national/zone/total rows inside the data block (e.g. ""NATIONAL | 1758.2561604923108 | 2474.690141160973 | 327""); 3 date-like column headers (period values stored as columns)"
NBS,NBS AGO (Diesel) Price Watch,AGO_Report_March_2026.zip :: AGO_MARCH_2026.xlsx,2026-03,ZIP,YES,YES,DIESEL MARCH 2026,60,17,16,(unnamed column 1),,YoY | MoM,WIDE,"2 title/metadata row(s) above the header: ""AUTOMOTIVE GAS OIL (DIESEL) MARCH 2026 REPORT""; embedded national/zone/total rows inside the data block (e.g. ""NATIONAL | 1599.30053473809 | 1420.17171767312 | 1648.0""); 3 date-like column headers (period values stored as columns)"
NBS,NBS AGO (Diesel) Price Watch,AGO_Report_OCTOBER_2025.zip :: AGO_OCT_2025.xlsx,2025-10,ZIP,YES,YES,DIESEL OCTOBER 2025,60,17,16,(unnamed column 1),,YoY | MoM,WIDE,"2 title/metadata row(s) above the header: ""AUTOMOTIVE GAS OIL (DIESEL) OCTOBER 2025 REPORT""; embedded national/zone/total rows inside the data block (e.g. ""NATIONAL | 1441.2844108600957 | 1277.8090605308903 | 13""); 3 date-like column headers (period values stored as columns)"
NBS,NBS AGO (Diesel) Price Watch,Diesel Report March 2025.xlsx :: Diesel Report March 2025.xlsx,2025-03,XLSX,YES,NO,DIESEL MARCH 2025,45,17,1,(unnamed column 1),,YoY | MoM,WIDE,"embedded national/zone/total rows inside the data block (e.g. ""NATIONAL | 1341.15919090692 | 1501.05430787876 | 1599.3""); 3 date-like column headers (period values stored as columns)"
NBS,NBS AGO (Diesel) Price Watch,Diesel_Report_April_2025.xlsx :: Diesel_Report_April_2025.xlsx,2025-04,XLSX,YES,NO,DIESEL APRIL 2025,45,17,1,(unnamed column 1),,YoY | MoM,WIDE,"embedded national/zone/total rows inside the data block (e.g. ""NATIONAL | 1415.0589627636775 | 1599.3005347380927 | 17""); 3 date-like column headers (period values stored as columns)"
NBS,NBS AGO (Diesel) Price Watch,Diesel_Report_June_2025.xlsx :: Diesel_Report_June_2025.xlsx,2025-06,XLSX,YES,NO,DIESEL JUNE 2025,45,17,1,(unnamed column 1),,YoY | MoM,WIDE,"embedded national/zone/total rows inside the data block (e.g. ""NATIONAL | 1462.9752268131906 | 1758.2561604923108 | 18""); 3 date-like column headers (period values stored as columns)"
NBS,NBS AGO (Diesel) Price Watch,Diesel_Report_May_2025.xlsx :: Diesel_Report_May_2025.xlsx,2025-05,XLSX,YES,NO,DIESEL MAY 2025,45,17,1,(unnamed column 1),,YoY | MoM,WIDE,"embedded national/zone/total rows inside the data block (e.g. ""NATIONAL | 1403.9620118025737 | 1722.4533100275403 | 17""); 3 date-like column headers (period values stored as columns)"
NBS,NBS LPG (Cooking Gas) Price Watch,GAS_PRICE_WATCH_APRIL_2025.xlsx :: GAS_PRICE_WATCH_APRIL_2025.xlsx,2025-04,XLSX,YES,NO,LPG APR 2025,58,15,2,(unnamed column 1),,MoM | YoY | MoM | YoY,WIDE,"1 title/metadata row(s) above the header: ""5KG | 12.5KG""; embedded national/zone/total rows inside the data block (e.g. ""Average | 6521.581028867794 | 7322.489368000648 | 7885.""); 6 date-like column headers (period values stored as columns)"
NBS,NBS LPG (Cooking Gas) Price Watch,GAS_PRICE_WATCH_FEB_2025.xlsx :: GAS_PRICE_WATCH_FEB_2025.xlsx,2025-02,XLSX,YES,NO,LPG FEB 2025,57,17,2,(unnamed column 1),,MoM | YoY | MoM | YoY,WIDE,"1 title/metadata row(s) above the header: ""5KG | 12.5KG""; embedded national/zone/total rows inside the data block (e.g. ""Average | 6154.4967396452685 | 7040.9411521700995 | 707""); 6 date-like column headers (period values stored as columns)"
NBS,NBS LPG (Cooking Gas) Price Watch,GAS_PRICE_WATCH_JAN_2025.xlsx :: GAS_PRICE_WATCH_JAN_2025.xlsx,2025-01,XLSX,YES,NO,LPG JAN 2025,57,17,2,(unnamed column 1),,MoM | YoY | MoM | YoY,WIDE,"1 title/metadata row(s) above the header: ""5KG | 12.5KG""; embedded national/zone/total rows inside the data block (e.g. ""Average | 5139.245609251645 | 7177.2691560312915 | 7040""); 6 date-like column headers (period values stored as columns)"
NBS,NBS LPG (Cooking Gas) Price Watch,GAS_PRICE_WATCH_MARCH_2025.xlsx :: GAS_PRICE_WATCH_MARCH_2025.xlsx,2025-03,XLSX,YES,NO,LPG MAR 2025,57,17,2,(unnamed column 1),,MoM | YoY | MoM | YoY,WIDE,"1 title/metadata row(s) above the header: ""5KG | 12.5KG""; embedded national/zone/total rows inside the data block (e.g. ""Average | 6591.621294687472 | 7072.101997859159 | 7322.""); 6 date-like column headers (period values stored as columns)"
NBS,NBS LPG (Cooking Gas) Price Watch,GAS_PRICE_WATCH_May_2025.xlsx :: GAS_PRICE_WATCH_May_2025.xlsx,2025-05,XLSX,YES,NO,LPG MAY 2025,57,17,2,(unnamed column 1),,MoM | YoY | MoM | YoY,WIDE,"1 title/metadata row(s) above the header: ""5KG | 12.5KG""; embedded national/zone/total rows inside the data block (e.g. ""Average | 7418.446840472972 | 7885.601856493706 | 8167.""); 6 date-like column headers (period values stored as columns)"
NBS,NBS LPG (Cooking Gas) Price Watch,GAS_PRIC_WATCH_JUNE_2025.xlsx :: GAS_PRIC_WATCH_JUNE_2025.xlsx,2025-06,XLSX,YES,NO,LPG JUNE 2025,57,17,2,(unnamed column 1),,MoM | YoY | MoM | YoY,WIDE,"1 title/metadata row(s) above the header: ""5KG | 12.5KG""; embedded national/zone/total rows inside the data block (e.g. ""Average | 6966.02924954175 | 8167.427967838702 | 8323.9""); 6 date-like column headers (period values stored as columns)"
NBS,NBS LPG (Cooking Gas) Price Watch,LPG_AUGUST_2025.zip :: GAS_PRICE_WATCH_AUGUST_2025___.xlsx,2025-08,ZIP,YES,YES,LPG AUGUST 2025,57,17,2,(unnamed column 1),,MoM | YoY | MoM | YoY,WIDE,"1 title/metadata row(s) above the header: ""5KG | 12.5KG""; embedded national/zone/total rows inside the data block (e.g. ""Average | 6430.017888935604 | 8243.792694362437 | 6404.""); 6 date-like column headers (period values stored as columns)"
NBS,NBS LPG (Cooking Gas) Price Watch,LPG_July_2025.zip :: GAS_PRICE_WATCH_JULY_2025.xlsx,2025-07,ZIP,YES,YES,LPG_JULY_2025,57,17,2,(unnamed column 1),,MoM | YoY | MoM | YoY,WIDE,"1 title/metadata row(s) above the header: ""5KG | 12.5KG""; embedded national/zone/total rows inside the data block (e.g. ""Average | 5974.554661854575 | 8323.952725260317 | 8243.""); 6 date-like column headers (period values stored as columns)"
NBS,NBS LPG (Cooking Gas) Price Watch,LPG_June_2025_Report.pdf,2025-06,PDF,NO,YES,,,,,,,,UNKNOWN,Report PDF only - no spreadsheet in this release. 
NBS,NBS LPG (Cooking Gas) Price Watch,LPG_Nov_Dec_2025.zip :: GAS PRICE WATCH DECEMBER 2025_.xlsx,2025-12,ZIP,YES,YES,LPG DECEMBER 2025,57,17,2,(unnamed column 1),,MoM | YoY | MoM | YoY,WIDE,"1 title/metadata row(s) above the header: ""5KG | 12.5KG""; embedded national/zone/total rows inside the data block (e.g. ""Average | 7177.2691560312915 | 5425.784970592116 | 5360""); 6 date-like column headers (period values stored as columns)"
NBS,NBS LPG (Cooking Gas) Price Watch,LPG_Nov_Dec_2025.zip :: GAS PRICE WATCH NOVEMBER 2025__.xlsx,2025-11,ZIP,YES,YES,LPG NOVEMBER 2025,57,17,2,(unnamed column 1),,MoM | YoY | MoM | YoY,WIDE,"1 title/metadata row(s) above the header: ""5KG | 12.5KG""; embedded national/zone/total rows inside the data block (e.g. ""Average | 7088.157014764194 | 8081.754912603608 | 5425.""); 6 date-like column headers (period values stored as columns)"
NBS,NBS LPG (Cooking Gas) Price Watch,LPG_Report_APR26.zip :: GAS PRICE WATCH APRIL 2026_table.xlsx,2026-04,ZIP,YES,YES,Sheet1,56,16,2,STATES,,MOM | YOY | MOM | YOY,WIDE,"1 title/metadata row(s) above the header: ""5KG | 12.5KG""; embedded national/zone/total rows inside the data block (e.g. ""Grand Total | 7885.601856493706 | 7655.726627801795 | 8""); 6 date-like column headers (period values stored as columns)"
NBS,NBS LPG (Cooking Gas) Price Watch,LPG_Report_April_2025.pdf,2025-04,PDF,NO,YES,,,,,,,,UNKNOWN,Report PDF only - no spreadsheet in this release. 
NBS,NBS LPG (Cooking Gas) Price Watch,LPG_Report_Feb-March_2026.zip :: GAS Price Watch March_2026_table.xlsx,2026-03,ZIP,YES,YES,Sheet1,56,16,2,STATES,,MOM | YOY | MOM | YOY,WIDE,"1 title/metadata row(s) above the header: ""5KG | 12.5KG""; embedded national/zone/total rows inside the data block (e.g. ""Grand Total | 7322.48936800065 | 6799.17783783784 | 765""); 6 date-like column headers (period values stored as columns)"
NBS,NBS LPG (Cooking Gas) Price Watch,LPG_Report_Feb-March_2026.zip :: GAS PRICE WATCH FEBRUARY 2026_table.xlsx,2026-02,ZIP,YES,YES,LPG FEBRUARY 2026,56,16,2,STATES,,MOM | YOY | MOM | YOY,WIDE,"1 title/metadata row(s) above the header: ""5KG | 12.5KG""; embedded national/zone/total rows inside the data block (e.g. ""Grand Total | 7072.101997859159 | 5404.187220814148 | 6""); 6 date-like column headers (period values stored as columns)"
NBS,NBS LPG (Cooking Gas) Price Watch,LPG_Report_February_2025.pdf,2025-02,PDF,NO,YES,,,,,,,,UNKNOWN,Report PDF only - no spreadsheet in this release. 
NBS,NBS LPG (Cooking Gas) Price Watch,LPG_Report_January_2025.pdf,2025-01,PDF,NO,YES,,,,,,,,UNKNOWN,Report PDF only - no spreadsheet in this release. 
NBS,NBS LPG (Cooking Gas) Price Watch,LPG_Report_MAY_2025.pdf,2025-05,PDF,NO,YES,,,,,,,,UNKNOWN,Report PDF only - no spreadsheet in this release. 
NBS,NBS LPG (Cooking Gas) Price Watch,LPG_Report_March_2025.pdf,2025-03,PDF,NO,YES,,,,,,,,UNKNOWN,Report PDF only - no spreadsheet in this release. 
NBS,NBS LPG (Cooking Gas) Price Watch,LPG_Report_OCT_25.zip :: GAS PRICE WATCH OCTOBER 2025.xlsx,2025-10,ZIP,YES,YES,LPG OCTOBER_2025,57,17,2,(unnamed column 1),,MoM | YoY | MoM | YoY,WIDE,"1 title/metadata row(s) above the header: ""5KG | 12.5KG""; embedded national/zone/total rows inside the data block (e.g. ""Average | 6915.693026544465 | 6395.820080062556 | 8081.""); 6 date-like column headers (period values stored as columns)"
NBS,NBS LPG (Cooking Gas) Price Watch,LPG_Report_Report_Jan2026.zip :: GAS PRICE WATCH JANUARY 2026_table.xlsx,2026-01,ZIP,YES,YES,LPG JANUARY 2026,56,17,2,STATES,,MOM | YOY | MOM | YOY,WIDE,"1 title/metadata row(s) above the header: ""5KG | 12KG""; embedded national/zone/total rows inside the data block (e.g. ""Average | 7040.9411521700995 | 5360.425916655661 | 5404""); 6 date-like column headers (period values stored as columns)"
NBS,NBS LPG (Cooking Gas) Price Watch,LPG_Report_Sept_2025.zip :: GAS_PRICE_WATCH_SEPTEMBER_2025.xlsx,2025-09,ZIP,YES,YES,LPG_SEPTEMBER_2025,57,17,2,(unnamed column 1),,MoM | YoY | MoM | YoY,WIDE,"1 title/metadata row(s) above the header: ""5KG | 12.5KG""; embedded national/zone/total rows inside the data block (e.g. ""Average | 6699.625834701203 | 6404.023746289147 | 6395.""); 6 date-like column headers (period values stored as columns)"
NBS,NBS Transport Fare Watch,TRANSPORT_COST_Watch_APR_2025.xlsx :: TRANSPORT_COST_Watch_APR_2025.xlsx,2025-04,XLSX,YES,NO,Transport April 2025,36,6,1,,,MoM | YoY,WIDE,3 date-like column headers (period values stored as columns)
NBS,NBS Transport Fare Watch,TRANSPORT_COST_Watch_APR_2025.xlsx :: TRANSPORT_COST_Watch_APR_2025.xlsx,2025-04,XLSX,YES,NO,State Transport,39,6,1,State,,Air fare charg.for specified routes single journey,UNKNOWN,"embedded national/zone/total rows inside the data block (e.g. ""Grand Total | 130243.90022074328 | 7902.082334184297 | "")"
NBS,NBS Transport Fare Watch,TRANSPORT_COST_Watch_FEB_2025.xlsx :: TRANSPORT_COST_Watch_FEB_2025.xlsx,2025-02,XLSX,YES,NO,Transport February 2025,36,11,1,,,MoM | YoY,WIDE,3 date-like column headers (period values stored as columns)
NBS,NBS Transport Fare Watch,TRANSPORT_COST_Watch_FEB_2025.xlsx :: TRANSPORT_COST_Watch_FEB_2025.xlsx,2025-02,XLSX,YES,NO,State Transport,39,6,1,State,,Air fare charg.for specified routes single journey,UNKNOWN,"embedded national/zone/total rows inside the data block (e.g. ""Grand Total | 126586.38375263065 | 7640.340994821195 | "")"
NBS,NBS Transport Fare Watch,TRANSPORT_COST_Watch_JAN_2025.xlsx :: TRANSPORT_COST_Watch_JAN_2025.xlsx,2025-01,XLSX,YES,NO,Transport January 2025,36,6,1,,,MoM | YoY,WIDE,3 date-like column headers (period values stored as columns)
NBS,NBS Transport Fare Watch,TRANSPORT_COST_Watch_JAN_2025.xlsx :: TRANSPORT_COST_Watch_JAN_2025.xlsx,2025-01,XLSX,YES,NO,State Transport,39,6,1,State,,Air fare charg.for specified routes single journey,UNKNOWN,"embedded national/zone/total rows inside the data block (e.g. ""Grand Total | 126907.709171982 | 7573.277422449164 | 91"")"
NBS,NBS Transport Fare Watch,TRANSPORT_COST_Watch_MAR_2025.xlsx :: TRANSPORT_COST_Watch_MAR_2025.xlsx,2025-03,XLSX,YES,NO,Transport March 2025,36,6,1,,,MoM | YoY,WIDE,3 date-like column headers (period values stored as columns)
NBS,NBS Transport Fare Watch,TRANSPORT_COST_Watch_MAR_2025.xlsx :: TRANSPORT_COST_Watch_MAR_2025.xlsx,2025-03,XLSX,YES,NO,State Transport,39,6,1,State,,Air fare charg.for specified routes single journey,UNKNOWN,"embedded national/zone/total rows inside the data block (e.g. ""Grand Total | 128432.80177064864 | 7722.019455119655 | "")"
NBS,NBS Transport Fare Watch,Transport Fare Watch Report Nov_Dec_2025.zip :: TRANSPORT COST Watch NOV_2025_.xlsx,2025-11,ZIP,YES,YES,Transport November 2025,36,6,1,,,MoM | YoY,WIDE,3 date-like column headers (period values stored as columns)
NBS,NBS Transport Fare Watch,Transport Fare Watch Report Nov_Dec_2025.zip :: TRANSPORT COST Watch NOV_2025_.xlsx,2025-11,ZIP,YES,YES,State Transport,39,6,1,State,,Air fare charg.for specified routes single journey,UNKNOWN,"embedded national/zone/total rows inside the data block (e.g. ""Grand Total | 133415.03043487915 | 8275.25829023603 | 1"")"
NBS,NBS Transport Fare Watch,Transport Fare Watch Report Nov_Dec_2025.zip :: TRANSPORT COST Watch DEC_2025_.xlsx,2025-12,ZIP,YES,YES,Transport December 2025,36,6,1,,,MoM | YoY,WIDE,3 date-like column headers (period values stored as columns)
NBS,NBS Transport Fare Watch,Transport Fare Watch Report Nov_Dec_2025.zip :: TRANSPORT COST Watch DEC_2025_.xlsx,2025-12,ZIP,YES,YES,State Transport,39,6,1,State,,Air fare charg.for specified routes single journey,UNKNOWN,"embedded national/zone/total rows inside the data block (e.g. ""Grand Total | 243744.59323457116 | 8676.055685638052 | "")"
NBS,NBS Transport Fare Watch,Transport_Fare_Report_Apr_2025.pdf,2025-04,PDF,NO,YES,,,,,,,,UNKNOWN,Report PDF only - no spreadsheet in this release. 
NBS,NBS Transport Fare Watch,Transport_Fare_Report_April_2026.zip :: TRANSPORT COST Watch APR_2026_ (1).xlsx,2026-04,ZIP,YES,YES,Transport April 2026,36,6,1,,,MoM | YoY,WIDE,3 date-like column headers (period values stored as columns)
NBS,NBS Transport Fare Watch,Transport_Fare_Report_April_2026.zip :: TRANSPORT COST Watch APR_2026_ (1).xlsx,2026-04,ZIP,YES,YES,State Transport,39,6,1,State,,Air fare charg.for specified routes single journey,UNKNOWN,"embedded national/zone/total rows inside the data block (e.g. ""Grand Total | 157355.8675448459 | 9607.408056107355 | 1"")"
NBS,NBS Transport Fare Watch,Transport_MAY_JUNE_JULY_2025.zip :: TRANSPORT COST Watch JUN_2025_.xlsx,2025-06,ZIP,YES,YES,Transport June 2025,36,9,1,,,MoM | YoY,WIDE,3 date-like column headers (period values stored as columns)
NBS,NBS Transport Fare Watch,Transport_MAY_JUNE_JULY_2025.zip :: TRANSPORT COST Watch JUN_2025_.xlsx,2025-06,ZIP,YES,YES,State Transport,39,6,1,State,,Air fare charg.for specified routes single journey,UNKNOWN,"embedded national/zone/total rows inside the data block (e.g. ""Grand Total | 130345.36452396896 | 7975.852525102634 | "")"
NBS,NBS Transport Fare Watch,Transport_MAY_JUNE_JULY_2025.zip :: TRANSPORT COST Watch JUL_2025_.xlsx,2025-07,ZIP,YES,YES,Transport July 2025,36,6,1,,,MoM | YoY,WIDE,3 date-like column headers (period values stored as columns)
NBS,NBS Transport Fare Watch,Transport_MAY_JUNE_JULY_2025.zip :: TRANSPORT COST Watch JUL_2025_.xlsx,2025-07,ZIP,YES,YES,State Transport,39,6,1,State,,Air fare charg.for specified routes single journey,UNKNOWN,"embedded national/zone/total rows inside the data block (e.g. ""Grand Total | 130572.55248014219 | 8005.1225131078945 |"")"
NBS,NBS Transport Fare Watch,Transport_MAY_JUNE_JULY_2025.zip :: TRANSPORT COST Watch MAY_2025_.xlsx,2025-05,ZIP,YES,YES,Transport May 2025,36,6,1,,,MoM | YoY,WIDE,3 date-like column headers (period values stored as columns)
NBS,NBS Transport Fare Watch,Transport_MAY_JUNE_JULY_2025.zip :: TRANSPORT COST Watch MAY_2025_.xlsx,2025-05,ZIP,YES,YES,State Transport,39,6,1,State,,Air fare charg.for specified routes single journey,UNKNOWN,"embedded national/zone/total rows inside the data block (e.g. ""Grand Total | 130361.8462114865 | 7957.409017100107 | 1"")"
NBS,NBS Transport Fare Watch,Transport_Report_AUG_SEPT_2025.zip :: TRANSPORT COST Watch AUG_2025_.xlsx,2025-08,ZIP,YES,YES,Transport August 2025,36,6,1,,,MoM | YoY,WIDE,3 date-like column headers (period values stored as columns)
NBS,NBS Transport Fare Watch,Transport_Report_AUG_SEPT_2025.zip :: TRANSPORT COST Watch AUG_2025_.xlsx,2025-08,ZIP,YES,YES,State Transport,39,6,1,State,,Air fare charg.for specified routes single journey,UNKNOWN,"embedded national/zone/total rows inside the data block (e.g. ""Grand Total | 129907.13541658361 | 8038.304534293142 | "")"
NBS,NBS Transport Fare Watch,Transport_Report_AUG_SEPT_2025.zip :: TRANSPORT COST Watch SEPT_2025_.xlsx,2025-09,ZIP,YES,YES,Transport September 2025,36,6,1,,,MoM | YoY,WIDE,3 date-like column headers (period values stored as columns)
NBS,NBS Transport Fare Watch,Transport_Report_AUG_SEPT_2025.zip :: TRANSPORT COST Watch SEPT_2025_.xlsx,2025-09,ZIP,YES,YES,State Transport,39,6,1,State,,Air fare charg.for specified routes single journey,UNKNOWN,"embedded national/zone/total rows inside the data block (e.g. ""Grand Total | 129848.7079034161 | 8045.58654700026 | 10"")"
NBS,NBS Transport Fare Watch,Transport_Report_MAR26.zip :: TRANSPORT COST Watch MAR_2026_.xlsx,2026-03,ZIP,YES,YES,Transport March 2026,36,6,1,,,MoM | YoY,WIDE,3 date-like column headers (period values stored as columns)
NBS,NBS Transport Fare Watch,Transport_Report_MAR26.zip :: TRANSPORT COST Watch MAR_2026_.xlsx,2026-03,ZIP,YES,YES,State Transport,39,6,1,State,,Air fare charg.for specified routes single journey,UNKNOWN,"embedded national/zone/total rows inside the data block (e.g. ""Grand Total | 157224.0518466766 | 9564.115179733164 | 1"")"
NBS,NBS Transport Fare Watch,Transport_Report_MAY_2026.zip :: TRANSPORT COST Watch MAY_2026_.xlsx,2026-05,ZIP,YES,YES,Transport May 2026,36,6,1,,,MoM | YoY,WIDE,3 date-like column headers (period values stored as columns)
NBS,NBS Transport Fare Watch,Transport_Report_MAY_2026.zip :: TRANSPORT COST Watch MAY_2026_.xlsx,2026-05,ZIP,YES,YES,State Transport,39,6,1,State,,Air fare charg.for specified routes single journey,UNKNOWN,"embedded national/zone/total rows inside the data block (e.g. ""Grand Total | 157552.18763797908 | 9699.551255855326 | "")"
NBS,NBS Transport Fare Watch,Transport_Report_October_2025.zip :: TRANSPORT_COST_Watch_OCT_2025.xlsx,2025-10,ZIP,YES,YES,Transport October 2025,36,6,1,,,MoM | YoY,WIDE,3 date-like column headers (period values stored as columns)
NBS,NBS Transport Fare Watch,Transport_Report_October_2025.zip :: TRANSPORT_COST_Watch_OCT_2025.xlsx,2025-10,ZIP,YES,YES,State Transport,39,6,1,State,,Air fare charg.for specified routes single journey,UNKNOWN,"embedded national/zone/total rows inside the data block (e.g. ""Grand Total | 131557.53303485893 | 8170.210278163295 | "")"
NBS,NBS Transport Fare Watch,Transport_report_FEB_2026.zip :: TRANSPORT_COST_Watch_FEB_2026.xlsx,2026-02,ZIP,YES,YES,Transport February 2026,36,6,1,,,MoM | YoY,WIDE,3 date-like column headers (period values stored as columns)
NBS,NBS Transport Fare Watch,Transport_report_FEB_2026.zip :: TRANSPORT_COST_Watch_FEB_2026.xlsx,2026-02,ZIP,YES,YES,State Transport,39,6,1,State,,Air fare charg.for specified routes single journey,UNKNOWN,"embedded national/zone/total rows inside the data block (e.g. ""Grand Total | 153647.94776191222 | 8108.807295151895 | "")"
NBS,NBS Transport Fare Watch,Transport_report_JAN_2026.zip :: TRANSPORT_COST_Watch_JAN_2026.xlsx,2026-01,ZIP,YES,YES,Transport January 2026,36,6,1,,,MoM | YoY,WIDE,3 date-like column headers (period values stored as columns)
NBS,NBS Transport Fare Watch,Transport_report_JAN_2026.zip :: TRANSPORT_COST_Watch_JAN_2026.xlsx,2026-01,ZIP,YES,YES,State Transport,39,6,1,State,,Air fare charg.for specified routes single journey,UNKNOWN,"embedded national/zone/total rows inside the data block (e.g. ""Grand Total | 151355.55058112144 | 8504.394683480063 | "")"
NBS,NBS Consumer Price Index and Inflation,CPI_APRIL_2025.pdf,2025-04,PDF,NO,YES,,,,,,,,UNKNOWN,Report PDF only - no spreadsheet in this release. 
NBS,NBS Consumer Price Index and Inflation,CPI_APRIL_2026.zip :: cpi_1New_April2026.xlsx,2026-04,ZIP,YES,YES,Table1,33,23,4,,Monthly,Monthly | 12-Month Average | 12-Month average change (%) | Monthly | 12-Month Average | 12-Month average change (%) | Monthly | 12-Month Average,UNKNOWN,"3 title/metadata row(s) above the header: ""Table 1 Composite Consumer Price Index (Base September 1985 = 100)"""
NBS,NBS Consumer Price Index and Inflation,CPI_APRIL_2026.zip :: cpi_1New_April2026.xlsx,2026-04,ZIP,YES,YES,Table1 (2),366,48,4,,Monthly,Monthly | Monthly | 12-Month Average | 12-Month Average | 12-Month average change (%) | 12-Month average change (%) | Monthly | Monthly,UNKNOWN,"3 title/metadata row(s) above the header: ""Table 1 Composite Consumer Price Index (Base September 1985 = 100)"""
NBS,NBS Consumer Price Index and Inflation,CPI_APRIL_2026.zip :: cpi_1New_April2026.xlsx,2026-04,ZIP,YES,YES,Table2,31,34,2,,Month-on (%),All Items | All Items Less Farm Produce | Core Index (All Items Less Farm Produce And Energy) | Imported Food | Food | Farm Produce | Energy | Services,UNKNOWN,"1 title/metadata row(s) above the header: ""Table 2 Composite Consumer Price Index (Base: 2024 = 100)"""
NBS,NBS Consumer Price Index and Inflation,CPI_APRIL_2026.zip :: cpi_1New_April2026.xlsx,2026-04,ZIP,YES,YES,Table2 (2),368,65,2,,Month-on (%),All Items | All Items | All Items less Farm Produce. | All Items Less Farm Produce | All Items less Farm Produce. and Energy | Core Index (All Items Less Farm Produce And Energy) | Imported Food | Imported Food,UNKNOWN,"1 title/metadata row(s) above the header: ""Table 2 Composite Consumer Price Index (Base: 2024 = 100)""; embedded national/zone/total rows inside the data block (e.g. ""Average | 761.8304043795059 | 100 | 596.0779800274919 |"")"
NBS,NBS Consumer Price Index and Inflation,CPI_APRIL_2026.zip :: cpi_1New_April2026.xlsx,2026-04,ZIP,YES,YES,Table3,31,31,2,,Month-on (%),All Items | All Items Less Farm Produce | Core Index (All Items Less Farm Produce And Energy) | Imported Food | Food | Farm Produce | Energy | Services,UNKNOWN,"1 title/metadata row(s) above the header: ""Table 3 Urban Consumer Price Index  (Base: 2024 = 100)"""
NBS,NBS Consumer Price Index and Inflation,CPI_APRIL_2026.zip :: cpi_1New_April2026.xlsx,2026-04,ZIP,YES,YES,Table3 (2),368,51,2,,Month-on (%),All Items | All Items | All Items less Farm Produce. | All Items Less Farm Produce | All Items less Farm Produce. and Energy | Core Index (All Items Less Farm Produce And Energy) | Imported Food | Imported Food,UNKNOWN,"1 title/metadata row(s) above the header: ""Table 3 Urban Consumer Price Index  (Base: 2024 = 100)""; embedded national/zone/total rows inside the data block (e.g. ""Average | 810.1261638791062 | 100 | 636.3224782600565 |"")"
NBS,NBS Consumer Price Index and Inflation,CPI_APRIL_2026.zip :: cpi_1New_April2026.xlsx,2026-04,ZIP,YES,YES,Table3 (3),368,51,2,,Month-on (%),All Items | All Items | All Items less Farm Produce. | All Items Less Farm Produce | All Items less Farm Produce. and Energy | Core Index (All Items Less Farm Produce And Energy) | Imported Food | Imported Food,UNKNOWN,"1 title/metadata row(s) above the header: ""Table 3 Urban Consumer Price Index  (Base: 2024 = 100)""; embedded national/zone/total rows inside the data block (e.g. ""Average | 810.1261638791062 | 100 | 636.3224782600565 |"")"
NBS,NBS Consumer Price Index and Inflation,CPI_APRIL_2026.zip :: cpi_1New_April2026.xlsx,2026-04,ZIP,YES,YES,Table4,32,35,2,,Month-on (%),All Items | All Items Less Farm Produce | Core Index (All Items Less Farm Produce And Energy) | Imported Food | Food | Farm Produce | Energy | Services,UNKNOWN,"1 title/metadata row(s) above the header: ""Table 4 Rural Consumer Price Index (Base: 2024 = 100)"""
NBS,NBS Consumer Price Index and Inflation,CPI_APRIL_2026.zip :: cpi_1New_April2026.xlsx,2026-04,ZIP,YES,YES,Table-5,42,13,4,State,,Food | All Items | Food | All Items | Food | All Items | Food | All Items,UNKNOWN,"3 title/metadata row(s) above the header: ""Table 5 Combined Urban And Rural State Consumer Price Index"""
NBS,NBS Consumer Price Index and Inflation,CPI_APRIL_2026.zip :: cpi_1New_April2026.xlsx,2026-04,ZIP,YES,YES,Table4 (2),369,56,2,,Month-on (%),All Items | All Items | All Items less Farm Produce. | All Items Less Farm Produce | All Items less Farm Produce. and Energy | Core Index (All Items Less Farm Produce And Energy) | Imported Food | Imported Food,UNKNOWN,"1 title/metadata row(s) above the header: ""Table 4 Rural Consumer Price Index (Base: 2024 = 100)""; embedded national/zone/total rows inside the data block (e.g. ""Average | 720.7700793288018 | 100 | 562.4793622370022 |"")"
NBS,NBS Consumer Price Index and Inflation,CPI_AUGUST_2025.zip :: CPI_August25.xlsx,2025-08,ZIP,YES,YES,Table1,13,23,4,,Monthly,Monthly | 12-Month Average | 12-Month average change (%) | Monthly | 12-Month Average | 12-Month average change (%) | Monthly | 12-Month Average,UNKNOWN,"3 title/metadata row(s) above the header: ""Table 1 Composite Consumer Price Index (Base September 1985 = 100)"""
NBS,NBS Consumer Price Index and Inflation,CPI_AUGUST_2025.zip :: CPI_August25.xlsx,2025-08,ZIP,YES,YES,Table2,11,30,2,,Month-on (%),All Items | All Items less Farm Produce. | All Items less Farm Produce. and Energy | Imported Food | Food | FARM PRODUCE | ENERGY | SERVICES,UNKNOWN,"1 title/metadata row(s) above the header: ""Table 2 Composite Consumer Price Index (Base Year 2024 = 100)"""
NBS,NBS Consumer Price Index and Inflation,CPI_AUGUST_2025.zip :: CPI_August25.xlsx,2025-08,ZIP,YES,YES,Table3,11,31,2,,Month-on (%),All Items | All Items less Farm Produce. | All Items less Farm Produce. and Energy | Imported Food | Food | FARM PRODUCE | ENERGY | SERVICES,UNKNOWN,"1 title/metadata row(s) above the header: ""Table 3 Urban Consumer Price Index  (Base: Year 2024 = 100)"""
NBS,NBS Consumer Price Index and Inflation,CPI_AUGUST_2025.zip :: CPI_August25.xlsx,2025-08,ZIP,YES,YES,Table4,12,34,2,,Month-on (%),All Items | All Items less Farm Produce. | All Items less Farm Produce. and Energy | Imported Food | Food | FARM PRODUCE | ENERGY | SERVICES,UNKNOWN,"1 title/metadata row(s) above the header: ""Table 4 Rural Consumer Price Index (Base: Year 2024 = 100)"""
NBS,NBS Consumer Price Index and Inflation,CPI_AUGUST_2025.zip :: CPI_August25.xlsx,2025-08,ZIP,YES,YES,Table-5,42,12,4,State,,Food | All Items | Food | All Items | Food | All Items | Food | All Items,UNKNOWN,"3 title/metadata row(s) above the header: ""Table 5 Combined Urban And Rural State Consumer Price Index"""
NBS,NBS Consumer Price Index and Inflation,CPI_December_2025_Report.zip :: cpi_1New_December2025.xlsx,2025-12,ZIP,YES,YES,Table1,29,23,4,,Monthly,Monthly | 12-Month Average | 12-Month average change (%) | Monthly | 12-Month Average | 12-Month average change (%) | Monthly | 12-Month Average,UNKNOWN,"3 title/metadata row(s) above the header: ""Table 1 Composite Consumer Price Index (Base September 1985 = 100)"""
NBS,NBS Consumer Price Index and Inflation,CPI_December_2025_Report.zip :: cpi_1New_December2025.xlsx,2025-12,ZIP,YES,YES,Table1 (2),366,48,4,,Monthly,Monthly | Monthly | 12-Month Average | 12-Month Average | 12-Month average change (%) | 12-Month average change (%) | Monthly | Monthly,UNKNOWN,"3 title/metadata row(s) above the header: ""Table 1 Composite Consumer Price Index (Base September 1985 = 100)"""
NBS,NBS Consumer Price Index and Inflation,CPI_December_2025_Report.zip :: cpi_1New_December2025.xlsx,2025-12,ZIP,YES,YES,Table2,27,34,2,,Month-on (%),All Items | All Items Less Farm Produce | Core Index (All Items Less Farm Produce And Energy) | Imported Food | Food | Farm Produce | Energy | Services,UNKNOWN,"1 title/metadata row(s) above the header: ""Table 2 Composite Consumer Price Index (Base: 2024 = 100)"""
NBS,NBS Consumer Price Index and Inflation,CPI_December_2025_Report.zip :: cpi_1New_December2025.xlsx,2025-12,ZIP,YES,YES,Table2 (2),368,65,2,,Month-on (%),All Items | All Items | All Items less Farm Produce. | All Items Less Farm Produce | All Items less Farm Produce. and Energy | Core Index (All Items Less Farm Produce And Energy) | Imported Food | Imported Food,UNKNOWN,"1 title/metadata row(s) above the header: ""Table 2 Composite Consumer Price Index (Base: 2024 = 100)""; embedded national/zone/total rows inside the data block (e.g. ""Average | 761.8304043795059 | 100 | 596.0779800274919 |"")"
NBS,NBS Consumer Price Index and Inflation,CPI_December_2025_Report.zip :: cpi_1New_December2025.xlsx,2025-12,ZIP,YES,YES,Table3,27,31,2,,Month-on (%),All Items | All Items Less Farm Produce | Core Index (All Items Less Farm Produce And Energy) | Imported Food | Food | Farm Produce | Energy | Services,UNKNOWN,"1 title/metadata row(s) above the header: ""Table 3 Urban Consumer Price Index  (Base: 2024 = 100)"""
NBS,NBS Consumer Price Index and Inflation,CPI_December_2025_Report.zip :: cpi_1New_December2025.xlsx,2025-12,ZIP,YES,YES,Table3 (2),368,51,2,,Month-on (%),All Items | All Items | All Items less Farm Produce. | All Items Less Farm Produce | All Items less Farm Produce. and Energy | Core Index (All Items Less Farm Produce And Energy) | Imported Food | Imported Food,UNKNOWN,"1 title/metadata row(s) above the header: ""Table 3 Urban Consumer Price Index  (Base: 2024 = 100)""; embedded national/zone/total rows inside the data block (e.g. ""Average | 810.1261638791062 | 100 | 636.3224782600565 |"")"
NBS,NBS Consumer Price Index and Inflation,CPI_December_2025_Report.zip :: cpi_1New_December2025.xlsx,2025-12,ZIP,YES,YES,Table3 (3),368,51,2,,Month-on (%),All Items | All Items | All Items less Farm Produce. | All Items Less Farm Produce | All Items less Farm Produce. and Energy | Core Index (All Items Less Farm Produce And Energy) | Imported Food | Imported Food,UNKNOWN,"1 title/metadata row(s) above the header: ""Table 3 Urban Consumer Price Index  (Base: 2024 = 100)""; embedded national/zone/total rows inside the data block (e.g. ""Average | 810.1261638791062 | 100 | 636.3224782600565 |"")"
NBS,NBS Consumer Price Index and Inflation,CPI_December_2025_Report.zip :: cpi_1New_December2025.xlsx,2025-12,ZIP,YES,YES,Table4,28,35,2,,Month-on (%),All Items | All Items Less Farm Produce | Core Index (All Items Less Farm Produce And Energy) | Imported Food | Food | Farm Produce | Energy | Services,UNKNOWN,"1 title/metadata row(s) above the header: ""Table 4 Rural Consumer Price Index (Base: 2024 = 100)"""
NBS,NBS Consumer Price Index and Inflation,CPI_December_2025_Report.zip :: cpi_1New_December2025.xlsx,2025-12,ZIP,YES,YES,Table-5,42,12,4,State,,Food | All Items | Food | All Items | Food | All Items | Food | All Items,UNKNOWN,"3 title/metadata row(s) above the header: ""Table 5 Combined Urban And Rural State Consumer Price Index"""
NBS,NBS Consumer Price Index and Inflation,CPI_December_2025_Report.zip :: cpi_1New_December2025.xlsx,2025-12,ZIP,YES,YES,Table4 (2),369,56,2,,Month-on (%),All Items | All Items | All Items less Farm Produce. | All Items Less Farm Produce | All Items less Farm Produce. and Energy | Core Index (All Items Less Farm Produce And Energy) | Imported Food | Imported Food,UNKNOWN,"1 title/metadata row(s) above the header: ""Table 4 Rural Consumer Price Index (Base: 2024 = 100)""; embedded national/zone/total rows inside the data block (e.g. ""Average | 720.7700793288018 | 100 | 562.4793622370022 |"")"
NBS,NBS Consumer Price Index and Inflation,CPI_June_2025_Report.pdf,2025-06,PDF,NO,YES,,,,,,,,UNKNOWN,Report PDF only - no spreadsheet in this release. 
NBS,NBS Consumer Price Index and Inflation,CPI_MARCH_2025.pdf,2025-03,PDF,NO,YES,,,,,,,,UNKNOWN,Report PDF only - no spreadsheet in this release. 
NBS,NBS Consumer Price Index and Inflation,CPI_MAY_2026.zip :: cpi_1New_May2026.xlsx,2026-05,ZIP,YES,YES,Table1,45,23,3,,Monthly,Monthly | 12-Month Average | 12-Month average change (%) | Monthly | 12-Month Average | 12-Month average change (%) | Monthly | 12-Month Average,UNKNOWN,"2 title/metadata row(s) above the header: ""Table 1 Composite Consumer Price Index (Base: 2024 = 100)"""
NBS,NBS Consumer Price Index and Inflation,CPI_MAY_2026.zip :: cpi_1New_May2026.xlsx,2026-05,ZIP,YES,YES,Table1 (2),366,48,4,,Monthly,Monthly | Monthly | 12-Month Average | 12-Month Average | 12-Month average change (%) | 12-Month average change (%) | Monthly | Monthly,UNKNOWN,"3 title/metadata row(s) above the header: ""Table 1 Composite Consumer Price Index (Base September 1985 = 100)"""
NBS,NBS Consumer Price Index and Inflation,CPI_MAY_2026.zip :: cpi_1New_May2026.xlsx,2026-05,ZIP,YES,YES,Table2,44,34,2,,Month-on (%),"All Items | All Items Less Farm Produce | Core Index 
(All Items Less Farm Produce And Energy) | Imported Food | Food | Farm Produce | Energy | Services",UNKNOWN,"1 title/metadata row(s) above the header: ""Table 2 Composite Consumer Price Index (Base: 2024 = 100)"""
NBS,NBS Consumer Price Index and Inflation,CPI_MAY_2026.zip :: cpi_1New_May2026.xlsx,2026-05,ZIP,YES,YES,Table2 (2),368,65,2,,Month-on (%),All Items | All Items | All Items less Farm Produce. | All Items Less Farm Produce | All Items less Farm Produce. and Energy | Core Index (All Items Less Farm Produce And Energy) | Imported Food | Imported Food,UNKNOWN,"1 title/metadata row(s) above the header: ""Table 2 Composite Consumer Price Index (Base: 2024 = 100)""; embedded national/zone/total rows inside the data block (e.g. ""Average | 761.8304043795059 | 100 | 596.0779800274919 |"")"
NBS,NBS Consumer Price Index and Inflation,CPI_MAY_2026.zip :: cpi_1New_May2026.xlsx,2026-05,ZIP,YES,YES,Table3,44,31,2,,"Month-on 
(%)","All Items | All Items Less Farm Produce | Core Index 
(All Items Less Farm Produce And Energy) | Imported Food | Food | Farm Produce | Energy | Services",UNKNOWN,"1 title/metadata row(s) above the header: ""Table 3 Urban Consumer Price Index  (Base: 2024 = 100)"""
NBS,NBS Consumer Price Index and Inflation,CPI_MAY_2026.zip :: cpi_1New_May2026.xlsx,2026-05,ZIP,YES,YES,Table3 (2),368,51,2,,Month-on (%),All Items | All Items | All Items less Farm Produce. | All Items Less Farm Produce | All Items less Farm Produce. and Energy | Core Index (All Items Less Farm Produce And Energy) | Imported Food | Imported Food,UNKNOWN,"1 title/metadata row(s) above the header: ""Table 3 Urban Consumer Price Index  (Base: 2024 = 100)""; embedded national/zone/total rows inside the data block (e.g. ""Average | 810.1261638791062 | 100 | 636.3224782600565 |"")"
NBS,NBS Consumer Price Index and Inflation,CPI_MAY_2026.zip :: cpi_1New_May2026.xlsx,2026-05,ZIP,YES,YES,Table3 (3),368,51,2,,Month-on (%),All Items | All Items | All Items less Farm Produce. | All Items Less Farm Produce | All Items less Farm Produce. and Energy | Core Index (All Items Less Farm Produce And Energy) | Imported Food | Imported Food,UNKNOWN,"1 title/metadata row(s) above the header: ""Table 3 Urban Consumer Price Index  (Base: 2024 = 100)""; embedded national/zone/total rows inside the data block (e.g. ""Average | 810.1261638791062 | 100 | 636.3224782600565 |"")"
NBS,NBS Consumer Price Index and Inflation,CPI_MAY_2026.zip :: cpi_1New_May2026.xlsx,2026-05,ZIP,YES,YES,Table4,45,35,2,,Month-on (%),All Items | All Items Less Farm Produce | Core Index (All Items Less Farm Produce And Energy) | Imported Food | Food | Farm Produce | Energy | Services,UNKNOWN,"1 title/metadata row(s) above the header: ""Table 4 Rural Consumer Price Index (Base: 2024 = 100)"""
NBS,NBS Consumer Price Index and Inflation,CPI_MAY_2026.zip :: cpi_1New_May2026.xlsx,2026-05,ZIP,YES,YES,Table-5,42,12,4,State,,Food | All Items | Food | All Items | Food | All Items | Food | All Items,UNKNOWN,"3 title/metadata row(s) above the header: ""Table 5 Combined Urban And Rural State Consumer Price Index"""
NBS,NBS Consumer Price Index and Inflation,CPI_MAY_2026.zip :: cpi_1New_May2026.xlsx,2026-05,ZIP,YES,YES,Table4 (2),369,56,2,,Month-on (%),All Items | All Items | All Items less Farm Produce. | All Items Less Farm Produce | All Items less Farm Produce. and Energy | Core Index (All Items Less Farm Produce And Energy) | Imported Food | Imported Food,UNKNOWN,"1 title/metadata row(s) above the header: ""Table 4 Rural Consumer Price Index (Base: 2024 = 100)""; embedded national/zone/total rows inside the data block (e.g. ""Average | 720.7700793288018 | 100 | 562.4793622370022 |"")"
NBS,NBS Consumer Price Index and Inflation,CPI_May_2025_Report.pdf,2025-05,PDF,NO,YES,,,,,,,,UNKNOWN,Report PDF only - no spreadsheet in this release. 
NBS,NBS Consumer Price Index and Inflation,CPI_November_2025.zip :: cpi_1New_November25.xlsx,2025-11,ZIP,YES,YES,Table1,16,23,4,,Monthly,Monthly | 12-Month Average | 12-Month average change (%) | Monthly | 12-Month Average | 12-Month average change (%) | Monthly | 12-Month Average,UNKNOWN,"3 title/metadata row(s) above the header: ""Table 1 Composite Consumer Price Index (Base September 1985 = 100)"""
NBS,NBS Consumer Price Index and Inflation,CPI_November_2025.zip :: cpi_1New_November25.xlsx,2025-11,ZIP,YES,YES,Table2,374,47,2,,Month-on (%),All Items | All Items less Farm Produce. | All Items less Farm Produce. and Energy | Imported Food | Food | FARM PRODUCE | ENERGY | SERVICES,UNKNOWN,"1 title/metadata row(s) above the header: ""Table 2 Composite Consumer Price Index (Base Year 2024 = 100)"""
NBS,NBS Consumer Price Index and Inflation,CPI_November_2025.zip :: cpi_1New_November25.xlsx,2025-11,ZIP,YES,YES,Table3,14,31,2,,Month-on (%),All Items | All Items less Farm Produce. | All Items less Farm Produce. and Energy | Imported Food | Food | FARM PRODUCE | ENERGY | SERVICES,UNKNOWN,"1 title/metadata row(s) above the header: ""Table 3 Urban Consumer Price Index  (Base: Year 2024 = 100)"""
NBS,NBS Consumer Price Index and Inflation,CPI_November_2025.zip :: cpi_1New_November25.xlsx,2025-11,ZIP,YES,YES,Table4,15,34,2,,Month-on (%),All Items | All Items less Farm Produce. | All Items less Farm Produce. and Energy | Imported Food | Food | FARM PRODUCE | ENERGY | SERVICES,UNKNOWN,"1 title/metadata row(s) above the header: ""Table 4 Rural Consumer Price Index (Base: Year 2024 = 100)"""
NBS,NBS Consumer Price Index and Inflation,CPI_November_2025.zip :: cpi_1New_November25.xlsx,2025-11,ZIP,YES,YES,Table-5,42,12,4,State,,Food | All Items | Food | All Items | Food | All Items | Food | All Items,UNKNOWN,"3 title/metadata row(s) above the header: ""Table 5 Combined Urban And Rural State Consumer Price Index"""
NBS,NBS Consumer Price Index and Inflation,CPI_October2025.zip :: cpi_1New_October25.xlsx,2025-10,ZIP,YES,YES,Table1,15,23,4,,Monthly,Monthly | 12-Month Average | 12-Month average change (%) | Monthly | 12-Month Average | 12-Month average change (%) | Monthly | 12-Month Average,UNKNOWN,"3 title/metadata row(s) above the header: ""Table 1 Composite Consumer Price Index (Base September 1985 = 100)"""
NBS,NBS Consumer Price Index and Inflation,CPI_October2025.zip :: cpi_1New_October25.xlsx,2025-10,ZIP,YES,YES,Table2,373,47,2,,Month-on (%),All Items | All Items less Farm Produce. | All Items less Farm Produce. and Energy | Imported Food | Food | FARM PRODUCE | ENERGY | SERVICES,UNKNOWN,"1 title/metadata row(s) above the header: ""Table 2 Composite Consumer Price Index (Base Year 2024 = 100)"""
NBS,NBS Consumer Price Index and Inflation,CPI_October2025.zip :: cpi_1New_October25.xlsx,2025-10,ZIP,YES,YES,Table3,13,31,2,,Month-on (%),All Items | All Items less Farm Produce. | All Items less Farm Produce. and Energy | Imported Food | Food | FARM PRODUCE | ENERGY | SERVICES,UNKNOWN,"1 title/metadata row(s) above the header: ""Table 3 Urban Consumer Price Index  (Base: Year 2024 = 100)"""
NBS,NBS Consumer Price Index and Inflation,CPI_October2025.zip :: cpi_1New_October25.xlsx,2025-10,ZIP,YES,YES,Table4,14,34,2,,Month-on (%),All Items | All Items less Farm Produce. | All Items less Farm Produce. and Energy | Imported Food | Food | FARM PRODUCE | ENERGY | SERVICES,UNKNOWN,"1 title/metadata row(s) above the header: ""Table 4 Rural Consumer Price Index (Base: Year 2024 = 100)"""
NBS,NBS Consumer Price Index and Inflation,CPI_October2025.zip :: cpi_1New_October25.xlsx,2025-10,ZIP,YES,YES,Table-5,42,12,4,State,,Food | All Items | Food | All Items | Food | All Items | Food | All Items,UNKNOWN,"3 title/metadata row(s) above the header: ""Table 5 Combined Urban And Rural State Consumer Price Index"""
NBS,NBS Consumer Price Index and Inflation,CPI_Report_FEBRUARY_2026.zip :: cpi_1New_February2026.xlsx,2026-02,ZIP,YES,YES,Table1,31,23,4,,Monthly,Monthly | 12-Month Average | 12-Month average change (%) | Monthly | 12-Month Average | 12-Month average change (%) | Monthly | 12-Month Average,UNKNOWN,"3 title/metadata row(s) above the header: ""Table 1 Composite Consumer Price Index (Base September 1985 = 100)"""
NBS,NBS Consumer Price Index and Inflation,CPI_Report_FEBRUARY_2026.zip :: cpi_1New_February2026.xlsx,2026-02,ZIP,YES,YES,Table1 (2),366,48,4,,Monthly,Monthly | Monthly | 12-Month Average | 12-Month Average | 12-Month average change (%) | 12-Month average change (%) | Monthly | Monthly,UNKNOWN,"3 title/metadata row(s) above the header: ""Table 1 Composite Consumer Price Index (Base September 1985 = 100)"""
NBS,NBS Consumer Price Index and Inflation,CPI_Report_FEBRUARY_2026.zip :: cpi_1New_February2026.xlsx,2026-02,ZIP,YES,YES,Table2,29,34,2,,Month-on (%),All Items | All Items Less Farm Produce | Core Index (All Items Less Farm Produce And Energy) | Imported Food | Food | Farm Produce | Energy | Services,UNKNOWN,"1 title/metadata row(s) above the header: ""Table 2 Composite Consumer Price Index (Base: 2024 = 100)"""
NBS,NBS Consumer Price Index and Inflation,CPI_Report_FEBRUARY_2026.zip :: cpi_1New_February2026.xlsx,2026-02,ZIP,YES,YES,Table2 (2),368,65,2,,Month-on (%),All Items | All Items | All Items less Farm Produce. | All Items Less Farm Produce | All Items less Farm Produce. and Energy | Core Index (All Items Less Farm Produce And Energy) | Imported Food | Imported Food,UNKNOWN,"1 title/metadata row(s) above the header: ""Table 2 Composite Consumer Price Index (Base: 2024 = 100)""; embedded national/zone/total rows inside the data block (e.g. ""Average | 761.8304043795059 | 100 | 596.0779800274919 |"")"
NBS,NBS Consumer Price Index and Inflation,CPI_Report_FEBRUARY_2026.zip :: cpi_1New_February2026.xlsx,2026-02,ZIP,YES,YES,Table3,29,31,2,,Month-on (%),All Items | All Items Less Farm Produce | Core Index (All Items Less Farm Produce And Energy) | Imported Food | Food | Farm Produce | Energy | Services,UNKNOWN,"1 title/metadata row(s) above the header: ""Table 3 Urban Consumer Price Index  (Base: 2024 = 100)"""
NBS,NBS Consumer Price Index and Inflation,CPI_Report_FEBRUARY_2026.zip :: cpi_1New_February2026.xlsx,2026-02,ZIP,YES,YES,Table3 (2),368,51,2,,Month-on (%),All Items | All Items | All Items less Farm Produce. | All Items Less Farm Produce | All Items less Farm Produce. and Energy | Core Index (All Items Less Farm Produce And Energy) | Imported Food | Imported Food,UNKNOWN,"1 title/metadata row(s) above the header: ""Table 3 Urban Consumer Price Index  (Base: 2024 = 100)""; embedded national/zone/total rows inside the data block (e.g. ""Average | 810.1261638791062 | 100 | 636.3224782600565 |"")"
NBS,NBS Consumer Price Index and Inflation,CPI_Report_FEBRUARY_2026.zip :: cpi_1New_February2026.xlsx,2026-02,ZIP,YES,YES,Table3 (3),368,51,2,,Month-on (%),All Items | All Items | All Items less Farm Produce. | All Items Less Farm Produce | All Items less Farm Produce. and Energy | Core Index (All Items Less Farm Produce And Energy) | Imported Food | Imported Food,UNKNOWN,"1 title/metadata row(s) above the header: ""Table 3 Urban Consumer Price Index  (Base: 2024 = 100)""; embedded national/zone/total rows inside the data block (e.g. ""Average | 810.1261638791062 | 100 | 636.3224782600565 |"")"
NBS,NBS Consumer Price Index and Inflation,CPI_Report_FEBRUARY_2026.zip :: cpi_1New_February2026.xlsx,2026-02,ZIP,YES,YES,Table4,30,35,2,,Month-on (%),All Items | All Items Less Farm Produce | Core Index (All Items Less Farm Produce And Energy) | Imported Food | Food | Farm Produce | Energy | Services,UNKNOWN,"1 title/metadata row(s) above the header: ""Table 4 Rural Consumer Price Index (Base: 2024 = 100)"""
NBS,NBS Consumer Price Index and Inflation,CPI_Report_FEBRUARY_2026.zip :: cpi_1New_February2026.xlsx,2026-02,ZIP,YES,YES,Table-5,42,16,4,State,,Food | All Items | Food | All Items | Food | All Items | Food | All Items,UNKNOWN,"3 title/metadata row(s) above the header: ""Table 5 Combined Urban And Rural State Consumer Price Index"""
NBS,NBS Consumer Price Index and Inflation,CPI_Report_FEBRUARY_2026.zip :: cpi_1New_February2026.xlsx,2026-02,ZIP,YES,YES,Table4 (2),369,56,2,,Month-on (%),All Items | All Items | All Items less Farm Produce. | All Items Less Farm Produce | All Items less Farm Produce. and Energy | Core Index (All Items Less Farm Produce And Energy) | Imported Food | Imported Food,UNKNOWN,"1 title/metadata row(s) above the header: ""Table 4 Rural Consumer Price Index (Base: 2024 = 100)""; embedded national/zone/total rows inside the data block (e.g. ""Average | 720.7700793288018 | 100 | 562.4793622370022 |"")"
NBS,NBS Consumer Price Index and Inflation,CPI_Report_January_2026.zip :: cpi_January2026.xlsx,2026-01,ZIP,YES,YES,Table1,30,23,4,,Monthly,Monthly | 12-Month Average | 12-Month average change (%) | Monthly | 12-Month Average | 12-Month average change (%) | Monthly | 12-Month Average,UNKNOWN,"3 title/metadata row(s) above the header: ""Table 1 Composite Consumer Price Index (Base September 1985 = 100)"""
NBS,NBS Consumer Price Index and Inflation,CPI_Report_January_2026.zip :: cpi_January2026.xlsx,2026-01,ZIP,YES,YES,Table1 (2),366,48,4,,Monthly,Monthly | Monthly | 12-Month Average | 12-Month Average | 12-Month average change (%) | 12-Month average change (%) | Monthly | Monthly,UNKNOWN,"3 title/metadata row(s) above the header: ""Table 1 Composite Consumer Price Index (Base September 1985 = 100)"""
NBS,NBS Consumer Price Index and Inflation,CPI_Report_January_2026.zip :: cpi_January2026.xlsx,2026-01,ZIP,YES,YES,Table2,28,34,2,,Month-on (%),All Items | All Items Less Farm Produce | Core Index (All Items Less Farm Produce And Energy) | Imported Food | Food | Farm Produce | Energy | Services,UNKNOWN,"1 title/metadata row(s) above the header: ""Table 2 Composite Consumer Price Index (Base: 2024 = 100)"""
NBS,NBS Consumer Price Index and Inflation,CPI_Report_January_2026.zip :: cpi_January2026.xlsx,2026-01,ZIP,YES,YES,Table2 (2),368,65,2,,Month-on (%),All Items | All Items | All Items less Farm Produce. | All Items Less Farm Produce | All Items less Farm Produce. and Energy | Core Index (All Items Less Farm Produce And Energy) | Imported Food | Imported Food,UNKNOWN,"1 title/metadata row(s) above the header: ""Table 2 Composite Consumer Price Index (Base: 2024 = 100)""; embedded national/zone/total rows inside the data block (e.g. ""Average | 761.8304043795059 | 100 | 596.0779800274919 |"")"
NBS,NBS Consumer Price Index and Inflation,CPI_Report_January_2026.zip :: cpi_January2026.xlsx,2026-01,ZIP,YES,YES,Table3,28,31,2,,Month-on (%),All Items | All Items Less Farm Produce | Core Index (All Items Less Farm Produce And Energy) | Imported Food | Food | Farm Produce | Energy | Services,UNKNOWN,"1 title/metadata row(s) above the header: ""Table 3 Urban Consumer Price Index  (Base: 2024 = 100)"""
NBS,NBS Consumer Price Index and Inflation,CPI_Report_January_2026.zip :: cpi_January2026.xlsx,2026-01,ZIP,YES,YES,Table3 (2),368,51,2,,Month-on (%),All Items | All Items | All Items less Farm Produce. | All Items Less Farm Produce | All Items less Farm Produce. and Energy | Core Index (All Items Less Farm Produce And Energy) | Imported Food | Imported Food,UNKNOWN,"1 title/metadata row(s) above the header: ""Table 3 Urban Consumer Price Index  (Base: 2024 = 100)""; embedded national/zone/total rows inside the data block (e.g. ""Average | 810.1261638791062 | 100 | 636.3224782600565 |"")"
NBS,NBS Consumer Price Index and Inflation,CPI_Report_January_2026.zip :: cpi_January2026.xlsx,2026-01,ZIP,YES,YES,Table3 (3),368,51,2,,Month-on (%),All Items | All Items | All Items less Farm Produce. | All Items Less Farm Produce | All Items less Farm Produce. and Energy | Core Index (All Items Less Farm Produce And Energy) | Imported Food | Imported Food,UNKNOWN,"1 title/metadata row(s) above the header: ""Table 3 Urban Consumer Price Index  (Base: 2024 = 100)""; embedded national/zone/total rows inside the data block (e.g. ""Average | 810.1261638791062 | 100 | 636.3224782600565 |"")"
NBS,NBS Consumer Price Index and Inflation,CPI_Report_January_2026.zip :: cpi_January2026.xlsx,2026-01,ZIP,YES,YES,Table4,29,35,2,,Month-on (%),All Items | All Items Less Farm Produce | Core Index (All Items Less Farm Produce And Energy) | Imported Food | Food | Farm Produce | Energy | Services,UNKNOWN,"1 title/metadata row(s) above the header: ""Table 4 Rural Consumer Price Index (Base: 2024 = 100)"""
NBS,NBS Consumer Price Index and Inflation,CPI_Report_January_2026.zip :: cpi_January2026.xlsx,2026-01,ZIP,YES,YES,Table-5,42,12,4,State,,Food | All Items | Food | All Items | Food | All Items | Food | All Items,UNKNOWN,"3 title/metadata row(s) above the header: ""Table 5 Combined Urban And Rural State Consumer Price Index"""
NBS,NBS Consumer Price Index and Inflation,CPI_Report_January_2026.zip :: cpi_January2026.xlsx,2026-01,ZIP,YES,YES,Table4 (2),369,56,2,,Month-on (%),All Items | All Items | All Items less Farm Produce. | All Items Less Farm Produce | All Items less Farm Produce. and Energy | Core Index (All Items Less Farm Produce And Energy) | Imported Food | Imported Food,UNKNOWN,"1 title/metadata row(s) above the header: ""Table 4 Rural Consumer Price Index (Base: 2024 = 100)""; embedded national/zone/total rows inside the data block (e.g. ""Average | 720.7700793288018 | 100 | 562.4793622370022 |"")"
NBS,NBS Consumer Price Index and Inflation,CPI_Report_March_2026.zip :: March_2026/cpi_1New_March2026.xls,2026-03,ZIP,YES,YES,<<LEGACY .XLS - no reader installed>>,,,,,,,UNKNOWN,COULD NOT BE READ: xlrd not available
NBS,NBS Consumer Price Index and Inflation,CPI_September_2025.zip :: cpi_1New_September25.xlsx,2025-09,ZIP,YES,YES,Table1,14,23,4,,Monthly,Monthly | 12-Month Average | 12-Month average change (%) | Monthly | 12-Month Average | 12-Month average change (%) | Monthly | 12-Month Average,UNKNOWN,"3 title/metadata row(s) above the header: ""Table 1 Composite Consumer Price Index (Base September 1985 = 100)"""
NBS,NBS Consumer Price Index and Inflation,CPI_September_2025.zip :: cpi_1New_September25.xlsx,2025-09,ZIP,YES,YES,Table2,12,30,2,,Month-on (%),All Items | All Items less Farm Produce. | All Items less Farm Produce. and Energy | Imported Food | Food | FARM PRODUCE | ENERGY | SERVICES,UNKNOWN,"1 title/metadata row(s) above the header: ""Table 2 Composite Consumer Price Index (Base Year 2024 = 100)"""
NBS,NBS Consumer Price Index and Inflation,CPI_September_2025.zip :: cpi_1New_September25.xlsx,2025-09,ZIP,YES,YES,Table3,12,31,2,,Month-on (%),All Items | All Items less Farm Produce. | All Items less Farm Produce. and Energy | Imported Food | Food | FARM PRODUCE | ENERGY | SERVICES,UNKNOWN,"1 title/metadata row(s) above the header: ""Table 3 Urban Consumer Price Index  (Base: Year 2024 = 100)"""
NBS,NBS Consumer Price Index and Inflation,CPI_September_2025.zip :: cpi_1New_September25.xlsx,2025-09,ZIP,YES,YES,Table4,13,34,2,,Month-on (%),All Items | All Items less Farm Produce. | All Items less Farm Produce. and Energy | Imported Food | Food | FARM PRODUCE | ENERGY | SERVICES,UNKNOWN,"1 title/metadata row(s) above the header: ""Table 4 Rural Consumer Price Index (Base: Year 2024 = 100)"""
NBS,NBS Consumer Price Index and Inflation,CPI_September_2025.zip :: cpi_1New_September25.xlsx,2025-09,ZIP,YES,YES,Table-5,42,12,4,State,,Food | All Items | Food | All Items | Food | All Items | Food | All Items,UNKNOWN,"3 title/metadata row(s) above the header: ""Table 5 Combined Urban And Rural State Consumer Price Index"""
NBS,NBS Consumer Price Index and Inflation,CPI_february_2025.pdf,2025-02,PDF,NO,YES,,,,,,,,UNKNOWN,Report PDF only - no spreadsheet in this release. 
NBS,NBS Consumer Price Index and Inflation,Highlights of CPI Rebasing Result.pdf,NOT_APPLICABLE,PDF,NO,YES,,,,,,,,UNKNOWN,Report PDF only - no spreadsheet in this release. 
NBS,NBS Consumer Price Index and Inflation,July_2025_CPI_Report.zip :: cpi_1New_JuLY25.xlsx,2025-07,ZIP,YES,YES,Table1,12,23,4,,Monthly,Monthly | 12-Month Average | 12-Month average change (%) | Monthly | 12-Month Average | 12-Month average change (%) | Monthly | 12-Month Average,UNKNOWN,"3 title/metadata row(s) above the header: ""Table 1 Composite Consumer Price Index (Base September 1985 = 100)"""
NBS,NBS Consumer Price Index and Inflation,July_2025_CPI_Report.zip :: cpi_1New_JuLY25.xlsx,2025-07,ZIP,YES,YES,Table2,10,30,2,,Month-on (%),All Items | All Items less Farm Produce. | All Items less Farm Produce. and Energy | Imported Food | Food | FARM PRODUCE | ENERGY | SERVICES,UNKNOWN,"1 title/metadata row(s) above the header: ""Table 2 Composite Consumer Price Index (Base Year 2024 = 100)"""
NBS,NBS Consumer Price Index and Inflation,July_2025_CPI_Report.zip :: cpi_1New_JuLY25.xlsx,2025-07,ZIP,YES,YES,Table3,10,31,2,,Month-on (%),All Items | All Items less Farm Produce. | All Items less Farm Produce. and Energy | Imported Food | Food | FARM PRODUCE | ENERGY | SERVICES,UNKNOWN,"1 title/metadata row(s) above the header: ""Table 3 Urban Consumer Price Index  (Base: Year 2024 = 100)"""
NBS,NBS Consumer Price Index and Inflation,July_2025_CPI_Report.zip :: cpi_1New_JuLY25.xlsx,2025-07,ZIP,YES,YES,Table4,11,34,2,,Month-on (%),All Items | All Items less Farm Produce. | All Items less Farm Produce. and Energy | Imported Food | Food | FARM PRODUCE | ENERGY | SERVICES,UNKNOWN,"1 title/metadata row(s) above the header: ""Table 4 Rural Consumer Price Index (Base: Year 2024 = 100)"""
NBS,NBS Consumer Price Index and Inflation,July_2025_CPI_Report.zip :: cpi_1New_JuLY25.xlsx,2025-07,ZIP,YES,YES,Table-5,42,12,4,State,,Food | All Items | Food | All Items | Food | All Items | Food | All Items,UNKNOWN,"3 title/metadata row(s) above the header: ""Table 5 Combined Urban And Rural State Consumer Price Index"""
NBS,NBS Consumer Price Index and Inflation,cpi_1New_Apr25.xlsx :: cpi_1New_Apr25.xlsx,2025-04,XLSX,YES,NO,Table1,9,23,4,,Monthly,Monthly | 12-Month Average | 12-Month average change (%) | Monthly | 12-Month Average | 12-Month average change (%) | Monthly | 12-Month Average,UNKNOWN,"3 title/metadata row(s) above the header: ""Table 1 Composite Consumer Price Index (Base September 1985 = 100)"""
NBS,NBS Consumer Price Index and Inflation,cpi_1New_Apr25.xlsx :: cpi_1New_Apr25.xlsx,2025-04,XLSX,YES,NO,Table2,7,30,2,,Month-on (%),All Items | All Items less Farm Produce. | All Items less Farm Produce. and Energy | Imported Food | Food | FARM PRODUCE | ENERGY | SERVICES,UNKNOWN,"1 title/metadata row(s) above the header: ""Table 2 Composite Consumer Price Index (Base Year 2024 = 100)"""
NBS,NBS Consumer Price Index and Inflation,cpi_1New_Apr25.xlsx :: cpi_1New_Apr25.xlsx,2025-04,XLSX,YES,NO,Table3,7,31,2,,Month-on (%),All Items | All Items less Farm Produce. | All Items less Farm Produce. and Energy | Imported Food | Food | FARM PRODUCE | ENERGY | SERVICES,UNKNOWN,"1 title/metadata row(s) above the header: ""Table 3 Urban Consumer Price Index  (Base: Year 2024 = 100)"""
NBS,NBS Consumer Price Index and Inflation,cpi_1New_Apr25.xlsx :: cpi_1New_Apr25.xlsx,2025-04,XLSX,YES,NO,Table4,8,34,2,,Month-on (%),All Items | All Items less Farm Produce. | All Items less Farm Produce. and Energy | Imported Food | Food | FARM PRODUCE | ENERGY | SERVICES,UNKNOWN,"1 title/metadata row(s) above the header: ""Table 4 Rural Consumer Price Index (Base: Year 2024 = 100)"""
NBS,NBS Consumer Price Index and Inflation,cpi_1New_Apr25.xlsx :: cpi_1New_Apr25.xlsx,2025-04,XLSX,YES,NO,Table-5,42,12,4,State,,Food | All Items | Food | All Items | Food | All Items | Food | All Items,UNKNOWN,"3 title/metadata row(s) above the header: ""Table 5 Combined Urban And Rural State Consumer Price Index"""
NBS,NBS Consumer Price Index and Inflation,cpi_1New_Feb_2025.xlsx :: cpi_1New_Feb_2025.xlsx,2025-02,XLSX,YES,NO,Table1,7,23,4,,Monthly,Monthly | 12-Month Average | 12-Month average change (%) | Monthly | 12-Month Average | 12-Month average change (%) | Monthly | 12-Month Average,UNKNOWN,"3 title/metadata row(s) above the header: ""Table 1 Composite Consumer Price Index (Base September 1985 = 100)"""
NBS,NBS Consumer Price Index and Inflation,cpi_1New_Feb_2025.xlsx :: cpi_1New_Feb_2025.xlsx,2025-02,XLSX,YES,NO,Table2,5,30,2,,Month-on (%),All Items | All Items less Farm Produce. | All Items less Farm Produce. and Energy | Imported Food | Food | FARM PRODUCE | ENERGY | SERVICES,UNKNOWN,"1 title/metadata row(s) above the header: ""Table 2 Composite Consumer Price Index (Base Year 2024 = 100)"""
NBS,NBS Consumer Price Index and Inflation,cpi_1New_Feb_2025.xlsx :: cpi_1New_Feb_2025.xlsx,2025-02,XLSX,YES,NO,Table3,5,31,2,,Month-on (%),All Items | All Items less Farm Produce. | All Items less Farm Produce. and Energy | Imported Food | Food | FARM PRODUCE | ENERGY | SERVICES,UNKNOWN,"1 title/metadata row(s) above the header: ""Table 3 Urban Consumer Price Index  (Base: Year 2024 = 100)"""
NBS,NBS Consumer Price Index and Inflation,cpi_1New_Feb_2025.xlsx :: cpi_1New_Feb_2025.xlsx,2025-02,XLSX,YES,NO,Table4,6,34,2,,Month-on (%),All Items | All Items less Farm Produce. | All Items less Farm Produce. and Energy | Imported Food | Food | FARM PRODUCE | ENERGY | SERVICES,UNKNOWN,"1 title/metadata row(s) above the header: ""Table 4 Rural Consumer Price Index (Base: Year 2024 = 100)"""
NBS,NBS Consumer Price Index and Inflation,cpi_1New_Feb_2025.xlsx :: cpi_1New_Feb_2025.xlsx,2025-02,XLSX,YES,NO,Table-5,42,12,4,State,,Food | All Items | Food | All Items | Food | All Items | Food | All Items,UNKNOWN,"3 title/metadata row(s) above the header: ""Table 5 Combined Urban And Rural State Consumer Price Index"""
NBS,NBS Consumer Price Index and Inflation,cpi_1New_June25.xlsx :: cpi_1New_June25.xlsx,2025-06,XLSX,YES,NO,Table1,11,23,4,,Monthly,Monthly | 12-Month Average | 12-Month average change (%) | Monthly | 12-Month Average | 12-Month average change (%) | Monthly | 12-Month Average,UNKNOWN,"3 title/metadata row(s) above the header: ""Table 1 Composite Consumer Price Index (Base September 1985 = 100)"""
NBS,NBS Consumer Price Index and Inflation,cpi_1New_June25.xlsx :: cpi_1New_June25.xlsx,2025-06,XLSX,YES,NO,Table2,9,30,2,,Month-on (%),All Items | All Items less Farm Produce. | All Items less Farm Produce. and Energy | Imported Food | Food | FARM PRODUCE | ENERGY | SERVICES,UNKNOWN,"1 title/metadata row(s) above the header: ""Table 2 Composite Consumer Price Index (Base Year 2024 = 100)"""
NBS,NBS Consumer Price Index and Inflation,cpi_1New_June25.xlsx :: cpi_1New_June25.xlsx,2025-06,XLSX,YES,NO,Table3,9,31,2,,Month-on (%),All Items | All Items less Farm Produce. | All Items less Farm Produce. and Energy | Imported Food | Food | FARM PRODUCE | ENERGY | SERVICES,UNKNOWN,"1 title/metadata row(s) above the header: ""Table 3 Urban Consumer Price Index  (Base: Year 2024 = 100)"""
NBS,NBS Consumer Price Index and Inflation,cpi_1New_June25.xlsx :: cpi_1New_June25.xlsx,2025-06,XLSX,YES,NO,Table4,10,34,2,,Month-on (%),All Items | All Items less Farm Produce. | All Items less Farm Produce. and Energy | Imported Food | Food | FARM PRODUCE | ENERGY | SERVICES,UNKNOWN,"1 title/metadata row(s) above the header: ""Table 4 Rural Consumer Price Index (Base: Year 2024 = 100)"""
NBS,NBS Consumer Price Index and Inflation,cpi_1New_June25.xlsx :: cpi_1New_June25.xlsx,2025-06,XLSX,YES,NO,Table-5,42,12,4,State,,Food | All Items | Food | All Items | Food | All Items | Food | All Items,UNKNOWN,"3 title/metadata row(s) above the header: ""Table 5 Combined Urban And Rural State Consumer Price Index"""
NBS,NBS Consumer Price Index and Inflation,cpi_1New_Mar25.xlsx :: cpi_1New_Mar25.xlsx,2025-03,XLSX,YES,NO,Table1,8,23,4,,Monthly,Monthly | 12-Month Average | 12-Month average change (%) | Monthly | 12-Month Average | 12-Month average change (%) | Monthly | 12-Month Average,UNKNOWN,"3 title/metadata row(s) above the header: ""Table 1 Composite Consumer Price Index (Base September 1985 = 100)"""
NBS,NBS Consumer Price Index and Inflation,cpi_1New_Mar25.xlsx :: cpi_1New_Mar25.xlsx,2025-03,XLSX,YES,NO,Table2,6,30,2,,Month-on (%),All Items | All Items less Farm Produce. | All Items less Farm Produce. and Energy | Imported Food | Food | FARM PRODUCE | ENERGY | SERVICES,UNKNOWN,"1 title/metadata row(s) above the header: ""Table 2 Composite Consumer Price Index (Base Year 2024 = 100)"""
NBS,NBS Consumer Price Index and Inflation,cpi_1New_Mar25.xlsx :: cpi_1New_Mar25.xlsx,2025-03,XLSX,YES,NO,Table3,6,31,2,,Month-on (%),All Items | All Items less Farm Produce. | All Items less Farm Produce. and Energy | Imported Food | Food | FARM PRODUCE | ENERGY | SERVICES,UNKNOWN,"1 title/metadata row(s) above the header: ""Table 3 Urban Consumer Price Index  (Base: Year 2024 = 100)"""
NBS,NBS Consumer Price Index and Inflation,cpi_1New_Mar25.xlsx :: cpi_1New_Mar25.xlsx,2025-03,XLSX,YES,NO,Table4,7,34,2,,Month-on (%),All Items | All Items less Farm Produce. | All Items less Farm Produce. and Energy | Imported Food | Food | FARM PRODUCE | ENERGY | SERVICES,UNKNOWN,"1 title/metadata row(s) above the header: ""Table 4 Rural Consumer Price Index (Base: Year 2024 = 100)"""
NBS,NBS Consumer Price Index and Inflation,cpi_1New_Mar25.xlsx :: cpi_1New_Mar25.xlsx,2025-03,XLSX,YES,NO,Table-5,42,12,4,State,,Food | All Items | Food | All Items | Food | All Items | Food | All Items,UNKNOWN,"3 title/metadata row(s) above the header: ""Table 5 Combined Urban And Rural State Consumer Price Index"""
NBS,NBS Consumer Price Index and Inflation,cpi_1New_May25.xlsx :: cpi_1New_May25.xlsx,2025-05,XLSX,YES,NO,Table1,10,23,4,,Monthly,Monthly | 12-Month Average | 12-Month average change (%) | Monthly | 12-Month Average | 12-Month average change (%) | Monthly | 12-Month Average,UNKNOWN,"3 title/metadata row(s) above the header: ""Table 1 Composite Consumer Price Index (Base September 1985 = 100)"""
NBS,NBS Consumer Price Index and Inflation,cpi_1New_May25.xlsx :: cpi_1New_May25.xlsx,2025-05,XLSX,YES,NO,Table2,8,30,2,,Month-on (%),All Items | All Items less Farm Produce. | All Items less Farm Produce. and Energy | Imported Food | Food | FARM PRODUCE | ENERGY | SERVICES,UNKNOWN,"1 title/metadata row(s) above the header: ""Table 2 Composite Consumer Price Index (Base Year 2024 = 100)"""
NBS,NBS Consumer Price Index and Inflation,cpi_1New_May25.xlsx :: cpi_1New_May25.xlsx,2025-05,XLSX,YES,NO,Table3,8,31,2,,Month-on (%),All Items | All Items less Farm Produce. | All Items less Farm Produce. and Energy | Imported Food | Food | FARM PRODUCE | ENERGY | SERVICES,UNKNOWN,"1 title/metadata row(s) above the header: ""Table 3 Urban Consumer Price Index  (Base: Year 2024 = 100)"""
NBS,NBS Consumer Price Index and Inflation,cpi_1New_May25.xlsx :: cpi_1New_May25.xlsx,2025-05,XLSX,YES,NO,Table4,9,34,2,,Month-on (%),All Items | All Items less Farm Produce. | All Items less Farm Produce. and Energy | Imported Food | Food | FARM PRODUCE | ENERGY | SERVICES,UNKNOWN,"1 title/metadata row(s) above the header: ""Table 4 Rural Consumer Price Index (Base: Year 2024 = 100)"""
NBS,NBS Consumer Price Index and Inflation,cpi_1New_May25.xlsx :: cpi_1New_May25.xlsx,2025-05,XLSX,YES,NO,Table-5,42,12,4,State,,Food | All Items | Food | All Items | Food | All Items | Food | All Items,UNKNOWN,"3 title/metadata row(s) above the header: ""Table 5 Combined Urban And Rural State Consumer Price Index"""
CBN,CBN NFEM Daily Exchange Rate (NGN/US$),cbn_api_GetAllNFEM_Rates_snapshot_20260913T120305Z.json,2024-12..2026-09,JSON,NO,NO,,445,11,,"NONE - national daily market rate, no state dimension",ratedate,NFEM Rate | Highest | Lowest | Closing | Simple Average | turnovers | deal counts,LONG,"OFFICIAL RAW API RESPONSE - primary source of record; 445 records spanning 2024-12-02 to 2026-09-11; 6 duplicate rate dates (identical values, different id). Missing-value counts depend on the project window: under the current 2026-09-13 cutoff there are 425 in-window records, 300 with empty turnover/interbank deal fields and 298 with a literal 0 noOfDeals (the figures 300 of 352 and 297 quoted elsewhere belong to the earlier 2026-05-31 window)"
CBN,CBN NFEM Daily Exchange Rate (NGN/US$),cbn_nfem_rates_2025-01-01_to_2026-05-31_EXTRACTED-FROM-CBN-WEBPAGE.csv,2025-01..2026-05,CSV,NO,NO,,352,10,1,"NONE - national daily market rate, no state dimension",Date,NFEM Rate | Highest | Lowest | Closing | Simple Average | turnovers | deal counts,LONG,"EXTRACTED CSV derived from the JSON - NOT an original CBN download; 6 duplicate rate dates (identical values, different id); turnover/deal fields empty for 300 of 352 in-window rows; noOfDeals literal 0 in 297 rows"
CBN,CBN NFEM Daily Exchange Rate (NGN/US$),cbn_ExchRateByCurrency_page_snapshot_20260913T120305Z.html,2024-12..2026-09,HTML,NO,NO,,,,,"NONE - national daily market rate, no state dimension",,,UNKNOWN,HTML snapshot of the official CBN page
CBN,CBN NFEM Daily Exchange Rate (NGN/US$),cbn_rates_script1_20260913T120305Z.js,2024-12..2026-09,JS,NO,NO,,,,,"NONE - national daily market rate, no state dimension",,,UNKNOWN,Page script - evidence of field-to-column mapping
CBN,CBN NFEM Daily Exchange Rate (NGN/US$),PROVENANCE_READ_ME.txt,2024-12..2026-09,TXT,NO,NO,,,,,"NONE - national daily market rate, no state dimension",,,UNKNOWN,Provenance note written during acquisition
NERC,NERC MYTO Supplementary Order (AEDC),SAMPLE: AEDC-MYTO-JAN-2025.pdf,2025-01,PDF,NO,YES,,24 pages,,,DisCo licence area (not state) - one order per DisCo,effective month stated in title and commencement clause,"Approved end-user tariffs N/kWh by customer class and service band; tariff assumptions (loss target, inflation, FX rate, gas price)",UNKNOWN,IMAGE-ONLY (needs OCR); tariff pages none detected; band/class pages none detected; vector tables none
NERC,NERC MYTO Supplementary Order (IE),SAMPLE: IE_July_2025_064.pdf,2025-07,PDF,NO,YES,,22 pages,,,DisCo licence area (not state) - one order per DisCo,effective month stated in title and commencement clause,"Approved end-user tariffs N/kWh by customer class and service band; tariff assumptions (loss target, inflation, FX rate, gas price)",UNKNOWN,"TEXT-BASED; tariff pages [1, 2, 3, 4, 5, 6, 8]; band/class pages [4, 5, 9]; vector tables [[3, 3], [4, 1], [6, 1], [8, 1], [9, 3], [10, 2], [11, 1], [12, 1]]"
NERC,NERC MYTO Supplementary Order (PHED),SAMPLE: PHED_NOV_2025_132.pdf,2025-11,PDF,NO,YES,,18 pages,,,DisCo licence area (not state) - one order per DisCo,effective month stated in title and commencement clause,"Approved end-user tariffs N/kWh by customer class and service band; tariff assumptions (loss target, inflation, FX rate, gas price)",UNKNOWN,IMAGE-ONLY (needs OCR); tariff pages none detected; band/class pages none detected; vector tables none
NERC,NERC MYTO Supplementary Order (EKEDP),SAMPLE: EKEDP_MYTO_JAN_2026.pdf,2026-01,PDF,NO,YES,,25 pages,,,DisCo licence area (not state) - one order per DisCo,effective month stated in title and commencement clause,"Approved end-user tariffs N/kWh by customer class and service band; tariff assumptions (loss target, inflation, FX rate, gas price)",UNKNOWN,IMAGE-ONLY (needs OCR); tariff pages none detected; band/class pages none detected; vector tables none
NERC,NERC MYTO Supplementary Order (KEDCO),SAMPLE: KEDCO_MYTO_MAY_2026.pdf,2026-05,PDF,NO,YES,,16 pages,,,DisCo licence area (not state) - one order per DisCo,effective month stated in title and commencement clause,"Approved end-user tariffs N/kWh by customer class and service band; tariff assumptions (loss target, inflation, FX rate, gas price)",UNKNOWN,IMAGE-ONLY (needs OCR); tariff pages [9]; band/class pages [9]; vector tables none
NERC,NERC MYTO Supplementary Orders (ALL 173),"POPULATION SCAN (text-layer only, no OCR performed)",2025-01..2026-05,PDF,NO,YES,,"173 files, 8-30 pages each",,,DisCo licence area,effective month,tariffs locked inside PDF page images for most files,UNKNOWN,"SUPERSEDED by the dataset #7 build (D-38): this scan covered 173 files and measured whether a FILE has a text layer, not whether its TARIFF TABLE does. Re-measured over all 217 files, page by page: 11 complete tariff tables, 27 partial, 1 heading-only, 178 with no tariff text."
