dataset,clean_column_name,plain_english_definition,data_type,nullable,geography_level,source_field,transformation_rule,example_value,notes
food_price_national_monthly,observation_month,Calendar month the price refers to.,DATE,NO,NATIONAL,Column header text such as 'Average of May-26'.,Parse the month label from the header; set to the first day of that month.,2026-05-01,"Header labels vary: 'Apr-25', 'April-26', 'feb-24', 'Sept-24'. Parser must be case-insensitive and accept 3-9 letter month names."
food_price_national_monthly,source_period_label,"The original column heading, kept verbatim.",TEXT,NO,NATIONAL,Column header text.,Copied verbatim before parsing.,Average of May-26,Audit trail for the observation_month derivation.
food_price_national_monthly,item_label,Food item as NBS names it.,TEXT,NO,NATIONAL,'Item Label' (or 'Item Labels' in Feb 2025).,Trim whitespace only. Do not re-word or re-group items.,Beans Brown,Feb 2025 uses the plural header 'Item Labels'; both map to this column.
food_price_national_monthly,avg_price_ngn,"Average retail price of the item, in naira.","DECIMAL(18,6)",YES,NATIONAL,The three 'Average of ...' value columns.,Unpivot the three period columns to rows. Cast to decimal. Never round.,1344.93,NULL where NBS published no value - notably the year-ago column for 15 items each month.
food_price_national_monthly,value_status,"Whether the value is real, missing, not applicable, or a source error.",TEXT,NO,NATIONAL,Cell contents.,OK for a number; MISSING for a blank; NOT_APPLICABLE where the figure cannot exist.,NOT_APPLICABLE,15 items per month have no year-ago average and therefore no YoY.
food_price_national_monthly,is_primary_release,TRUE when observation_month equals release_month.,BOOLEAN,NO,NATIONAL,Derived.,Convenience flag only - never part of a key.,TRUE,Cannot distinguish three restatements of one month; release_month does that.
food_price_national_monthly,geography_name,Always 'Nigeria' for this table.,TEXT,NO,NATIONAL,Implied by the sheet.,Constant 'Nigeria'.,Nigeria,The monthly food sheet carries national averages; the zone split lives in a separate table.
food_price_national_monthly,geography_type,Level of geography this row describes.,TEXT,NO,NATIONAL,Implied.,Constant 'NATIONAL'.,NATIONAL,"Controlled vocabulary: STATE, ZONE, NATIONAL, DISCO."
food_price_national_monthly,source_file,Name of the official file this row came from.,TEXT,NO,Filename of the ZIP or workbook in data/raw/.,Copied verbatim; never normalised.,Selected_Food_Report_May 26.zip,Provenance. Lets any value be traced to its official source.,
food_price_national_monthly,source_member,"Name of the workbook inside the ZIP, if any.",TEXT,YES,ZIP member name.,Copied verbatim.,selected food table May 26.xlsx,NULL when the release is a loose workbook.,
food_price_national_monthly,source_sheet,Worksheet the row came from.,TEXT,NO,Worksheet name.,"Copied verbatim, including known stale names.",Selected Food May 2026,"Stale sheet names are preserved here, not corrected.",
food_price_national_monthly,source_row,1-based row number in the source sheet.,INTEGER,NO,Row position.,Recorded during parsing.,17,Not sufficient alone - see source_cell_reference.,
food_price_national_monthly,source_column_index,1-based column number in the source sheet.,INTEGER,NO,Column position.,Recorded during parsing.,4,Required because TRANSPORT_COST_Watch_MAR_2025.xlsx has two columns with the identical header.,
food_price_national_monthly,source_cell_reference,A1-style reference of the exact source cell.,TEXT,NO,Row + column.,"Derived from source_row and source_column_index, e.g. D17.",D2,"Every clean row cites exactly one cell. Unique per (file, member, sheet) EXCEPT in food_price_extreme_callout and cooking_gas_extreme_callout, where one tied cell such as 'Kebbi/Nasarawa (6500)' intentionally expands into one row per state and all rows cite that same cell.",
food_price_national_monthly,release_month,The month the NBS release is titled for.,DATE,NO,Release title in source_inventory.csv.,First day of the release month.,2026-05-01,Part of the PRIMARY KEY on overlapping tables. Differs from observation_month: one release carries several observation months.,
food_price_zone_monthly,observation_month,Calendar month the price refers to.,DATE,NO,ZONE,"Taken from the release, not the column header.",The 'Zone All item' sheet has no period column; use the release month of the workbook it sits in.,2026-05-01,"This sheet publishes only the current month, so observation_month = release_month."
food_price_zone_monthly,item_label,Food item as NBS names it.,TEXT,NO,ZONE,'Item Label'.,Trim whitespace only.,Yam Tuber,
food_price_zone_monthly,zone,Geopolitical zone.,TEXT,NO,ZONE,Column headers NORTH CENTRAL ... SOUTH WEST.,Unpivot the six zone columns to rows. Title-case the zone name.,South East,Six zones only; no state detail exists in this sheet.
food_price_zone_monthly,geography_name,Same as zone.,TEXT,NO,ZONE,Zone column header.,Title-cased zone name.,South East,
food_price_zone_monthly,geography_type,Level of geography.,TEXT,NO,ZONE,Implied.,Constant 'ZONE'.,ZONE,
food_price_zone_monthly,avg_price_ngn,"Average retail price in that zone, in naira.","DECIMAL(18,6)",YES,ZONE,Zone column values.,Cast to decimal. Never round.,3847.53,
food_price_zone_monthly,source_file,Name of the official file this row came from.,TEXT,NO,Filename of the ZIP or workbook in data/raw/.,Copied verbatim; never normalised.,Selected_Food_Report_May 26.zip,Provenance. Lets any value be traced to its official source.,
food_price_zone_monthly,source_member,"Name of the workbook inside the ZIP, if any.",TEXT,YES,ZIP member name.,Copied verbatim.,selected food table May 26.xlsx,NULL when the release is a loose workbook.,
food_price_zone_monthly,source_sheet,Worksheet the row came from.,TEXT,NO,Worksheet name.,"Copied verbatim, including known stale names.",Selected Food May 2026,"Stale sheet names are preserved here, not corrected.",
food_price_zone_monthly,source_row,1-based row number in the source sheet.,INTEGER,NO,Row position.,Recorded during parsing.,17,Not sufficient alone - see source_cell_reference.,
food_price_zone_monthly,source_column_index,1-based column number in the source sheet.,INTEGER,NO,Column position.,Recorded during parsing.,4,Required because TRANSPORT_COST_Watch_MAR_2025.xlsx has two columns with the identical header.,
food_price_zone_monthly,source_cell_reference,A1-style reference of the exact source cell.,TEXT,NO,Row + column.,"Derived from source_row and source_column_index, e.g. D17.",D2,"Every clean row cites exactly one cell. Unique per (file, member, sheet) EXCEPT in food_price_extreme_callout and cooking_gas_extreme_callout, where one tied cell such as 'Kebbi/Nasarawa (6500)' intentionally expands into one row per state and all rows cite that same cell.",
food_price_zone_monthly,release_month,The month the NBS release is titled for.,DATE,NO,Release title in source_inventory.csv.,First day of the release month.,2026-05-01,Part of the PRIMARY KEY on overlapping tables. Differs from observation_month: one release carries several observation months.,
food_price_extreme_callout,observation_month,Month the callout refers to.,DATE,NO,STATE (callout only),The current-month column header.,Parsed from the header of the current-period column.,2026-05-01,
food_price_extreme_callout,item_label,Food item.,TEXT,NO,STATE (callout only),'Item Label'.,Trim only.,Beans Brown,
food_price_extreme_callout,extreme_type,Whether this is the highest or lowest priced state for the item.,TEXT,NO,STATE (callout only),'Highest' / 'Lowest' column.,Set from which column the value came.,HIGHEST,"Controlled vocabulary: HIGHEST, LOWEST."
food_price_extreme_callout,state,State named in the callout.,TEXT,YES,STATE (callout only),"Text inside 'Highest'/'Lowest', e.g. 'Oyo (1941.78)'.",Split on the opening bracket; take the text part; standardise against ref_state_zone. Split on '/' ONLY here and ONLY if every part resolves to a known state; otherwise do not split and raise.,Oyo,Slash-splitting is restricted to callout fields. A slash in a main geography column raises instead.
food_price_extreme_callout,price_ngn,Price quoted in the callout.,"DECIMAL(18,6)",YES,STATE (callout only),Bracketed number inside the same cell.,Extract the number inside the brackets. Cast. Never round.,1941.78,
food_price_extreme_callout,is_shared_extreme,TRUE when the source cell named more than one state.,BOOLEAN,NO,STATE (callout only),Presence of '/' in the cell.,TRUE when the cell was split into multiple rows.,FALSE,"Rows in a tie group share one source_cell_reference, an identical price and identical raw_callout_text, and carry distinct states."
food_price_extreme_callout,raw_callout_text,"The original cell text, unmodified.",TEXT,NO,STATE (callout only),'Highest'/'Lowest' cell.,Copied verbatim.,Oyo (1941.78),Audit trail for the split.
food_price_extreme_callout,source_file,Name of the official file this row came from.,TEXT,NO,Filename of the ZIP or workbook in data/raw/.,Copied verbatim; never normalised.,Selected_Food_Report_May 26.zip,Provenance. Lets any value be traced to its official source.,
food_price_extreme_callout,source_member,"Name of the workbook inside the ZIP, if any.",TEXT,YES,ZIP member name.,Copied verbatim.,selected food table May 26.xlsx,NULL when the release is a loose workbook.,
food_price_extreme_callout,source_sheet,Worksheet the row came from.,TEXT,NO,Worksheet name.,"Copied verbatim, including known stale names.",Selected Food May 2026,"Stale sheet names are preserved here, not corrected.",
food_price_extreme_callout,source_row,1-based row number in the source sheet.,INTEGER,NO,Row position.,Recorded during parsing.,17,Not sufficient alone - see source_cell_reference.,
food_price_extreme_callout,source_column_index,1-based column number in the source sheet.,INTEGER,NO,Column position.,Recorded during parsing.,4,Required because TRANSPORT_COST_Watch_MAR_2025.xlsx has two columns with the identical header.,
food_price_extreme_callout,source_cell_reference,A1-style reference of the exact source cell.,TEXT,NO,Row + column.,"Derived from source_row and source_column_index, e.g. D17.",D2,"Every clean row cites exactly one cell. Unique per (file, member, sheet) EXCEPT in food_price_extreme_callout and cooking_gas_extreme_callout, where one tied cell such as 'Kebbi/Nasarawa (6500)' intentionally expands into one row per state and all rows cite that same cell.",
food_price_extreme_callout,release_month,The month the NBS release is titled for.,DATE,NO,Release title in source_inventory.csv.,First day of the release month.,2026-05-01,Part of the PRIMARY KEY on overlapping tables. Differs from observation_month: one release carries several observation months.,
petrol_price_monthly,observation_month,Calendar month the price refers to.,DATE,NO,STATE / ZONE / NATIONAL,Excel datetime headers dated the 1st of each month,Read the datetime header and truncate to the first day of its month.,2026-05-01,"Petrol headers are dated day 1, diesel day 14. Both are month labels, not real observation dates - normalise both to month start."
petrol_price_monthly,source_period_label,"Original column heading, verbatim.",TEXT,NO,STATE / ZONE / NATIONAL,Column header.,Copied verbatim (ISO datetime string).,2026-05-14 00:00:00,Audit trail.
petrol_price_monthly,geography_name,"Standardised name of the state, zone or 'Nigeria'.",TEXT,NO,STATE / ZONE / NATIONAL,First column (petrol: 'State'; diesel: unnamed first column).,"Trim, collapse internal spaces, title-case, then match against ref_state_zone.",Lagos,Diesel's geography column has no header at all.
petrol_price_monthly,geography_raw_label,Geography exactly as printed in the source.,TEXT,NO,STATE / ZONE / NATIONAL,Same cell.,Copied verbatim before standardisation.,NORTH CENTRAL,
petrol_price_monthly,geography_type,"Whether the row is a state, a zone, or the national aggregate.",TEXT,NO,STATE / ZONE / NATIONAL,Derived from the geography value.,Classify by exact alias_normalised match in ref_state_zone -> STATE; the six zone names (after zone normalisation) -> ZONE; 'AVERAGE'/'NATIONAL' -> NATIONAL. Anything unmatched -> UNCLASSIFIED and fails validation.,STATE,Diesel interleaves zone rows and state rows in one column; this field is what keeps them apart. Observed zone-label variant: 'SouthWest' (no space) in AGO JANUARY 2026.xlsx resolves to the zone 'South West' and is never a state.
petrol_price_monthly,state,"State name, populated only for state rows.",TEXT,YES,STATE,geography_name.,Set only when geography_type = 'STATE'; otherwise NULL.,Lagos,
petrol_price_monthly,zone,Zone the row belongs to.,TEXT,YES,STATE / ZONE,"geography_name, or ref_state_zone lookup for state rows.","For ZONE rows, the zone itself. For STATE rows, the zone from ref_state_zone. NULL for NATIONAL.",South West,"The state-to-zone mapping is a documented reference table, not invented per row."
petrol_price_monthly,is_aggregate,TRUE for rows that summarise other rows.,BOOLEAN,NO,STATE / ZONE / NATIONAL,Derived.,TRUE when geography_type is ZONE or NATIONAL.,FALSE,Prevents an AVERAGE or NATIONAL row being counted as a 38th state.
petrol_price_monthly,price_ngn_per_litre,"Average pump price of petrol (PMS), in naira per litre.","DECIMAL(18,6)",YES,STATE / ZONE / NATIONAL,The three period value columns.,Unpivot the three period columns to rows. Cast to decimal. Never round.,1054.25,
petrol_price_monthly,unit,Unit of measure.,TEXT,NO,STATE / ZONE / NATIONAL,Implied by the report.,Constant 'NGN per litre'.,NGN per litre,
petrol_price_monthly,source_file,Name of the official file this row came from.,TEXT,NO,Filename of the ZIP or workbook in data/raw/.,Copied verbatim; never normalised.,Selected_Food_Report_May 26.zip,Provenance. Lets any value be traced to its official source.,
petrol_price_monthly,source_member,"Name of the workbook inside the ZIP, if any.",TEXT,YES,ZIP member name.,Copied verbatim.,selected food table May 26.xlsx,NULL when the release is a loose workbook.,
petrol_price_monthly,source_sheet,Worksheet the row came from.,TEXT,NO,Worksheet name.,"Copied verbatim, including known stale names.",Selected Food May 2026,"Stale sheet names are preserved here, not corrected.",
petrol_price_monthly,source_row,1-based row number in the source sheet.,INTEGER,NO,Row position.,Recorded during parsing.,17,Not sufficient alone - see source_cell_reference.,
petrol_price_monthly,source_column_index,1-based column number in the source sheet.,INTEGER,NO,Column position.,Recorded during parsing.,4,Required because TRANSPORT_COST_Watch_MAR_2025.xlsx has two columns with the identical header.,
petrol_price_monthly,source_cell_reference,A1-style reference of the exact source cell.,TEXT,NO,Row + column.,"Derived from source_row and source_column_index, e.g. D17.",D2,"Every clean row cites exactly one cell. Unique per (file, member, sheet) EXCEPT in food_price_extreme_callout and cooking_gas_extreme_callout, where one tied cell such as 'Kebbi/Nasarawa (6500)' intentionally expands into one row per state and all rows cite that same cell.",
petrol_price_monthly,release_month,The month the NBS release is titled for.,DATE,NO,Release title in source_inventory.csv.,First day of the release month.,2026-05-01,Part of the PRIMARY KEY on overlapping tables. Differs from observation_month: one release carries several observation months.,
diesel_price_monthly,observation_month,Calendar month the price refers to.,DATE,NO,STATE / ZONE / NATIONAL,Excel datetime headers dated the 14th of each month,Read the datetime header and truncate to the first day of its month.,2026-05-01,"Petrol headers are dated day 1, diesel day 14. Both are month labels, not real observation dates - normalise both to month start."
diesel_price_monthly,source_period_label,"Original column heading, verbatim.",TEXT,NO,STATE / ZONE / NATIONAL,Column header.,Copied verbatim (ISO datetime string).,2026-05-14 00:00:00,Audit trail.
diesel_price_monthly,geography_name,"Standardised name of the state, zone or 'Nigeria'.",TEXT,NO,STATE / ZONE / NATIONAL,First column (petrol: 'State'; diesel: unnamed first column).,"Trim, collapse internal spaces, title-case, then match against ref_state_zone.",Lagos,Diesel's geography column has no header at all.
diesel_price_monthly,geography_raw_label,Geography exactly as printed in the source.,TEXT,NO,STATE / ZONE / NATIONAL,Same cell.,Copied verbatim before standardisation.,NORTH CENTRAL,
diesel_price_monthly,geography_type,"Whether the row is a state, a zone, or the national aggregate.",TEXT,NO,STATE / ZONE / NATIONAL,Derived from the geography value.,Classify by exact alias_normalised match in ref_state_zone -> STATE; the six zone names (after zone normalisation) -> ZONE; 'AVERAGE'/'NATIONAL' -> NATIONAL. Anything unmatched -> UNCLASSIFIED and fails validation.,STATE,Diesel interleaves zone rows and state rows in one column; this field is what keeps them apart. Observed zone-label variant: 'SouthWest' (no space) in AGO JANUARY 2026.xlsx resolves to the zone 'South West' and is never a state.
diesel_price_monthly,state,"State name, populated only for state rows.",TEXT,YES,STATE,geography_name.,Set only when geography_type = 'STATE'; otherwise NULL.,Lagos,
diesel_price_monthly,zone,Zone the row belongs to.,TEXT,YES,STATE / ZONE,"geography_name, or ref_state_zone lookup for state rows.","For ZONE rows, the zone itself. For STATE rows, the zone from ref_state_zone. NULL for NATIONAL.",South West,"The state-to-zone mapping is a documented reference table, not invented per row."
diesel_price_monthly,is_aggregate,TRUE for rows that summarise other rows.,BOOLEAN,NO,STATE / ZONE / NATIONAL,Derived.,TRUE when geography_type is ZONE or NATIONAL.,FALSE,Prevents an AVERAGE or NATIONAL row being counted as a 38th state.
diesel_price_monthly,price_ngn_per_litre,"Average pump price of diesel (AGO), in naira per litre.","DECIMAL(18,6)",YES,STATE / ZONE / NATIONAL,The three period value columns.,Unpivot the three period columns to rows. Cast to decimal. Never round.,1054.25,
diesel_price_monthly,unit,Unit of measure.,TEXT,NO,STATE / ZONE / NATIONAL,Implied by the report.,Constant 'NGN per litre'.,NGN per litre,
diesel_price_monthly,source_file,Name of the official file this row came from.,TEXT,NO,Filename of the ZIP or workbook in data/raw/.,Copied verbatim; never normalised.,Selected_Food_Report_May 26.zip,Provenance. Lets any value be traced to its official source.,
diesel_price_monthly,source_member,"Name of the workbook inside the ZIP, if any.",TEXT,YES,ZIP member name.,Copied verbatim.,selected food table May 26.xlsx,NULL when the release is a loose workbook.,
diesel_price_monthly,source_sheet,Worksheet the row came from.,TEXT,NO,Worksheet name.,"Copied verbatim, including known stale names.",Selected Food May 2026,"Stale sheet names are preserved here, not corrected.",
diesel_price_monthly,source_row,1-based row number in the source sheet.,INTEGER,NO,Row position.,Recorded during parsing.,17,Not sufficient alone - see source_cell_reference.,
diesel_price_monthly,source_column_index,1-based column number in the source sheet.,INTEGER,NO,Column position.,Recorded during parsing.,4,Required because TRANSPORT_COST_Watch_MAR_2025.xlsx has two columns with the identical header.,
diesel_price_monthly,source_cell_reference,A1-style reference of the exact source cell.,TEXT,NO,Row + column.,"Derived from source_row and source_column_index, e.g. D17.",D2,"Every clean row cites exactly one cell. Unique per (file, member, sheet) EXCEPT in food_price_extreme_callout and cooking_gas_extreme_callout, where one tied cell such as 'Kebbi/Nasarawa (6500)' intentionally expands into one row per state and all rows cite that same cell.",
diesel_price_monthly,release_month,The month the NBS release is titled for.,DATE,NO,Release title in source_inventory.csv.,First day of the release month.,2026-05-01,Part of the PRIMARY KEY on overlapping tables. Differs from observation_month: one release carries several observation months.,
cooking_gas_price_monthly,observation_month,Calendar month the price refers to.,DATE,NO,STATE / ZONE / NATIONAL,Header text such as 'Average of Apr-26'.,Parse the month label; set to first day of month.,2026-04-01,
cooking_gas_price_monthly,source_period_label,"Original column heading, verbatim.",TEXT,NO,STATE / ZONE / NATIONAL,Column header.,Copied verbatim.,Average of Apr-26,
cooking_gas_price_monthly,cylinder_size_kg,Cylinder size the price refers to.,"DECIMAL(4,1)",NO,STATE / ZONE / NATIONAL,Merged banner in row 1 ('5KG' / '12.5KG').,"Assign by column block position, not by header name: the left block is 5 kg, the right block is 12.5 kg.",12.5,"The two blocks have IDENTICAL header text, so the product can only be resolved by position."
cooking_gas_price_monthly,geography_name,"Standardised state, zone or 'Nigeria'.",TEXT,NO,STATE / ZONE / NATIONAL,"Geography column - position 1 in 2025 releases, position 3 in 2026 releases.","Locate the geography column by content (matches a known state or zone), not by fixed position. Then standardise.",Kano,"The column silently moved between 2025 and 2026. ALSO: in all twelve 2025 releases the 12.5kg block prints 'Taraba' where Kebbi belongs - corrected only on the five-condition fingerprint in cleaning_rulebook.md section 4a, never by a global substitution."
cooking_gas_price_monthly,geography_raw_label,Geography exactly as printed.,TEXT,NO,STATE / ZONE / NATIONAL,Same cell.,Verbatim.,NORTH CENTRAL,
cooking_gas_price_monthly,geography_type,"State, zone or national aggregate.",TEXT,NO,STATE / ZONE / NATIONAL,Derived.,Same classification rule as petrol/diesel.,ZONE,
cooking_gas_price_monthly,state,State name where applicable.,TEXT,YES,STATE,geography_name.,Only when geography_type = 'STATE'.,Kano,
cooking_gas_price_monthly,zone,Zone the row belongs to.,TEXT,YES,STATE / ZONE,geography_name or ref_state_zone.,As for petrol/diesel.,North West,
cooking_gas_price_monthly,is_aggregate,TRUE for zone and national rows.,BOOLEAN,NO,STATE / ZONE / NATIONAL,Derived.,TRUE when geography_type is ZONE or NATIONAL.,TRUE,
cooking_gas_price_monthly,refill_price_ngn,"Average price to refill a cylinder of this size, in naira.","DECIMAL(18,6)",YES,STATE / ZONE / NATIONAL,The three period value columns within the relevant block.,Unpivot within each block separately. Cast. Never round.,19330.55,
cooking_gas_price_monthly,unit,Unit of measure.,TEXT,NO,STATE / ZONE / NATIONAL,Implied.,Constant 'NGN per refill'.,NGN per refill,
cooking_gas_price_monthly,source_file,Name of the official file this row came from.,TEXT,NO,Filename of the ZIP or workbook in data/raw/.,Copied verbatim; never normalised.,Selected_Food_Report_May 26.zip,Provenance. Lets any value be traced to its official source.,
cooking_gas_price_monthly,source_member,"Name of the workbook inside the ZIP, if any.",TEXT,YES,ZIP member name.,Copied verbatim.,selected food table May 26.xlsx,NULL when the release is a loose workbook.,
cooking_gas_price_monthly,source_sheet,Worksheet the row came from.,TEXT,NO,Worksheet name.,"Copied verbatim, including known stale names.",Selected Food May 2026,"Stale sheet names are preserved here, not corrected.",
cooking_gas_price_monthly,source_row,1-based row number in the source sheet.,INTEGER,NO,Row position.,Recorded during parsing.,17,Not sufficient alone - see source_cell_reference.,
cooking_gas_price_monthly,source_column_index,1-based column number in the source sheet.,INTEGER,NO,Column position.,Recorded during parsing.,4,Required because TRANSPORT_COST_Watch_MAR_2025.xlsx has two columns with the identical header.,
cooking_gas_price_monthly,source_cell_reference,A1-style reference of the exact source cell.,TEXT,NO,Row + column.,"Derived from source_row and source_column_index, e.g. D17.",D2,"Every clean row cites exactly one cell. Unique per (file, member, sheet) EXCEPT in food_price_extreme_callout and cooking_gas_extreme_callout, where one tied cell such as 'Kebbi/Nasarawa (6500)' intentionally expands into one row per state and all rows cite that same cell.",
cooking_gas_price_monthly,release_month,The month the NBS release is titled for.,DATE,NO,Release title in source_inventory.csv.,First day of the release month.,2026-05-01,Part of the PRIMARY KEY on overlapping tables. Differs from observation_month: one release carries several observation months.,
cooking_gas_extreme_callout,observation_month,Month the callout refers to.,DATE,NO,STATE (callout only),Release month.,First day of the release month.,2026-04-01,
cooking_gas_extreme_callout,cylinder_size_kg,Cylinder size.,"DECIMAL(4,1)",NO,STATE (callout only),Block position.,"Left block 5 kg, right block 12.5 kg.",5.0,
cooking_gas_extreme_callout,extreme_type,Highest or lowest price block.,TEXT,NO,STATE (callout only),'STATES WITH THE HIGHEST/LOWEST AVERAGE PRICES' banner.,Set from the banner above the block.,LOWEST,
cooking_gas_extreme_callout,state,State named in the block.,TEXT,YES,STATE (callout only),Block rows.,Standardise against ref_state_zone. Split on '/' ONLY if every part resolves to a known state; otherwise raise.,Kebbi,Restricted rule - see cleaning_rulebook.md section 0.2.
cooking_gas_extreme_callout,rank_within_block,Position of the state within the printed highest/lowest list.,INTEGER,NO,STATE (callout only),Row order within the block.,Recorded as printed; tied states share a rank.,2,"The LPG extremes blocks list several ranked states, unlike food which lists one."
cooking_gas_extreme_callout,price_ngn,Price quoted against that state.,"DECIMAL(18,6)",YES,STATE (callout only),Block rows.,Cast. Never round.,18080.272,
cooking_gas_extreme_callout,is_shared_extreme,TRUE when the source cell named more than one state.,BOOLEAN,NO,STATE (callout only),Presence of '/'.,TRUE when split.,FALSE,
cooking_gas_extreme_callout,raw_callout_text,Original cell text.,TEXT,NO,STATE (callout only),Block row.,Verbatim.,Kebbi/Nasarawa,
cooking_gas_extreme_callout,source_file,Name of the official file this row came from.,TEXT,NO,Filename of the ZIP or workbook in data/raw/.,Copied verbatim; never normalised.,Selected_Food_Report_May 26.zip,Provenance. Lets any value be traced to its official source.,
cooking_gas_extreme_callout,source_member,"Name of the workbook inside the ZIP, if any.",TEXT,YES,ZIP member name.,Copied verbatim.,selected food table May 26.xlsx,NULL when the release is a loose workbook.,
cooking_gas_extreme_callout,source_sheet,Worksheet the row came from.,TEXT,NO,Worksheet name.,"Copied verbatim, including known stale names.",Selected Food May 2026,"Stale sheet names are preserved here, not corrected.",
cooking_gas_extreme_callout,source_row,1-based row number in the source sheet.,INTEGER,NO,Row position.,Recorded during parsing.,17,Not sufficient alone - see source_cell_reference.,
cooking_gas_extreme_callout,source_column_index,1-based column number in the source sheet.,INTEGER,NO,Column position.,Recorded during parsing.,4,Required because TRANSPORT_COST_Watch_MAR_2025.xlsx has two columns with the identical header.,
cooking_gas_extreme_callout,source_cell_reference,A1-style reference of the exact source cell.,TEXT,NO,Row + column.,"Derived from source_row and source_column_index, e.g. D17.",D2,"Every clean row cites exactly one cell. Unique per (file, member, sheet) EXCEPT in food_price_extreme_callout and cooking_gas_extreme_callout, where one tied cell such as 'Kebbi/Nasarawa (6500)' intentionally expands into one row per state and all rows cite that same cell.",
cooking_gas_extreme_callout,release_month,The month the NBS release is titled for.,DATE,NO,Release title in source_inventory.csv.,First day of the release month.,2026-05-01,Part of the PRIMARY KEY on overlapping tables. Differs from observation_month: one release carries several observation months.,
transport_fare_state_monthly,observation_month,Month the fare refers to.,DATE,NO,STATE,Release month of the workbook.,The 'State Transport' sheet has no period column; use the release month.,2026-05-01,This sheet publishes only the current month.
transport_fare_state_monthly,geography_name,"Standardised state name, or 'Nigeria' for the Grand Total row.",TEXT,NO,STATE / NATIONAL,'State' column.,Title-case and match ref_state_zone; 'Grand Total' becomes 'Nigeria'.,Nigeria,Part of the primary key.
transport_fare_state_monthly,geography_type,"STATE, or NATIONAL for the Grand Total row.",TEXT,NO,STATE / NATIONAL,Derived.,'Grand Total' -> NATIONAL; everything else -> STATE.,NATIONAL,Part of the primary key.
transport_fare_state_monthly,state,State the fare was collected in. NULL on the NATIONAL row.,TEXT,YES,STATE,'State' column.,"Trim, collapse spaces, title-case (source is UPPER CASE), match ref_state_zone.",Akwa Ibom,Transport prints states in upper case while petrol uses title case - both normalise to the same value.
transport_fare_state_monthly,zone,Zone the state belongs to. NULL on the NATIONAL row.,TEXT,YES,STATE,ref_state_zone lookup.,Reference lookup; NULL when geography_type = NATIONAL.,South South,
transport_fare_state_monthly,is_aggregate,TRUE for the Grand Total row.,BOOLEAN,NO,STATE / NATIONAL,Derived.,TRUE when the source label is 'Grand Total'.,FALSE,
transport_fare_state_monthly,transport_mode,Which fare this is.,TEXT,NO,STATE,Column header sentence.,Unpivot the five fare columns to rows. Map each long header to a short controlled code via a documented lookup; keep the original in transport_mode_raw.,BUS_INTERCITY,"Controlled vocabulary: AIR, BUS_INTERCITY, BUS_INTRACITY, OKADA, WATER."
transport_fare_state_monthly,transport_mode_raw,"The original column heading, verbatim.",TEXT,NO,STATE,Column header.,Copied verbatim.,"Bus journey intercity, state route, charg. per person",Headers vary in spacing and punctuation between months; the raw text is kept for audit.
transport_fare_state_monthly,fare_ngn,Typical fare in naira.,"DECIMAL(18,6)",YES,STATE,Cell value.,Cast to decimal. Never round.,8706.98,
transport_fare_state_monthly,source_file,Name of the official file this row came from.,TEXT,NO,Filename of the ZIP or workbook in data/raw/.,Copied verbatim; never normalised.,Selected_Food_Report_May 26.zip,Provenance. Lets any value be traced to its official source.,
transport_fare_state_monthly,source_member,"Name of the workbook inside the ZIP, if any.",TEXT,YES,ZIP member name.,Copied verbatim.,selected food table May 26.xlsx,NULL when the release is a loose workbook.,
transport_fare_state_monthly,source_sheet,Worksheet the row came from.,TEXT,NO,Worksheet name.,"Copied verbatim, including known stale names.",Selected Food May 2026,"Stale sheet names are preserved here, not corrected.",
transport_fare_state_monthly,source_row,1-based row number in the source sheet.,INTEGER,NO,Row position.,Recorded during parsing.,17,Not sufficient alone - see source_cell_reference.,
transport_fare_state_monthly,source_column_index,1-based column number in the source sheet.,INTEGER,NO,Column position.,Recorded during parsing.,4,Required because TRANSPORT_COST_Watch_MAR_2025.xlsx has two columns with the identical header.,
transport_fare_state_monthly,source_cell_reference,A1-style reference of the exact source cell.,TEXT,NO,Row + column.,"Derived from source_row and source_column_index, e.g. D17.",D2,"Every clean row cites exactly one cell. Unique per (file, member, sheet) EXCEPT in food_price_extreme_callout and cooking_gas_extreme_callout, where one tied cell such as 'Kebbi/Nasarawa (6500)' intentionally expands into one row per state and all rows cite that same cell.",
transport_fare_state_monthly,release_month,The month the NBS release is titled for.,DATE,NO,Release title in source_inventory.csv.,First day of the release month.,2026-05-01,Part of the PRIMARY KEY on overlapping tables. Differs from observation_month: one release carries several observation months.,
transport_fare_zone_monthly,observation_month,Month the fare refers to.,DATE,NO,ZONE / NATIONAL,Column header such as 'Average of Apr-25'.,Parse the month label; first day of month.,2025-04-01,March 2025 mislabels its current-month column - see cleaning_rulebook.md.
transport_fare_zone_monthly,source_period_label,"Original column heading, verbatim.",TEXT,NO,ZONE / NATIONAL,Column header.,"Verbatim, including the known March 2025 duplicate label.",Average of Mar-24,Preserving this is what makes the March 2025 correction auditable.
transport_fare_zone_monthly,transport_mode,Which fare this is.,TEXT,NO,ZONE / NATIONAL,The mode row that heads each block.,The sheet is five blocks: a mode row followed by its six zone rows. Forward-fill the mode down its block.,AIR,Without the forward-fill the zone rows have no mode at all.
transport_fare_zone_monthly,geography_name,"Zone name, or 'Nigeria' for the mode row.",TEXT,NO,ZONE / NATIONAL,First column.,Title-case zone names; the mode row becomes 'Nigeria'.,North East,
transport_fare_zone_monthly,geography_type,"ZONE for zone rows, NATIONAL for the mode row.",TEXT,NO,ZONE / NATIONAL,Derived.,Mode row -> NATIONAL; the six rows beneath -> ZONE.,ZONE,"The first column is headed 'Zone' but its first row in each block is a mode, not a zone."
transport_fare_zone_monthly,is_aggregate,TRUE for every row in this table.,BOOLEAN,NO,ZONE / NATIONAL,Derived.,Constant TRUE.,TRUE,Zone and national figures are both aggregates of state-level collection.
transport_fare_zone_monthly,fare_ngn,Average fare in naira.,"DECIMAL(18,6)",YES,ZONE / NATIONAL,Period value columns.,Unpivot the three period columns. Cast. Never round.,131080.97,
transport_fare_zone_monthly,source_file,Name of the official file this row came from.,TEXT,NO,Filename of the ZIP or workbook in data/raw/.,Copied verbatim; never normalised.,Selected_Food_Report_May 26.zip,Provenance. Lets any value be traced to its official source.,
transport_fare_zone_monthly,source_member,"Name of the workbook inside the ZIP, if any.",TEXT,YES,ZIP member name.,Copied verbatim.,selected food table May 26.xlsx,NULL when the release is a loose workbook.,
transport_fare_zone_monthly,source_sheet,Worksheet the row came from.,TEXT,NO,Worksheet name.,"Copied verbatim, including known stale names.",Selected Food May 2026,"Stale sheet names are preserved here, not corrected.",
transport_fare_zone_monthly,source_row,1-based row number in the source sheet.,INTEGER,NO,Row position.,Recorded during parsing.,17,Not sufficient alone - see source_cell_reference.,
transport_fare_zone_monthly,source_column_index,1-based column number in the source sheet.,INTEGER,NO,Column position.,Recorded during parsing.,4,Required because TRANSPORT_COST_Watch_MAR_2025.xlsx has two columns with the identical header.,
transport_fare_zone_monthly,source_cell_reference,A1-style reference of the exact source cell.,TEXT,NO,Row + column.,"Derived from source_row and source_column_index, e.g. D17.",D2,"Every clean row cites exactly one cell. Unique per (file, member, sheet) EXCEPT in food_price_extreme_callout and cooking_gas_extreme_callout, where one tied cell such as 'Kebbi/Nasarawa (6500)' intentionally expands into one row per state and all rows cite that same cell.",
transport_fare_zone_monthly,release_month,The month the NBS release is titled for.,DATE,NO,Release title in source_inventory.csv.,First day of the release month.,2026-05-01,Part of the PRIMARY KEY on overlapping tables. Differs from observation_month: one release carries several observation months.,
cpi_index_monthly,observation_month,Month the index value refers to.,DATE,NO,NATIONAL,Year column plus month column at the left of Table1-Table4.,Combine the year label (carried down) with the month label; set to first day of month.,2026-05-01,The year appears once and applies to the months beneath it - forward-fill required.
cpi_index_monthly,coverage,"Whether the index covers the whole country, urban areas or rural areas.",TEXT,NO,NATIONAL,Which table the row came from.,Table1/Table2 -> NATIONAL; Table3 -> URBAN; Table4 -> RURAL.,NATIONAL,"Controlled vocabulary: NATIONAL, URBAN, RURAL."
cpi_index_monthly,index_name,Which price index this is.,TEXT,NO,NATIONAL,"Column header, combined across the two header rows.",Concatenate the upper header (group) with the lower header (measure); trim newlines and repeated spaces.,All Items,"Header text contains embedded newlines, e.g. 'Core Index \n(All Items Less Farm Produce)'."
cpi_index_monthly,measure,What the number is: an index level or a change.,TEXT,NO,NATIONAL,Lower header row.,Map to a controlled value.,INDEX_MONTHLY,"Controlled vocabulary: INDEX_MONTHLY, INDEX_12M_AVERAGE, CHANGE_MOM_PCT, CHANGE_YOY_PCT, CHANGE_12M_AVG_PCT."
cpi_index_monthly,value,The index level or percentage change.,"DECIMAL(18,6)",YES,NATIONAL,Cell value.,Cast to decimal. Never round. Excel error strings become NULL and set value_status.,140.683787,
cpi_index_monthly,value_status,Whether the cell held a real number or a spreadsheet error.,TEXT,NO,NATIONAL,Cell contents.,'OK' for a number; 'SOURCE_ERROR_REF' for a #REF! cell; 'MISSING' for a blank.,OK,"69,411 #REF! cells exist, almost all confined to the 'Table1 (2)' rebasing sheet."
cpi_index_monthly,index_base,The base period the index is measured against.,TEXT,NO,NATIONAL,Table title line.,"Read from the title, e.g. 'Base: 2024 = 100'.",2024=100,Working sheets carry both a 1985 and a 2024 base; the base must travel with the value.
cpi_index_monthly,is_working_sheet,TRUE if the row came from a rebasing working sheet.,BOOLEAN,NO,NATIONAL,Sheet name.,TRUE when the sheet name contains '(2)' or '(3)'.,FALSE,Working sheets are excluded from analysis by default but retained for traceability.
cpi_index_monthly,source_file,Name of the official file this row came from.,TEXT,NO,Filename of the ZIP or workbook in data/raw/.,Copied verbatim; never normalised.,Selected_Food_Report_May 26.zip,Provenance. Lets any value be traced to its official source.,
cpi_index_monthly,source_member,"Name of the workbook inside the ZIP, if any.",TEXT,YES,ZIP member name.,Copied verbatim.,selected food table May 26.xlsx,NULL when the release is a loose workbook.,
cpi_index_monthly,source_sheet,Worksheet the row came from.,TEXT,NO,Worksheet name.,"Copied verbatim, including known stale names.",Selected Food May 2026,"Stale sheet names are preserved here, not corrected.",
cpi_index_monthly,source_row,1-based row number in the source sheet.,INTEGER,NO,Row position.,Recorded during parsing.,17,Not sufficient alone - see source_cell_reference.,
cpi_index_monthly,source_column_index,1-based column number in the source sheet.,INTEGER,NO,Column position.,Recorded during parsing.,4,Required because TRANSPORT_COST_Watch_MAR_2025.xlsx has two columns with the identical header.,
cpi_index_monthly,source_cell_reference,A1-style reference of the exact source cell.,TEXT,NO,Row + column.,"Derived from source_row and source_column_index, e.g. D17.",D2,"Every clean row cites exactly one cell. Unique per (file, member, sheet) EXCEPT in food_price_extreme_callout and cooking_gas_extreme_callout, where one tied cell such as 'Kebbi/Nasarawa (6500)' intentionally expands into one row per state and all rows cite that same cell.",
cpi_index_monthly,release_month,The month the NBS release is titled for.,DATE,NO,Release title in source_inventory.csv.,First day of the release month.,2026-05-01,Part of the PRIMARY KEY on overlapping tables. Differs from observation_month: one release carries several observation months.,
cpi_state_index_monthly,observation_month,Month the index value refers to.,DATE,NO,STATE,Period row above the Food / All Items headers in Table-5.,Read the period from the upper header row and forward-fill it across its pair of sub-columns.,2026-05-01,"Table-5 has a two-row header: period on one row, measure on the next."
cpi_state_index_monthly,state,State the index describes.,TEXT,NO,STATE,'State' column (position 2).,"Trim, title-case, match ref_state_zone.",Abia,
cpi_state_index_monthly,zone,Zone the state belongs to.,TEXT,NO,STATE,ref_state_zone lookup.,Reference lookup.,South East,
cpi_state_index_monthly,index_name,Which index: Food or All Items.,TEXT,NO,STATE,Lower header row.,Take the sub-column header.,All Items,"Controlled vocabulary: FOOD, ALL_ITEMS."
cpi_state_index_monthly,measure,"Index level, annual change or monthly change.",TEXT,NO,STATE,Which column group the value came from.,"Map the three groups to INDEX_LEVEL, CHANGE_YOY_PCT, CHANGE_MOM_PCT.",INDEX_LEVEL,
cpi_state_index_monthly,value,The index level or percentage change.,"DECIMAL(18,6)",YES,STATE,Cell value.,Cast. Never round.,146.511246,
cpi_state_index_monthly,index_base,Base period.,TEXT,NO,STATE,Table title.,Read from the title.,2024=100,
cpi_state_index_monthly,comparability_rule,Machine-readable warning carried with every row.,TEXT,NO,STATE,NBS note printed beneath Table-5.,Constant 'LEVEL_NOT_COMPARABLE_ACROSS_STATES' on every row.,LEVEL_NOT_COMPARABLE_ACROSS_STATES,NBS: indices may not be used for inter-state price comparison because market baskets differ state to state. The flag travels into SQL and BI so the limitation cannot be lost.
cpi_state_index_monthly,source_file,Name of the official file this row came from.,TEXT,NO,Filename of the ZIP or workbook in data/raw/.,Copied verbatim; never normalised.,Selected_Food_Report_May 26.zip,Provenance. Lets any value be traced to its official source.,
cpi_state_index_monthly,source_member,"Name of the workbook inside the ZIP, if any.",TEXT,YES,ZIP member name.,Copied verbatim.,selected food table May 26.xlsx,NULL when the release is a loose workbook.,
cpi_state_index_monthly,source_sheet,Worksheet the row came from.,TEXT,NO,Worksheet name.,"Copied verbatim, including known stale names.",Selected Food May 2026,"Stale sheet names are preserved here, not corrected.",
cpi_state_index_monthly,source_row,1-based row number in the source sheet.,INTEGER,NO,Row position.,Recorded during parsing.,17,Not sufficient alone - see source_cell_reference.,
cpi_state_index_monthly,source_column_index,1-based column number in the source sheet.,INTEGER,NO,Column position.,Recorded during parsing.,4,Required because TRANSPORT_COST_Watch_MAR_2025.xlsx has two columns with the identical header.,
cpi_state_index_monthly,source_cell_reference,A1-style reference of the exact source cell.,TEXT,NO,Row + column.,"Derived from source_row and source_column_index, e.g. D17.",D2,"Every clean row cites exactly one cell. Unique per (file, member, sheet) EXCEPT in food_price_extreme_callout and cooking_gas_extreme_callout, where one tied cell such as 'Kebbi/Nasarawa (6500)' intentionally expands into one row per state and all rows cite that same cell.",
cpi_state_index_monthly,release_month,The month the NBS release is titled for.,DATE,NO,Release title in source_inventory.csv.,First day of the release month.,2026-05-01,Part of the PRIMARY KEY on overlapping tables. Differs from observation_month: one release carries several observation months.,
fx_nfem_daily,observation_date,The trading day the rates refer to.,DATE,NO,NATIONAL,'ratedate'.,Parse the text 'Month-DD-YYYY' to a real date.,2026-09-11,"NOT the primary key. Unique among record_status = 'ACTIVE' rows only (419 of 425 in-window rows in the 2026-09-13 snapshot), so duplicate and conflicting records can be retained physically. The ACTIVE count always equals the number of distinct in-window dates; the figures here are regression expectations for this snapshot, not fixed design values."
fx_nfem_daily,source_date_label,The date exactly as CBN returned it.,TEXT,NO,NATIONAL,'ratedate'.,Verbatim.,January-02-2025,
fx_nfem_daily,nfem_rate_ngn_per_usd,Official daily rate: the volume-weighted average.,"DECIMAL(18,6)",NO,NATIONAL,'weightedAvgRate'.,Cast string to decimal. Never round.,1541.3611,CBN states this is the official exchange rate for the day.
fx_nfem_daily,highest_rate_ngn_per_usd,Highest rate traded that day.,"DECIMAL(18,6)",NO,NATIONAL,'highestrate'.,Cast. Never round.,1545.0000,
fx_nfem_daily,lowest_rate_ngn_per_usd,Lowest rate traded that day.,"DECIMAL(18,6)",NO,NATIONAL,'lowestrate'.,Cast. Never round.,1538.0000,
fx_nfem_daily,closing_rate_ngn_per_usd,Rate at close of trading.,"DECIMAL(18,6)",NO,NATIONAL,'closingrate'.,Cast. Never round.,1538.5000,
fx_nfem_daily,simple_avg_rate_ngn_per_usd,Unweighted mean of the day's rates.,"DECIMAL(18,6)",NO,NATIONAL,'simpleAvgRate'.,Cast. Never round.,1540.6500,
fx_nfem_daily,interbank_turnover_usd,"Value traded on the interbank window, in US dollars.","DECIMAL(20,4)",YES,NATIONAL,'interBank_Total_Turnover'.,Cast where present. Leave NULL where absent - never substitute zero.,148848812.4800,Absent in 300 of 425 in-window rows (2026-09-13 snapshot).
fx_nfem_daily,interbank_deal_count,Number of interbank deals.,INTEGER,YES,NATIONAL,'noOfDeals_InterBank'.,Cast where present; NULL where absent.,107,Absent in 300 of 425 in-window rows (2026-09-13 snapshot).
fx_nfem_daily,nfem_turnover_usd,Total NFEM turnover in US dollars.,"DECIMAL(20,4)",YES,NATIONAL,'nfeM_Total_Turnover'.,Cast where present; NULL where absent.,1076257855.9300,
fx_nfem_daily,nfem_deal_count,Number of NFEM deals.,INTEGER,YES,NATIONAL,'noOfDeals'.,Cast the literal value. A published 0 stays 0 and is NOT converted to NULL.,0,"298 rows carry a literal zero in the 2026-09-13 snapshot. Zero is a reported count, blank is an absent one - they must stay distinct."
fx_nfem_daily,source_id,CBN's own record identifier. PRIMARY KEY of this table.,INTEGER,NO,NATIONAL,'id'.,Copied verbatim.,43,"The key is source_id, NOT observation_date - that is what allows conflicting same-date records to be stored. All 425 in-window records are physically retained; none is deleted. Validation compares the full set of in-window raw source_id values against the clean set in both directions."
fx_nfem_daily,record_status,"Whether this record is the one to use, an exact duplicate, or a conflict.",TEXT,NO,NATIONAL,Derived by comparing records that share a date.,"ACTIVE = the record to use. EXACT_DUPLICATE = identical to another except id (lower id stays ACTIVE). DATE_CONFLICT = shares a date but differs in value; ALL colliding records get this status, none is promoted.",ACTIVE,"Records are MARKED, never deleted. In-window (2026-09-13 snapshot): 425 physical rows = 419 ACTIVE + 6 EXACT_DUPLICATE + 0 DATE_CONFLICT. Analytical queries filter record_status = 'ACTIVE' (419 observations). observation_date is unique among ACTIVE rows only. A DATE_CONFLICT raises for human review and is never auto-resolved. Structurally: ACTIVE = distinct in-window dates, EXACT_DUPLICATE = records - dates."
fx_nfem_daily,duplicate_of_source_id,"The source_id this record exactly duplicates, if any.",INTEGER,YES,NATIONAL,Derived.,Set only when record_status = 'EXACT_DUPLICATE'; points at the retained ACTIVE row.,43,"Six such records exist, all identical apart from id. They stay physically in the table, excluded from analysis by record_status."
fx_nfem_daily,geography_type,Level of geography.,TEXT,NO,NATIONAL,Implied.,Constant 'NATIONAL'.,NATIONAL,A single national market rate. Never apportioned to states.
fx_nfem_daily,source_file,The raw API snapshot this row came from.,TEXT,NO,NATIONAL,Filename.,Verbatim.,cbn_api_GetAllNFEM_Rates_snapshot_20260913T120305Z.json,The raw JSON is the source of record; the extracted CSV is a derivative only.
electricity_tariff_disco_monthly (DESIGN ONLY - NOT BUILT),disco,Distribution company the order applies to.,TEXT,NO,DISCO,nerc_myto_coverage.csv 'disco'.,Taken from the verified acquisition inventory.,IKEJA,"12 DisCos appear in the window, including APLE (Aba Power)."
electricity_tariff_disco_monthly (DESIGN ONLY - NOT BUILT),effective_month,Month the tariff takes effect.,DATE,NO,DISCO,Order title and commencement clause.,"Use the effective month from the order title, not the website publication date.",2025-07-01,66 orders were published after their effective month.
electricity_tariff_disco_monthly (DESIGN ONLY - NOT BUILT),order_identifier,NERC's own reference for the order.,TEXT,YES,DISCO,"Page 1, e.g. 'ORDER/NERC/2025/064'.",Extracted from page 1 text.,ORDER/NERC/2025/064,Known OCR risk: one file renders this as 'ORDER/NERC/2025/o03' (letter o for zero).
electricity_tariff_disco_monthly (DESIGN ONLY - NOT BUILT),customer_class,Customer category the tariff applies to.,TEXT,YES,DISCO,Approved tariff table and Appendix 1.,Extracted from the tariff table.,R2,"Observed classes include R1, R2, C1, D1, A1, MD1, MD2."
electricity_tariff_disco_monthly (DESIGN ONLY - NOT BUILT),service_band,"Service band, reflecting guaranteed daily supply hours.",TEXT,YES,DISCO,Approved tariff table.,Extracted from the tariff table.,A,Bands A-E.
electricity_tariff_disco_monthly (DESIGN ONLY - NOT BUILT),tariff_ngn_per_kwh,Approved end-user tariff.,"DECIMAL(18,4)",YES,DISCO,'Table 2 - Approved Allowed Tariffs'.,Extracted. Never rounded.,225.0000,
electricity_tariff_disco_monthly (DESIGN ONLY - NOT BUILT),unit,Unit of measure.,TEXT,NO,DISCO,Table heading.,Constant 'NGN per kWh'.,NGN per kWh,
electricity_tariff_disco_monthly (DESIGN ONLY - NOT BUILT),source_page,Page of the PDF the value was read from.,INTEGER,NO,DISCO,Parser output.,Recorded during extraction.,4,Tariff tables sit on page 3 or 4 in the sampled orders.
electricity_tariff_disco_monthly (DESIGN ONLY - NOT BUILT),extraction_method,How the value was obtained.,TEXT,NO,DISCO,Parser output.,'TEXT_LAYER' for the 39 digital PDFs; 'OCR' for the 134 scans.,OCR,134 of 173 orders have no text layer.
electricity_tariff_disco_monthly (DESIGN ONLY - NOT BUILT),ocr_confidence,Engine confidence for the recognised value.,"DECIMAL(5,4)",YES,DISCO,OCR engine.,Recorded where extraction_method = 'OCR'; NULL otherwise.,0.9820,Confidence is triage for review order only. It never exempts a value from validation.
electricity_tariff_disco_monthly (DESIGN ONLY - NOT BUILT),validation_status,Whether a human has confirmed the number against the original page.,TEXT,NO,DISCO,Validation workflow.,'UNVALIDATED' on extraction; 'VALIDATED' only after a person compares THAT INDIVIDUAL VALUE with the source page; 'REJECTED' on mismatch.,UNVALIDATED,"100% human validation - every value, not a sample. Sampling was considered and rejected: an OCR digit error is a well-formed number that passes every automated check. The analysis view filters on VALIDATED."
electricity_tariff_disco_monthly (DESIGN ONLY - NOT BUILT),source_file,The official PDF.,TEXT,NO,DISCO,Filename.,Verbatim.,IE_July_2025_064.pdf,
electricity_tariff_disco_monthly (DESIGN ONLY - NOT BUILT),state,Deliberately absent.,TEXT,n/a,NOT APPLICABLE,None.,NOT DERIVED. DisCo licence areas do not map one-to-one to states.,(no value),Any future DisCo-to-state mapping must be a separately documented and verified reference table.
ref_state_zone (reference table - LOOKUP),alias_normalised,"Lookup key: the label trimmed, internal whitespace collapsed, casefolded. PRIMARY KEY - UNIQUE.",TEXT,NO,STATE,Derived from every observed raw spelling.,"Trim, collapse internal whitespace, casefold.",akwa ibom,"EXACTLY ONE ROW PER KEY. 39 rows, 39 unique keys, 37 canonical entities. A join on this key can never return more than one row, so it can never multiply a source observation."
ref_state_zone (reference table - LOOKUP),state,Canonical state name.,TEXT,NO,STATE,Authored reference list.,36 states plus Abuja.,Akwa Ibom,Many keys may share a state (abuja/fct -> Abuja; nasarawa/nassarawa -> Nasarawa). No key may resolve to two states.
ref_state_zone (reference table - LOOKUP),zone,Geopolitical zone the state belongs to.,TEXT,NO,STATE,Harvested from the NBS zone-grouped blocks in diesel and LPG.,One of the six controlled values.,South South,"Read from the source grouping, not asserted: 7/6/7/5/6/6 = 37."
ref_state_zone (reference table - LOOKUP),observed_aliases,"Every raw spelling seen in the data behind this key, pipe-separated.",TEXT,YES,STATE,Harvested raw labels.,"Preserved verbatim; display only, not a key.",AKWA IBOM | Akwa Ibom,Provenance without duplicating the lookup key.
ref_state_zone (reference table - LOOKUP),alias_variant_count,How many raw spellings collapse into this key.,INTEGER,NO,STATE,Derived.,Count of distinct observed_aliases.,2,
ref_state_zone (reference table - LOOKUP),alias_source,Whether the key was observed in the data or required by the design.,TEXT,NO,STATE,Derived.,'observed' if any raw spelling was seen; 'canonical_only' if only the canonical name; 'design_not_observed' for design-mandated keys absent from the data.,observed,Only 'fct' is design_not_observed - FCT appears nowhere in the sources.
ref_state_zone (reference table - LOOKUP),observed_in,Which datasets the raw spellings came from.,TEXT,YES,STATE,Harvest provenance.,Comma-separated dataset names.,"cooking_gas,cpi,diesel,petrol",
ref_state_alias_observed (reference table - PROVENANCE),alias_raw,One raw spelling exactly as it appears in a source file.,TEXT,NO,STATE,Harvested from the raw files.,Copied verbatim; never edited.,NASSARAWA,"77 rows, one per distinct raw spelling. This table may have many rows per state - it is NOT a join key."
ref_state_alias_observed (reference table - PROVENANCE),alias_normalised,The lookup key this spelling resolves to.,TEXT,NO,STATE,Derived from alias_raw.,"Trim, collapse whitespace, casefold.",nassarawa,Foreign key into ref_state_zone.alias_normalised.
ref_state_alias_observed (reference table - PROVENANCE),state,Canonical state name.,TEXT,NO,STATE,Resolved via the lookup.,Reference lookup.,Nasarawa,
ref_state_alias_observed (reference table - PROVENANCE),zone,Geopolitical zone.,TEXT,NO,STATE,Resolved via the lookup.,Reference lookup.,North Central,
ref_state_alias_observed (reference table - PROVENANCE),alias_source,observed / canonical_only / design_not_observed.,TEXT,NO,STATE,Derived.,As for the lookup table.,observed,
ref_state_alias_observed (reference table - PROVENANCE),observed_in,Datasets this exact spelling was seen in.,TEXT,YES,STATE,Harvest provenance.,Comma-separated.,"cpi,diesel,petrol","'Nassarawa' (double-s) appears in CPI, diesel and petrol - found by harvesting, not assumed."
ref_transport_mode (reference table),transport_mode,Canonical transport mode code.,TEXT,NO,n/a,Authored.,"One of AIR, BUS_INTERCITY, BUS_INTRACITY, OKADA, WATER.",WATER,Five controlled values.
ref_transport_mode (reference table),raw_label,Column heading exactly as NBS published it.,TEXT,NO,n/a,Transport Fare Watch column headers.,Copied verbatim.,Water transport : water way passenger  transportat,"NBS truncates these headers at exactly 50 characters, cutting mid-word. Both the truncated and full forms occur."
ref_transport_mode (reference table),normalised_label,Matching form of raw_label.,TEXT,NO,n/a,Derived.,"Trim, collapse internal whitespace, casefold.",water transport : water way passenger transportat,
ref_transport_mode (reference table),match_prefix,Distinctive prefix used to map a label to its mode.,TEXT,NO,n/a,Authored from the observed text.,Prefix match on normalised_label. Validated so no prefix matches two modes and no prefix is a prefix of another.,water transport,
ref_transport_mode (reference table),observed_in,Files and sheets the label was seen in.,TEXT,YES,n/a,Harvest provenance.,Semicolon-separated.,TRANSPORT_COST_Watch_APR_2025/State Transport,
