release_month,observation_month,cylinder_size_kg,extreme_type,rank_within_block,state,zone,price_ngn,is_shared_extreme,raw_callout_text,tie_member_count,source_file,source_member,source_sheet,source_row,source_column_index,source_cell_reference
2025-01-01,2025-01-01,5.0,HIGHEST,1,Taraba,North East,8120,FALSE,Taraba,1,GAS_PRICE_WATCH_JAN_2025.xlsx,,LPG JAN 2025,50,2,B50
2025-01-01,2025-01-01,5.0,HIGHEST,2,Yobe,North East,7760,FALSE,Yobe,1,GAS_PRICE_WATCH_JAN_2025.xlsx,,LPG JAN 2025,51,2,B51
2025-01-01,2025-01-01,5.0,HIGHEST,3,Plateau,North Central,7596.7970749999995,FALSE,Plateau,1,GAS_PRICE_WATCH_JAN_2025.xlsx,,LPG JAN 2025,52,2,B52
2025-01-01,2025-01-01,5.0,LOWEST,1,Kebbi,North West,6397.5,FALSE,Kebbi,1,GAS_PRICE_WATCH_JAN_2025.xlsx,,LPG JAN 2025,55,2,B55
2025-01-01,2025-01-01,5.0,LOWEST,2,Ondo,South West,6593.666666666681,FALSE,Ondo,1,GAS_PRICE_WATCH_JAN_2025.xlsx,,LPG JAN 2025,56,2,B56
2025-01-01,2025-01-01,5.0,LOWEST,3,Delta,South South,6616,FALSE,Delta,1,GAS_PRICE_WATCH_JAN_2025.xlsx,,LPG JAN 2025,57,2,B57
2025-01-01,2025-01-01,12.5,HIGHEST,1,Yobe,North East,19400,FALSE,Yobe,1,GAS_PRICE_WATCH_JAN_2025.xlsx,,LPG JAN 2025,50,10,J50
2025-01-01,2025-01-01,12.5,HIGHEST,2,Plateau,North Central,18991.9926875,FALSE,Plateau,1,GAS_PRICE_WATCH_JAN_2025.xlsx,,LPG JAN 2025,51,10,J51
2025-01-01,2025-01-01,12.5,HIGHEST,3,Rivers,South South,18761.1111111111,FALSE,Rivers,1,GAS_PRICE_WATCH_JAN_2025.xlsx,,LPG JAN 2025,52,10,J52
2025-01-01,2025-01-01,12.5,LOWEST,1,Nasarawa,North Central,15880,FALSE,Nasarawa,1,GAS_PRICE_WATCH_JAN_2025.xlsx,,LPG JAN 2025,55,10,J55
2025-01-01,2025-01-01,12.5,LOWEST,2,Kebbi,North West,15993.75,FALSE,Kebbi,1,GAS_PRICE_WATCH_JAN_2025.xlsx,,LPG JAN 2025,56,10,J56
2025-01-01,2025-01-01,12.5,LOWEST,3,Lagos,South West,16166.666666666666,FALSE,Lagos,1,GAS_PRICE_WATCH_JAN_2025.xlsx,,LPG JAN 2025,57,10,J57
2025-02-01,2025-02-01,5.0,HIGHEST,1,Taraba,North East,8250,FALSE,Taraba,1,GAS_PRICE_WATCH_FEB_2025.xlsx,,LPG FEB 2025,50,2,B50
2025-02-01,2025-02-01,5.0,HIGHEST,2,Yobe,North East,7800,FALSE,Yobe,1,GAS_PRICE_WATCH_FEB_2025.xlsx,,LPG FEB 2025,51,2,B51
2025-02-01,2025-02-01,5.0,HIGHEST,3,Lagos,South West,7630,FALSE,Lagos,1,GAS_PRICE_WATCH_FEB_2025.xlsx,,LPG FEB 2025,52,2,B52
2025-02-01,2025-02-01,5.0,LOWEST,1,Kebbi,North West,6500,FALSE,Kebbi,1,GAS_PRICE_WATCH_FEB_2025.xlsx,,LPG FEB 2025,55,2,B55
2025-02-01,2025-02-01,5.0,LOWEST,2,Niger,North Central,6580,FALSE,Niger,1,GAS_PRICE_WATCH_FEB_2025.xlsx,,LPG FEB 2025,56,2,B56
2025-02-01,2025-02-01,5.0,LOWEST,3,Zamfara,North West,6600,FALSE,Zamfara,1,GAS_PRICE_WATCH_FEB_2025.xlsx,,LPG FEB 2025,57,2,B57
2025-02-01,2025-02-01,12.5,HIGHEST,1,Yobe,North East,19000,FALSE,Yobe,1,GAS_PRICE_WATCH_FEB_2025.xlsx,,LPG FEB 2025,50,10,J50
2025-02-01,2025-02-01,12.5,HIGHEST,2,Rivers,South South,18861.1111111111,FALSE,Rivers,1,GAS_PRICE_WATCH_FEB_2025.xlsx,,LPG FEB 2025,51,10,J51
2025-02-01,2025-02-01,12.5,HIGHEST,3,Anambra,South East,18751.875,FALSE,Anambra,1,GAS_PRICE_WATCH_FEB_2025.xlsx,,LPG FEB 2025,52,10,J52
2025-02-01,2025-02-01,12.5,LOWEST,1,Lagos,South West,15750,FALSE,Lagos,1,GAS_PRICE_WATCH_FEB_2025.xlsx,,LPG FEB 2025,55,10,J55
2025-02-01,2025-02-01,12.5,LOWEST,2,Kebbi,North West,16250,TRUE,Kebbi/Nasarawa,2,GAS_PRICE_WATCH_FEB_2025.xlsx,,LPG FEB 2025,56,10,J56
2025-02-01,2025-02-01,12.5,LOWEST,2,Nasarawa,North Central,16250,TRUE,Kebbi/Nasarawa,2,GAS_PRICE_WATCH_FEB_2025.xlsx,,LPG FEB 2025,56,10,J56
2025-02-01,2025-02-01,12.5,LOWEST,3,Abia,South East,16299.863175,FALSE,Abia,1,GAS_PRICE_WATCH_FEB_2025.xlsx,,LPG FEB 2025,57,10,J57
2025-03-01,2025-03-01,5.0,HIGHEST,1,Sokoto,North West,8157.380000000001,FALSE,Sokoto,1,GAS_PRICE_WATCH_MARCH_2025.xlsx,,LPG MAR 2025,50,2,B50
2025-03-01,2025-03-01,5.0,HIGHEST,2,Rivers,South South,8085.9177777778,FALSE,Rivers,1,GAS_PRICE_WATCH_MARCH_2025.xlsx,,LPG MAR 2025,51,2,B51
2025-03-01,2025-03-01,5.0,HIGHEST,3,Taraba,North East,8056.75,FALSE,Taraba,1,GAS_PRICE_WATCH_MARCH_2025.xlsx,,LPG MAR 2025,52,2,B52
2025-03-01,2025-03-01,5.0,LOWEST,1,Kebbi,North West,6336.280000000001,FALSE,Kebbi,1,GAS_PRICE_WATCH_MARCH_2025.xlsx,,LPG MAR 2025,55,2,B55
2025-03-01,2025-03-01,5.0,LOWEST,2,Oyo,South West,6684.30857142856,FALSE,Oyo,1,GAS_PRICE_WATCH_MARCH_2025.xlsx,,LPG MAR 2025,56,2,B56
2025-03-01,2025-03-01,5.0,LOWEST,3,Kwara,North Central,6728.088,FALSE,Kwara,1,GAS_PRICE_WATCH_MARCH_2025.xlsx,,LPG MAR 2025,57,2,B57
2025-03-01,2025-03-01,12.5,HIGHEST,1,Rivers,South South,20964.7944444445,FALSE,Rivers,1,GAS_PRICE_WATCH_MARCH_2025.xlsx,,LPG MAR 2025,50,10,J50
2025-03-01,2025-03-01,12.5,HIGHEST,2,Cross River,South South,20934.225,FALSE,Cross River,1,GAS_PRICE_WATCH_MARCH_2025.xlsx,,LPG MAR 2025,51,10,J51
2025-03-01,2025-03-01,12.5,HIGHEST,3,Akwa Ibom,South South,20623.8,FALSE,Akwa Ibom,1,GAS_PRICE_WATCH_MARCH_2025.xlsx,,LPG MAR 2025,52,10,J52
2025-03-01,2025-03-01,12.5,LOWEST,1,Nasarawa,North Central,15661.3042862968,FALSE,Nasarawa,1,GAS_PRICE_WATCH_MARCH_2025.xlsx,,LPG MAR 2025,55,10,J55
2025-03-01,2025-03-01,12.5,LOWEST,2,Kebbi,North West,15840.7,FALSE,Kebbi,1,GAS_PRICE_WATCH_MARCH_2025.xlsx,,LPG MAR 2025,56,10,J56
2025-03-01,2025-03-01,12.5,LOWEST,3,Oyo,South West,16710.7714285714,FALSE,Oyo,1,GAS_PRICE_WATCH_MARCH_2025.xlsx,,LPG MAR 2025,57,10,J57
2025-04-01,2025-04-01,5.0,HIGHEST,1,Rivers,South South,9103.8243,FALSE,Rivers,1,GAS_PRICE_WATCH_APRIL_2025.xlsx,,LPG APR 2025,51,2,B51
2025-04-01,2025-04-01,5.0,HIGHEST,2,Ebonyi,South East,8867.23582584,FALSE,Ebonyi,1,GAS_PRICE_WATCH_APRIL_2025.xlsx,,LPG APR 2025,52,2,B52
2025-04-01,2025-04-01,5.0,HIGHEST,3,Akwa Ibom,South South,8655.593700000001,FALSE,Akwa Ibom,1,GAS_PRICE_WATCH_APRIL_2025.xlsx,,LPG APR 2025,53,2,B53
2025-04-01,2025-04-01,5.0,LOWEST,1,Niger,North Central,7006.14595354856,FALSE,Niger,1,GAS_PRICE_WATCH_APRIL_2025.xlsx,,LPG APR 2025,56,2,B56
2025-04-01,2025-04-01,5.0,LOWEST,2,Plateau,North Central,7014.86719299856,FALSE,Plateau,1,GAS_PRICE_WATCH_APRIL_2025.xlsx,,LPG APR 2025,57,2,B57
2025-04-01,2025-04-01,5.0,LOWEST,3,Kebbi,North West,7032.1088,FALSE,Kebbi,1,GAS_PRICE_WATCH_APRIL_2025.xlsx,,LPG APR 2025,58,2,B58
2025-04-01,2025-04-01,12.5,HIGHEST,1,Imo,South East,22938.7339333333,FALSE,Imo,1,GAS_PRICE_WATCH_APRIL_2025.xlsx,,LPG APR 2025,51,10,J51
2025-04-01,2025-04-01,12.5,HIGHEST,2,Delta,South South,22831.7013333333,FALSE,Delta,1,GAS_PRICE_WATCH_APRIL_2025.xlsx,,LPG APR 2025,52,10,J52
2025-04-01,2025-04-01,12.5,HIGHEST,3,Rivers,South South,22759.56075,FALSE,Rivers,1,GAS_PRICE_WATCH_APRIL_2025.xlsx,,LPG APR 2025,53,10,J53
2025-04-01,2025-04-01,12.5,LOWEST,1,Kebbi,North West,18080.272,FALSE,Kebbi,1,GAS_PRICE_WATCH_APRIL_2025.xlsx,,LPG APR 2025,56,10,J56
2025-04-01,2025-04-01,12.5,LOWEST,2,Nasarawa,North Central,18106.846826214,FALSE,Nasarawa,1,GAS_PRICE_WATCH_APRIL_2025.xlsx,,LPG APR 2025,57,10,J57
2025-04-01,2025-04-01,12.5,LOWEST,3,Kwara,North Central,18173.673210055,FALSE,Kwara,1,GAS_PRICE_WATCH_APRIL_2025.xlsx,,LPG APR 2025,58,10,J58
2025-05-01,2025-05-01,5.0,HIGHEST,1,Abia,South East,9181.20364828692,FALSE,Abia,1,GAS_PRICE_WATCH_May_2025.xlsx,,LPG MAY 2025,50,2,B50
2025-05-01,2025-05-01,5.0,HIGHEST,2,Ebonyi,South East,9177.321199716,FALSE,Ebonyi,1,GAS_PRICE_WATCH_May_2025.xlsx,,LPG MAY 2025,51,2,B51
2025-05-01,2025-05-01,5.0,HIGHEST,3,Rivers,South South,9174.397944999999,FALSE,Rivers,1,GAS_PRICE_WATCH_May_2025.xlsx,,LPG MAY 2025,52,2,B52
2025-05-01,2025-05-01,5.0,LOWEST,1,Oyo,South West,7116.49073428572,FALSE,Oyo,1,GAS_PRICE_WATCH_May_2025.xlsx,,LPG MAY 2025,55,2,B55
2025-05-01,2025-05-01,5.0,LOWEST,2,Niger,North Central,7142.06784658084,FALSE,Niger,1,GAS_PRICE_WATCH_May_2025.xlsx,,LPG MAY 2025,56,2,B56
2025-05-01,2025-05-01,5.0,LOWEST,3,Plateau,North Central,7177.09727194836,FALSE,Plateau,1,GAS_PRICE_WATCH_May_2025.xlsx,,LPG MAY 2025,57,2,B57
2025-05-01,2025-05-01,12.5,HIGHEST,1,Delta,South South,23356.4565333333,FALSE,Delta,1,GAS_PRICE_WATCH_May_2025.xlsx,,LPG MAY 2025,50,10,J50
2025-05-01,2025-05-01,12.5,HIGHEST,2,Abia,South East,22953.0091207173,FALSE,Abia,1,GAS_PRICE_WATCH_May_2025.xlsx,,LPG MAY 2025,51,10,J51
2025-05-01,2025-05-01,12.5,HIGHEST,3,Ebonyi,South East,22943.30299929,FALSE,Ebonyi,1,GAS_PRICE_WATCH_May_2025.xlsx,,LPG MAY 2025,52,10,J52
2025-05-01,2025-05-01,12.5,LOWEST,1,Yobe,North East,18500,FALSE,Yobe,1,GAS_PRICE_WATCH_May_2025.xlsx,,LPG MAY 2025,55,10,J55
2025-05-01,2025-05-01,12.5,LOWEST,2,Lagos,South West,18535.9954666667,FALSE,Lagos,1,GAS_PRICE_WATCH_May_2025.xlsx,,LPG MAY 2025,56,10,J56
2025-05-01,2025-05-01,12.5,LOWEST,3,Kebbi,North West,18606.5985142857,FALSE,Kebbi,1,GAS_PRICE_WATCH_May_2025.xlsx,,LPG MAY 2025,57,10,J57
2025-06-01,2025-06-01,5.0,HIGHEST,1,Delta,South South,9243.3766144,FALSE,Delta,1,GAS_PRIC_WATCH_JUNE_2025.xlsx,,LPG JUNE 2025,50,2,B50
2025-06-01,2025-06-01,5.0,HIGHEST,2,Cross River,South South,9193.1564012,FALSE,Cross River,1,GAS_PRIC_WATCH_JUNE_2025.xlsx,,LPG JUNE 2025,51,2,B51
2025-06-01,2025-06-01,5.0,HIGHEST,3,Rivers,South South,9188.50947235,FALSE,Rivers,1,GAS_PRIC_WATCH_JUNE_2025.xlsx,,LPG JUNE 2025,52,2,B52
2025-06-01,2025-06-01,5.0,LOWEST,1,Oyo,South West,7100,FALSE,Oyo,1,GAS_PRIC_WATCH_JUNE_2025.xlsx,,LPG JUNE 2025,55,2,B55
2025-06-01,2025-06-01,5.0,LOWEST,2,Plateau,North Central,7200,FALSE,Plateau,1,GAS_PRIC_WATCH_JUNE_2025.xlsx,,LPG JUNE 2025,56,2,B56
2025-06-01,2025-06-01,5.0,LOWEST,3,Yobe,North East,7600,FALSE,Yobe,1,GAS_PRIC_WATCH_JUNE_2025.xlsx,,LPG JUNE 2025,57,2,B57
2025-06-01,2025-06-01,12.5,HIGHEST,1,Delta,South South,23108.441536,FALSE,Delta,1,GAS_PRIC_WATCH_JUNE_2025.xlsx,,LPG JUNE 2025,50,10,J50
2025-06-01,2025-06-01,12.5,HIGHEST,2,Cross River,South South,22982.891003,FALSE,Cross River,1,GAS_PRIC_WATCH_JUNE_2025.xlsx,,LPG JUNE 2025,51,10,J51
2025-06-01,2025-06-01,12.5,HIGHEST,3,Rivers,South South,22971.273680875,FALSE,Rivers,1,GAS_PRIC_WATCH_JUNE_2025.xlsx,,LPG JUNE 2025,52,10,J52
2025-06-01,2025-06-01,12.5,LOWEST,1,Yobe,North East,19000,FALSE,Yobe,1,GAS_PRIC_WATCH_JUNE_2025.xlsx,,LPG JUNE 2025,55,10,J55
2025-06-01,2025-06-01,12.5,LOWEST,2,Niger,North Central,19242.4787744278,FALSE,Niger,1,GAS_PRIC_WATCH_JUNE_2025.xlsx,,LPG JUNE 2025,56,10,J56
2025-06-01,2025-06-01,12.5,LOWEST,3,Jigawa,North West,20025.9409173611,FALSE,Jigawa,1,GAS_PRIC_WATCH_JUNE_2025.xlsx,,LPG JUNE 2025,57,10,J57
2025-07-01,2025-07-01,5.0,HIGHEST,1,Adamawa,North East,9011.35651739332,FALSE,Adamawa,1,LPG_July_2025.zip,GAS_PRICE_WATCH_JULY_2025.xlsx,LPG_JULY_2025,50,2,B50
2025-07-01,2025-07-01,5.0,HIGHEST,2,Rivers,South South,9004.997973932,FALSE,Rivers,1,LPG_July_2025.zip,GAS_PRICE_WATCH_JULY_2025.xlsx,LPG_JULY_2025,51,2,B51
2025-07-01,2025-07-01,5.0,HIGHEST,3,Taraba,North East,8945.42937981252,FALSE,Taraba,1,LPG_July_2025.zip,GAS_PRICE_WATCH_JULY_2025.xlsx,LPG_JULY_2025,52,2,B52
2025-07-01,2025-07-01,5.0,LOWEST,1,Yobe,North East,7612,FALSE,Yobe,1,LPG_July_2025.zip,GAS_PRICE_WATCH_JULY_2025.xlsx,LPG_JULY_2025,55,2,B55
2025-07-01,2025-07-01,5.0,LOWEST,2,Niger,North Central,7661.996546804559,FALSE,Niger,1,LPG_July_2025.zip,GAS_PRICE_WATCH_JULY_2025.xlsx,LPG_JULY_2025,56,2,B56
2025-07-01,2025-07-01,5.0,LOWEST,3,Nasarawa,North Central,8000.248145411279,FALSE,Nasarawa,1,LPG_July_2025.zip,GAS_PRICE_WATCH_JULY_2025.xlsx,LPG_JULY_2025,57,2,B57
2025-07-01,2025-07-01,12.5,HIGHEST,1,Adamawa,North East,22528.3912934833,FALSE,Adamawa,1,LPG_July_2025.zip,GAS_PRICE_WATCH_JULY_2025.xlsx,LPG_JULY_2025,50,10,J50
2025-07-01,2025-07-01,12.5,HIGHEST,2,Rivers,South South,22512.49493483,FALSE,Rivers,1,LPG_July_2025.zip,GAS_PRICE_WATCH_JULY_2025.xlsx,LPG_JULY_2025,51,10,J51
2025-07-01,2025-07-01,12.5,HIGHEST,3,Taraba,North East,22363.5734495313,FALSE,Taraba,1,LPG_July_2025.zip,GAS_PRICE_WATCH_JULY_2025.xlsx,LPG_JULY_2025,52,10,J52
2025-07-01,2025-07-01,12.5,LOWEST,1,Yobe,North East,19030,FALSE,Yobe,1,LPG_July_2025.zip,GAS_PRICE_WATCH_JULY_2025.xlsx,LPG_JULY_2025,55,10,J55
2025-07-01,2025-07-01,12.5,LOWEST,2,Niger,North Central,19154.9913670114,FALSE,Niger,1,LPG_July_2025.zip,GAS_PRICE_WATCH_JULY_2025.xlsx,LPG_JULY_2025,56,10,J56
2025-07-01,2025-07-01,12.5,LOWEST,3,Nasarawa,North Central,20000.6203635282,FALSE,Nasarawa,1,LPG_July_2025.zip,GAS_PRICE_WATCH_JULY_2025.xlsx,LPG_JULY_2025,57,10,J57
2025-08-01,2025-08-01,5.0,HIGHEST,1,Katsina,North West,6945.214285714286,FALSE,Katsina,1,LPG_AUGUST_2025.zip,GAS_PRICE_WATCH_AUGUST_2025___.xlsx,LPG AUGUST 2025,50,2,B50
2025-08-01,2025-08-01,5.0,HIGHEST,2,Taraba,North East,6893.11822222224,FALSE,Taraba,1,LPG_AUGUST_2025.zip,GAS_PRICE_WATCH_AUGUST_2025___.xlsx,LPG AUGUST 2025,51,2,B51
2025-08-01,2025-08-01,5.0,HIGHEST,3,Rivers,South South,6886.49257142856,FALSE,Rivers,1,LPG_AUGUST_2025.zip,GAS_PRICE_WATCH_AUGUST_2025___.xlsx,LPG AUGUST 2025,52,2,B52
2025-08-01,2025-08-01,5.0,LOWEST,1,Delta,South South,5657.5,FALSE,Delta,1,LPG_AUGUST_2025.zip,GAS_PRICE_WATCH_AUGUST_2025___.xlsx,LPG AUGUST 2025,55,2,B55
2025-08-01,2025-08-01,5.0,LOWEST,2,Bauchi,North East,5721.75,FALSE,Bauchi,1,LPG_AUGUST_2025.zip,GAS_PRICE_WATCH_AUGUST_2025___.xlsx,LPG AUGUST 2025,56,2,B56
2025-08-01,2025-08-01,5.0,LOWEST,3,Borno,North East,6070.5560000000005,FALSE,Borno,1,LPG_AUGUST_2025.zip,GAS_PRICE_WATCH_AUGUST_2025___.xlsx,LPG AUGUST 2025,57,2,B57
2025-08-01,2025-08-01,12.5,HIGHEST,1,Yobe,North East,16887.42,FALSE,Yobe,1,LPG_AUGUST_2025.zip,GAS_PRICE_WATCH_AUGUST_2025___.xlsx,LPG AUGUST 2025,50,10,J50
2025-08-01,2025-08-01,12.5,HIGHEST,2,Adamawa,North East,16872.4,FALSE,Adamawa,1,LPG_AUGUST_2025.zip,GAS_PRICE_WATCH_AUGUST_2025___.xlsx,LPG AUGUST 2025,51,10,J51
2025-08-01,2025-08-01,12.5,HIGHEST,3,Ebonyi,South East,16859.1666666667,FALSE,Ebonyi,1,LPG_AUGUST_2025.zip,GAS_PRICE_WATCH_AUGUST_2025___.xlsx,LPG AUGUST 2025,52,10,J52
2025-08-01,2025-08-01,12.5,LOWEST,1,Benue,North Central,15102.5,FALSE,Benue,1,LPG_AUGUST_2025.zip,GAS_PRICE_WATCH_AUGUST_2025___.xlsx,LPG AUGUST 2025,55,10,J55
2025-08-01,2025-08-01,12.5,LOWEST,2,Borno,North East,15176.39,FALSE,Borno,1,LPG_AUGUST_2025.zip,GAS_PRICE_WATCH_AUGUST_2025___.xlsx,LPG AUGUST 2025,56,10,J56
2025-08-01,2025-08-01,12.5,LOWEST,3,Imo,South East,15177.578,FALSE,Imo,1,LPG_AUGUST_2025.zip,GAS_PRICE_WATCH_AUGUST_2025___.xlsx,LPG AUGUST 2025,57,10,J57
2025-09-01,2025-09-01,5.0,HIGHEST,1,Katsina,North West,6950.063408,FALSE,Katsina,1,LPG_Report_Sept_2025.zip,GAS_PRICE_WATCH_SEPTEMBER_2025.xlsx,LPG_SEPTEMBER_2025,50,2,B50
2025-09-01,2025-09-01,5.0,HIGHEST,2,Taraba,North East,6895.28490666667,FALSE,Taraba,1,LPG_Report_Sept_2025.zip,GAS_PRICE_WATCH_SEPTEMBER_2025.xlsx,LPG_SEPTEMBER_2025,51,2,B51
2025-09-01,2025-09-01,5.0,HIGHEST,3,Osun,South West,6873.1866666666665,FALSE,Osun,1,LPG_Report_Sept_2025.zip,GAS_PRICE_WATCH_SEPTEMBER_2025.xlsx,LPG_SEPTEMBER_2025,52,2,B52
2025-09-01,2025-09-01,5.0,LOWEST,1,Bauchi,North East,5539.315,FALSE,Bauchi,1,LPG_Report_Sept_2025.zip,GAS_PRICE_WATCH_SEPTEMBER_2025.xlsx,LPG_SEPTEMBER_2025,55,2,B55
2025-09-01,2025-09-01,5.0,LOWEST,2,Delta,South South,5781.85527272727,FALSE,Delta,1,LPG_Report_Sept_2025.zip,GAS_PRICE_WATCH_SEPTEMBER_2025.xlsx,LPG_SEPTEMBER_2025,56,2,B56
2025-09-01,2025-09-01,5.0,LOWEST,3,Benue,North Central,6048.1587500000005,FALSE,Benue,1,LPG_Report_Sept_2025.zip,GAS_PRICE_WATCH_SEPTEMBER_2025.xlsx,LPG_SEPTEMBER_2025,57,2,B57
2025-09-01,2025-09-01,12.5,HIGHEST,1,Ebonyi,South East,16854.1142857143,FALSE,Ebonyi,1,LPG_Report_Sept_2025.zip,GAS_PRICE_WATCH_SEPTEMBER_2025.xlsx,LPG_SEPTEMBER_2025,50,10,J50
2025-09-01,2025-09-01,12.5,HIGHEST,2,Abuja,North Central,16785.847775,FALSE,Abuja,1,LPG_Report_Sept_2025.zip,GAS_PRICE_WATCH_SEPTEMBER_2025.xlsx,LPG_SEPTEMBER_2025,51,10,J51
2025-09-01,2025-09-01,12.5,HIGHEST,3,Zamfara,North West,16781.58625,FALSE,Zamfara,1,LPG_Report_Sept_2025.zip,GAS_PRICE_WATCH_SEPTEMBER_2025.xlsx,LPG_SEPTEMBER_2025,52,10,J52
2025-09-01,2025-09-01,12.5,LOWEST,1,Imo,South East,15042.8333333333,FALSE,Imo,1,LPG_Report_Sept_2025.zip,GAS_PRICE_WATCH_SEPTEMBER_2025.xlsx,LPG_SEPTEMBER_2025,55,10,J55
2025-09-01,2025-09-01,12.5,LOWEST,2,Benue,North Central,15120.396875,FALSE,Benue,1,LPG_Report_Sept_2025.zip,GAS_PRICE_WATCH_SEPTEMBER_2025.xlsx,LPG_SEPTEMBER_2025,56,10,J56
2025-09-01,2025-09-01,12.5,LOWEST,3,Borno,North East,15179.75,FALSE,Borno,1,LPG_Report_Sept_2025.zip,GAS_PRICE_WATCH_SEPTEMBER_2025.xlsx,LPG_SEPTEMBER_2025,57,10,J57
2025-10-01,2025-10-01,5.0,HIGHEST,1,Borno,North East,8376.442819148935,FALSE,Borno,1,LPG_Report_OCT_25.zip,GAS PRICE WATCH OCTOBER 2025.xlsx,LPG OCTOBER_2025,50,2,B50
2025-10-01,2025-10-01,5.0,HIGHEST,2,Yobe,North East,8357.983924349894,FALSE,Yobe,1,LPG_Report_OCT_25.zip,GAS PRICE WATCH OCTOBER 2025.xlsx,LPG OCTOBER_2025,51,2,B51
2025-10-01,2025-10-01,5.0,HIGHEST,3,Ondo,South West,8340.29964539007,FALSE,Ondo,1,LPG_Report_OCT_25.zip,GAS PRICE WATCH OCTOBER 2025.xlsx,LPG OCTOBER_2025,52,2,B52
2025-10-01,2025-10-01,5.0,LOWEST,1,Bauchi,North East,7051.5445035461,FALSE,Bauchi,1,LPG_Report_OCT_25.zip,GAS PRICE WATCH OCTOBER 2025.xlsx,LPG OCTOBER_2025,55,2,B55
2025-10-01,2025-10-01,5.0,LOWEST,2,Ebonyi,South East,7744.994402228972,FALSE,Ebonyi,1,LPG_Report_OCT_25.zip,GAS PRICE WATCH OCTOBER 2025.xlsx,LPG OCTOBER_2025,56,2,B56
2025-10-01,2025-10-01,5.0,LOWEST,3,Akwa Ibom,South South,7806.309701114504,FALSE,Akwa Ibom,1,LPG_Report_OCT_25.zip,GAS PRICE WATCH OCTOBER 2025.xlsx,LPG OCTOBER_2025,57,2,B57
2025-10-01,2025-10-01,12.5,HIGHEST,1,Borno,North East,19391.56875,FALSE,Borno,1,LPG_Report_OCT_25.zip,GAS PRICE WATCH OCTOBER 2025.xlsx,LPG OCTOBER_2025,50,10,J50
2025-10-01,2025-10-01,12.5,HIGHEST,2,Yobe,North East,19339.5146666667,FALSE,Yobe,1,LPG_Report_OCT_25.zip,GAS PRICE WATCH OCTOBER 2025.xlsx,LPG OCTOBER_2025,51,10,J51
2025-10-01,2025-10-01,12.5,HIGHEST,3,Ondo,South West,19289.645,FALSE,Ondo,1,LPG_Report_OCT_25.zip,GAS PRICE WATCH OCTOBER 2025.xlsx,LPG OCTOBER_2025,52,10,J52
2025-10-01,2025-10-01,12.5,LOWEST,1,Ebonyi,South East,17610.8842142857,FALSE,Ebonyi,1,LPG_Report_OCT_25.zip,GAS PRICE WATCH OCTOBER 2025.xlsx,LPG OCTOBER_2025,55,10,J55
2025-10-01,2025-10-01,12.5,LOWEST,2,Akwa Ibom,South South,17783.7933571429,FALSE,Akwa Ibom,1,LPG_Report_OCT_25.zip,GAS PRICE WATCH OCTOBER 2025.xlsx,LPG OCTOBER_2025,56,10,J56
2025-10-01,2025-10-01,12.5,LOWEST,3,Anambra,South East,17787.4092857143,FALSE,Anambra,1,LPG_Report_OCT_25.zip,GAS PRICE WATCH OCTOBER 2025.xlsx,LPG OCTOBER_2025,57,10,J57
2025-11-01,2025-11-01,5.0,HIGHEST,1,Jigawa,North West,5863.724540499999,FALSE,Jigawa,1,LPG_Nov_Dec_2025.zip,GAS PRICE WATCH NOVEMBER 2025__.xlsx,LPG NOVEMBER 2025,50,2,B50
2025-11-01,2025-11-01,5.0,HIGHEST,2,Osun,South West,5811.9881940000005,FALSE,Osun,1,LPG_Nov_Dec_2025.zip,GAS PRICE WATCH NOVEMBER 2025__.xlsx,LPG NOVEMBER 2025,51,2,B51
2025-11-01,2025-11-01,5.0,HIGHEST,3,Delta,South South,5783.964652727281,FALSE,Delta,1,LPG_Nov_Dec_2025.zip,GAS PRICE WATCH NOVEMBER 2025__.xlsx,LPG NOVEMBER 2025,52,2,B52
2025-11-01,2025-11-01,5.0,LOWEST,1,Edo,South South,5014.4282220000005,FALSE,Edo,1,LPG_Nov_Dec_2025.zip,GAS PRICE WATCH NOVEMBER 2025__.xlsx,LPG NOVEMBER 2025,55,2,B55
2025-11-01,2025-11-01,5.0,LOWEST,2,Katsina,North West,5027.8644608,FALSE,Katsina,1,LPG_Nov_Dec_2025.zip,GAS PRICE WATCH NOVEMBER 2025__.xlsx,LPG NOVEMBER 2025,56,2,B56
2025-11-01,2025-11-01,5.0,LOWEST,3,Bauchi,North East,5043.4521540000005,FALSE,Bauchi,1,LPG_Nov_Dec_2025.zip,GAS PRICE WATCH NOVEMBER 2025__.xlsx,LPG NOVEMBER 2025,57,2,B57
2025-11-01,2025-11-01,12.5,HIGHEST,1,Ondo,South West,14989.92015,FALSE,Ondo,1,LPG_Nov_Dec_2025.zip,GAS PRICE WATCH NOVEMBER 2025__.xlsx,LPG NOVEMBER 2025,50,10,J50
2025-11-01,2025-11-01,12.5,HIGHEST,2,Jigawa,North West,14659.31135125,FALSE,Jigawa,1,LPG_Nov_Dec_2025.zip,GAS PRICE WATCH NOVEMBER 2025__.xlsx,LPG NOVEMBER 2025,51,10,J51
2025-11-01,2025-11-01,12.5,HIGHEST,3,Osun,South West,14529.970485,FALSE,Osun,1,LPG_Nov_Dec_2025.zip,GAS PRICE WATCH NOVEMBER 2025__.xlsx,LPG NOVEMBER 2025,52,10,J52
2025-11-01,2025-11-01,12.5,LOWEST,1,Gombe,North East,12175.0864266667,FALSE,Gombe,1,LPG_Nov_Dec_2025.zip,GAS PRICE WATCH NOVEMBER 2025__.xlsx,LPG NOVEMBER 2025,55,10,J55
2025-11-01,2025-11-01,12.5,LOWEST,2,Katsina,North West,12319.661152,FALSE,Katsina,1,LPG_Nov_Dec_2025.zip,GAS PRICE WATCH NOVEMBER 2025__.xlsx,LPG NOVEMBER 2025,56,10,J56
2025-11-01,2025-11-01,12.5,LOWEST,3,Edo,South South,12536.070555,FALSE,Edo,1,LPG_Nov_Dec_2025.zip,GAS PRICE WATCH NOVEMBER 2025__.xlsx,LPG NOVEMBER 2025,57,10,J57
2025-12-01,2025-12-01,5.0,HIGHEST,1,Kaduna,North West,5838.660063339999,FALSE,Kaduna,1,LPG_Nov_Dec_2025.zip,GAS PRICE WATCH DECEMBER 2025_.xlsx,LPG DECEMBER 2025,50,2,B50
2025-12-01,2025-12-01,5.0,HIGHEST,2,Jigawa,North West,5825.08562048,FALSE,Jigawa,1,LPG_Nov_Dec_2025.zip,GAS PRICE WATCH DECEMBER 2025_.xlsx,LPG DECEMBER 2025,51,2,B51
2025-12-01,2025-12-01,5.0,HIGHEST,3,Osun,South West,5777.801902786679,FALSE,Osun,1,LPG_Nov_Dec_2025.zip,GAS PRICE WATCH DECEMBER 2025_.xlsx,LPG DECEMBER 2025,52,2,B52
2025-12-01,2025-12-01,5.0,LOWEST,1,Katsina,North West,4855.795217376,FALSE,Katsina,1,LPG_Nov_Dec_2025.zip,GAS PRICE WATCH DECEMBER 2025_.xlsx,LPG DECEMBER 2025,55,2,B55
2025-12-01,2025-12-01,5.0,LOWEST,2,Gombe,North East,4885.63520471776,FALSE,Gombe,1,LPG_Nov_Dec_2025.zip,GAS PRICE WATCH DECEMBER 2025_.xlsx,LPG DECEMBER 2025,56,2,B56
2025-12-01,2025-12-01,5.0,LOWEST,3,Cross River,South South,4890.99888909,FALSE,Cross River,1,LPG_Nov_Dec_2025.zip,GAS PRICE WATCH DECEMBER 2025_.xlsx,LPG DECEMBER 2025,57,2,B57
2025-12-01,2025-12-01,12.5,HIGHEST,1,Abia,South East,14489.958305975,FALSE,Abia,1,LPG_Nov_Dec_2025.zip,GAS PRICE WATCH DECEMBER 2025_.xlsx,LPG DECEMBER 2025,50,10,J50
2025-12-01,2025-12-01,12.5,HIGHEST,2,Osun,South West,14444.5047569667,FALSE,Osun,1,LPG_Nov_Dec_2025.zip,GAS PRICE WATCH DECEMBER 2025_.xlsx,LPG DECEMBER 2025,51,10,J51
2025-12-01,2025-12-01,12.5,HIGHEST,3,Delta,South South,14393.1657488864,FALSE,Delta,1,LPG_Nov_Dec_2025.zip,GAS PRICE WATCH DECEMBER 2025_.xlsx,LPG DECEMBER 2025,52,10,J52
2025-12-01,2025-12-01,12.5,LOWEST,1,Katsina,North West,12139.48804344,FALSE,Katsina,1,LPG_Nov_Dec_2025.zip,GAS PRICE WATCH DECEMBER 2025_.xlsx,LPG DECEMBER 2025,55,10,J55
2025-12-01,2025-12-01,12.5,LOWEST,2,Gombe,North East,12214.0880117944,FALSE,Gombe,1,LPG_Nov_Dec_2025.zip,GAS PRICE WATCH DECEMBER 2025_.xlsx,LPG DECEMBER 2025,56,10,J56
2025-12-01,2025-12-01,12.5,LOWEST,3,Edo,South South,12262.525538625,FALSE,Edo,1,LPG_Nov_Dec_2025.zip,GAS PRICE WATCH DECEMBER 2025_.xlsx,LPG DECEMBER 2025,57,10,J57
2026-01-01,2026-01-01,5.0,HIGHEST,1,Jigawa,North West,5892.875,FALSE,Jigawa,1,LPG_Report_Report_Jan2026.zip,GAS PRICE WATCH JANUARY 2026_table.xlsx,LPG JANUARY 2026,50,2,B50
2026-01-01,2026-01-01,5.0,HIGHEST,2,Abia,South East,5829.174219937359,FALSE,Abia,1,LPG_Report_Report_Jan2026.zip,GAS PRICE WATCH JANUARY 2026_table.xlsx,LPG JANUARY 2026,51,2,B51
2026-01-01,2026-01-01,5.0,HIGHEST,3,Akwa Ibom,South South,5789.8493313748795,FALSE,Akwa Ibom,1,LPG_Report_Report_Jan2026.zip,GAS PRICE WATCH JANUARY 2026_table.xlsx,LPG JANUARY 2026,52,2,B52
2026-01-01,2026-01-01,5.0,LOWEST,1,Bayelsa,South South,4891.86561906532,FALSE,Bayelsa,1,LPG_Report_Report_Jan2026.zip,GAS PRICE WATCH JANUARY 2026_table.xlsx,LPG JANUARY 2026,54,2,B54
2026-01-01,2026-01-01,5.0,LOWEST,2,Sokoto,North West,5008.360000000001,FALSE,Sokoto,1,LPG_Report_Report_Jan2026.zip,GAS PRICE WATCH JANUARY 2026_table.xlsx,LPG JANUARY 2026,55,2,B55
2026-01-01,2026-01-01,5.0,LOWEST,3,Katsina,North West,5013.8,FALSE,Katsina,1,LPG_Report_Report_Jan2026.zip,GAS PRICE WATCH JANUARY 2026_table.xlsx,LPG JANUARY 2026,56,2,B56
2026-01-01,2026-01-01,12.5,HIGHEST,1,Jigawa,North West,14732.1875,FALSE,Jigawa,1,LPG_Report_Report_Jan2026.zip,GAS PRICE WATCH JANUARY 2026_table.xlsx,LPG JANUARY 2026,50,10,J50
2026-01-01,2026-01-01,12.5,HIGHEST,2,Abia,South East,14572.9355498434,FALSE,Abia,1,LPG_Report_Report_Jan2026.zip,GAS PRICE WATCH JANUARY 2026_table.xlsx,LPG JANUARY 2026,51,10,J51
2026-01-01,2026-01-01,12.5,HIGHEST,3,Akwa Ibom,South South,14474.6233284372,FALSE,Akwa Ibom,1,LPG_Report_Report_Jan2026.zip,GAS PRICE WATCH JANUARY 2026_table.xlsx,LPG JANUARY 2026,52,10,J52
2026-01-01,2026-01-01,12.5,LOWEST,1,Bayelsa,South South,12229.6640476633,FALSE,Bayelsa,1,LPG_Report_Report_Jan2026.zip,GAS PRICE WATCH JANUARY 2026_table.xlsx,LPG JANUARY 2026,54,10,J54
2026-01-01,2026-01-01,12.5,LOWEST,2,Bauchi,North East,12385,FALSE,Bauchi,1,LPG_Report_Report_Jan2026.zip,GAS PRICE WATCH JANUARY 2026_table.xlsx,LPG JANUARY 2026,55,10,J55
2026-01-01,2026-01-01,12.5,LOWEST,3,Sokoto,North West,12520.9,FALSE,Sokoto,1,LPG_Report_Report_Jan2026.zip,GAS PRICE WATCH JANUARY 2026_table.xlsx,LPG JANUARY 2026,56,10,J56
2026-02-01,2026-02-01,5.0,HIGHEST,1,Jigawa,North West,7621.27,FALSE,Jigawa,1,LPG_Report_Feb-March_2026.zip,GAS PRICE WATCH FEBRUARY 2026_table.xlsx,LPG FEBRUARY 2026,49,4,D49
2026-02-01,2026-02-01,5.0,HIGHEST,2,Kaduna,North West,7542.1,FALSE,Kaduna,1,LPG_Report_Feb-March_2026.zip,GAS PRICE WATCH FEBRUARY 2026_table.xlsx,LPG FEBRUARY 2026,50,4,D50
2026-02-01,2026-02-01,5.0,HIGHEST,3,Enugu,South East,7349.12,FALSE,Enugu,1,LPG_Report_Feb-March_2026.zip,GAS PRICE WATCH FEBRUARY 2026_table.xlsx,LPG FEBRUARY 2026,51,4,D51
2026-02-01,2026-02-01,5.0,LOWEST,1,Edo,South South,5854,FALSE,Edo,1,LPG_Report_Feb-March_2026.zip,GAS PRICE WATCH FEBRUARY 2026_table.xlsx,LPG FEBRUARY 2026,54,4,D54
2026-02-01,2026-02-01,5.0,LOWEST,2,Bayelsa,South South,5954.59,FALSE,Bayelsa,1,LPG_Report_Feb-March_2026.zip,GAS PRICE WATCH FEBRUARY 2026_table.xlsx,LPG FEBRUARY 2026,55,4,D55
2026-02-01,2026-02-01,5.0,LOWEST,3,Cross River,South South,6289.7,FALSE,Cross River,1,LPG_Report_Feb-March_2026.zip,GAS PRICE WATCH FEBRUARY 2026_table.xlsx,LPG FEBRUARY 2026,56,4,D56
2026-02-01,2026-02-01,12.5,HIGHEST,1,Jigawa,North West,19053.17,FALSE,Jigawa,1,LPG_Report_Feb-March_2026.zip,GAS PRICE WATCH FEBRUARY 2026_table.xlsx,LPG FEBRUARY 2026,49,12,L49
2026-02-01,2026-02-01,12.5,HIGHEST,2,Kaduna,North West,18855.25,FALSE,Kaduna,1,LPG_Report_Feb-March_2026.zip,GAS PRICE WATCH FEBRUARY 2026_table.xlsx,LPG FEBRUARY 2026,50,12,L50
2026-02-01,2026-02-01,12.5,HIGHEST,3,Enugu,South East,18372.79,FALSE,Enugu,1,LPG_Report_Feb-March_2026.zip,GAS PRICE WATCH FEBRUARY 2026_table.xlsx,LPG FEBRUARY 2026,51,12,L51
2026-02-01,2026-02-01,12.5,LOWEST,1,Edo,South South,14635,FALSE,Edo,1,LPG_Report_Feb-March_2026.zip,GAS PRICE WATCH FEBRUARY 2026_table.xlsx,LPG FEBRUARY 2026,54,12,L54
2026-02-01,2026-02-01,12.5,LOWEST,2,Bayelsa,South South,14886.48,FALSE,Bayelsa,1,LPG_Report_Feb-March_2026.zip,GAS PRICE WATCH FEBRUARY 2026_table.xlsx,LPG FEBRUARY 2026,55,12,L55
2026-02-01,2026-02-01,12.5,LOWEST,3,Cross River,South South,15724.26,FALSE,Cross River,1,LPG_Report_Feb-March_2026.zip,GAS PRICE WATCH FEBRUARY 2026_table.xlsx,LPG FEBRUARY 2026,56,12,L56
2026-03-01,2026-03-01,5.0,HIGHEST,1,Kaduna,North West,9212.20886447999,FALSE,Kaduna,1,LPG_Report_Feb-March_2026.zip,GAS Price Watch March_2026_table.xlsx,Sheet1,49,4,D49
2026-03-01,2026-03-01,5.0,HIGHEST,2,Lagos,South West,8909.73073429708,FALSE,Lagos,1,LPG_Report_Feb-March_2026.zip,GAS Price Watch March_2026_table.xlsx,Sheet1,50,4,D50
2026-03-01,2026-03-01,5.0,HIGHEST,3,Taraba,North East,8802.77836523266,FALSE,Taraba,1,LPG_Report_Feb-March_2026.zip,GAS Price Watch March_2026_table.xlsx,Sheet1,51,4,D51
2026-03-01,2026-03-01,5.0,LOWEST,1,Bauchi,North East,6295.40119291,FALSE,Bauchi,1,LPG_Report_Feb-March_2026.zip,GAS Price Watch March_2026_table.xlsx,Sheet1,54,4,D54
2026-03-01,2026-03-01,5.0,LOWEST,2,Osun,South West,6457.35288010168,FALSE,Osun,1,LPG_Report_Feb-March_2026.zip,GAS Price Watch March_2026_table.xlsx,Sheet1,55,4,D55
2026-03-01,2026-03-01,5.0,LOWEST,3,Ondo,South West,6598.09835961209,FALSE,Ondo,1,LPG_Report_Feb-March_2026.zip,GAS Price Watch March_2026_table.xlsx,Sheet1,56,4,D56
2026-03-01,2026-03-01,12.5,HIGHEST,1,Nasarawa,North Central,23418.1170690619,FALSE,Nasarawa,1,LPG_Report_Feb-March_2026.zip,GAS Price Watch March_2026_table.xlsx,Sheet1,49,12,L49
2026-03-01,2026-03-01,12.5,HIGHEST,2,Kaduna,North West,23030.5221612,FALSE,Kaduna,1,LPG_Report_Feb-March_2026.zip,GAS Price Watch March_2026_table.xlsx,Sheet1,50,12,L50
2026-03-01,2026-03-01,12.5,HIGHEST,3,Akwa Ibom,South South,22816.7420956204,FALSE,Akwa Ibom,1,LPG_Report_Feb-March_2026.zip,GAS Price Watch March_2026_table.xlsx,Sheet1,51,12,L51
2026-03-01,2026-03-01,12.5,LOWEST,1,Bauchi,North East,15738.502982275,FALSE,Bauchi,1,LPG_Report_Feb-March_2026.zip,GAS Price Watch March_2026_table.xlsx,Sheet1,54,12,L54
2026-03-01,2026-03-01,12.5,LOWEST,2,Osun,South West,16143.3822002542,FALSE,Osun,1,LPG_Report_Feb-March_2026.zip,GAS Price Watch March_2026_table.xlsx,Sheet1,55,12,L55
2026-03-01,2026-03-01,12.5,LOWEST,3,Ondo,South West,16495.2458990302,FALSE,Ondo,1,LPG_Report_Feb-March_2026.zip,GAS Price Watch March_2026_table.xlsx,Sheet1,56,12,L56
2026-04-01,2026-04-01,5.0,HIGHEST,1,Lagos,South West,9745.101279450946,FALSE,Lagos,1,LPG_Report_APR26.zip,GAS PRICE WATCH APRIL 2026_table.xlsx,Sheet1,49,4,D49
2026-04-01,2026-04-01,5.0,HIGHEST,2,Nasarawa,North Central,9451.703936309907,FALSE,Nasarawa,1,LPG_Report_APR26.zip,GAS PRICE WATCH APRIL 2026_table.xlsx,Sheet1,50,4,D50
2026-04-01,2026-04-01,5.0,HIGHEST,3,Bayelsa,South South,9422.736866105772,FALSE,Bayelsa,1,LPG_Report_APR26.zip,GAS PRICE WATCH APRIL 2026_table.xlsx,Sheet1,51,4,D51
2026-04-01,2026-04-01,5.0,LOWEST,1,Anambra,South East,7204.75860460206,FALSE,Anambra,1,LPG_Report_APR26.zip,GAS PRICE WATCH APRIL 2026_table.xlsx,Sheet1,54,4,D54
2026-04-01,2026-04-01,5.0,LOWEST,2,Ondo,South West,7239.4902033099,FALSE,Ondo,1,LPG_Report_APR26.zip,GAS PRICE WATCH APRIL 2026_table.xlsx,Sheet1,55,4,D55
2026-04-01,2026-04-01,5.0,LOWEST,3,Ogun,South West,7825.745145043221,FALSE,Ogun,1,LPG_Report_APR26.zip,GAS PRICE WATCH APRIL 2026_table.xlsx,Sheet1,56,4,D56
2026-04-01,2026-04-01,12.5,HIGHEST,1,Katsina,North West,25596.71260873459,FALSE,Katsina,1,LPG_Report_APR26.zip,GAS PRICE WATCH APRIL 2026_table.xlsx,Sheet1,49,12,L49
2026-04-01,2026-04-01,12.5,HIGHEST,2,Kogi,North Central,24558.248782257942,FALSE,Kogi,1,LPG_Report_APR26.zip,GAS PRICE WATCH APRIL 2026_table.xlsx,Sheet1,50,12,L50
2026-04-01,2026-04-01,12.5,HIGHEST,3,Gombe,North East,24438.969210722225,FALSE,Gombe,1,LPG_Report_APR26.zip,GAS PRICE WATCH APRIL 2026_table.xlsx,Sheet1,51,12,L51
2026-04-01,2026-04-01,12.5,LOWEST,1,Ogun,South West,19564.362862608054,FALSE,Ogun,1,LPG_Report_APR26.zip,GAS PRICE WATCH APRIL 2026_table.xlsx,Sheet1,54,12,L54
2026-04-01,2026-04-01,12.5,LOWEST,2,Bauchi,North East,20178.8694051415,FALSE,Bauchi,1,LPG_Report_APR26.zip,GAS PRICE WATCH APRIL 2026_table.xlsx,Sheet1,55,12,L55
2026-04-01,2026-04-01,12.5,LOWEST,3,Anambra,South East,20511.89651150515,FALSE,Anambra,1,LPG_Report_APR26.zip,GAS PRICE WATCH APRIL 2026_table.xlsx,Sheet1,56,12,L56
